date,actual,ols_pred,rf_pred
2024-12-27,0.0386946115887469,0.03441510309024329,0.035546999632074784
2024-12-27,0.0244142578467987,0.01609197085243959,0.025455556903807103
2024-12-27,0.0745863935195354,0.04554660747780061,0.056396682646557304
2024-12-28,0.0013339285485413,-0.008651282783056019,0.001053485076726993
2024-12-28,0.0476738356327687,0.03818417901819257,0.038220076834273656
2024-12-28,0.0379503888056194,0.0409964023241606,0.03926538344091632
2024-12-28,0.036529197915949,0.03605027929771838,0.03436432229585972
2024-12-28,0.1343592763065075,0.05235406964383919,0.12323313488319813
2024-12-28,0.0010578500720139,-0.012245353300356171,0.0010587944308768343
2024-12-28,0.0340412370819371,0.03453808333291816,0.037675993470949465
2024-12-28,0.0232465118086875,0.015908810191365804,0.02519982013541872
2024-12-28,0.0743500688802814,0.045208988200922035,0.05626053375625604
2024-12-29,0.0484703363261772,0.03800402164521623,0.03495383456756022
2024-12-29,0.039844245100802,0.04097165633510812,0.03711013785624008
2024-12-29,0.1343770738282204,0.05221351724308476,0.12212008761824657
2024-12-29,0.0013358781086289,-0.008745149116242967,0.0010351497155720764
2024-12-29,0.023305052137955,0.015428403978352361,0.025026678415397425
2024-12-29,0.0741806263730944,0.044947758814299715,0.04984479925842105
2024-12-29,0.034075879174242,0.03412997546322216,0.03747848554784044
2024-12-29,0.0372157025586345,0.035706915910299494,0.03419922576471286
2024-12-29,0.0010490399388481,-0.012379710391761847,0.001059756287139076
2024-12-30,0.0232039331393947,0.016103307529546116,0.024720830893763698
2024-12-30,0.0340991846736528,0.03444646811183892,0.036891409357964276
2024-12-30,0.0010425837088498,-0.011767376285818879,0.0010120505064804193
2024-12-30,0.068738361911977,0.04566500906007022,0.05546988585396281
2024-12-30,0.0013335450407673,-0.008107905133238114,0.0009289562650453905
2024-12-30,0.0395233697270102,0.041464861156951624,0.036593668540396085
2024-12-30,0.1343901192685275,0.052521365734057565,0.12192863689988202
2024-12-30,0.0470309611257234,0.0384441031042632,0.03507965217640199
2024-12-30,0.0379275929630761,0.03571829661982794,0.03375595849466857
2024-12-31,0.0470401964594034,0.03876605413314492,0.040495493515184514
2024-12-31,0.001333883047004,-0.007686273175071562,0.0009607557358556403
2024-12-31,0.134465014663345,0.052749992392258346,0.12189593576507993
2024-12-31,0.039485504085162,0.04192533882724628,0.0384930425108253
2024-12-31,0.0379732621445844,0.03608904568060818,0.03400229220835192
2024-12-31,0.0010425817296505,-0.011213444356097758,0.001007031168328796
2024-12-31,0.0335370891208957,0.034339943094120584,0.03534793582717029
2024-12-31,0.0232231944724505,0.016826216758432034,0.02561795670860856
2024-12-31,0.0677555221627652,0.045520251842760734,0.053972177138618904
2025-01-01,0.0460567519169011,0.037767756261786495,0.0378229361774186
2025-01-01,0.1344646821038498,0.05188229221208125,0.12160070917998385
2025-01-01,0.0394754450223536,0.04108649636542869,0.038483721786937555
2025-01-01,0.0013304578777942,-0.008709340279215917,0.000946974095122147
2025-01-01,0.0379817238634565,0.03526018340766724,0.03447950862321379
2025-01-01,0.001043010459,-0.012037338463071923,0.0010086010127678539
2025-01-01,0.0335381105895875,0.03352398046480291,0.035270652211796275
2025-01-01,0.0232416902119421,0.015678941286965137,0.025251832189010955
2025-01-01,0.0604538771565666,0.044314585847117574,0.04740231132201547
2025-01-02,0.046187520620405,0.037949784754863713,0.032118007869649565
2025-01-02,0.1340835688616098,0.05185620237242569,0.10780191613396857
2025-01-02,0.0389104704844047,0.04128852109726591,0.036177293037179925
2025-01-02,0.0013303063990568,-0.008658307150219258,0.0009378817873663416
2025-01-02,0.0010473160661923,-0.011694463050213766,0.0010033375147158372
2025-01-02,0.0551642490722456,0.04144057942590254,0.042282354591800166
2025-01-02,0.0334541518130065,0.033644011533495013,0.03414718285876454
2025-01-02,0.023165789012454,0.015511851180237086,0.023935635101390948
2025-01-02,0.0378736906111421,0.03550309880036224,0.03025993913455463
2025-01-03,0.0469205281354351,0.03771396024193602,0.044453193709882634
2025-01-03,0.0622647978042285,0.04924642103003371,0.03910471320859353
2025-01-03,0.040479691862079,0.04068707169578174,0.03977851939509082
2025-01-03,0.001325855590701,-0.008685754467084868,0.0010415939305963163
2025-01-03,0.0286321724855658,0.03296335380580397,0.031175179694848176
2025-01-03,0.0010785421178884,-0.01220613033648988,0.0010545978526613022
2025-01-03,0.0339554969905328,0.0335661143397326,0.03555517532174464
2025-01-03,0.0236572276554829,0.015281652545301252,0.025492424333832513
2025-01-03,0.0544119491654706,0.04091069416262741,0.04384987016978477
2025-01-04,0.0507649832341119,0.038201101930374154,0.05303321449077169
2025-01-04,0.046687108681229,0.042361227008272564,0.03204182158721309
2025-01-04,0.0412686156432432,0.03922195979789386,0.03908189349706459
2025-01-04,0.0013282033613352,-0.00920472056996044,0.0010437548351624978
2025-01-04,0.0010862047253637,-0.012980742558950487,0.0010610500068570841
2025-01-04,0.0527183855408175,0.038314734148231194,0.04138968972288765
2025-01-04,0.033253539261121,0.03324756497488704,0.03620175423345509
2025-01-04,0.0231450429470642,0.014533557500878268,0.025077166318781364
2025-01-04,0.0287041577620745,0.032007069428318644,0.031265355254392585
2025-01-05,0.0513996397573126,0.03480592622835227,0.050290684437970475
2025-01-05,0.0229263033944085,0.011049311351609168,0.024945398563056147
2025-01-05,0.0333584019199812,0.029811438258580004,0.036154327830431175
2025-01-05,0.0010777228358017,-0.016798006137482252,0.0010501433623908423
2025-01-05,0.052197272241535,0.03514206096861261,0.0396612145698241
2025-01-05,0.0284082406861536,0.02880900936613697,0.030637929859780942
2025-01-05,0.0013127394053995,-0.013188749957679581,0.0010555359712917278
2025-01-05,0.0406728586321218,0.0350382170179936,0.03696526752291886
2025-01-05,0.0466513146401501,0.03902804586836686,0.03203318121024268
2025-01-06,0.0407299598142378,0.037981928130000744,0.037148390800872746
2025-01-06,0.0506507251859326,0.038784597325437944,0.04033518678388454
2025-01-06,0.0515349594426407,0.038029607481872216,0.04486718622787071
2025-01-06,0.0467437792091067,0.04228126276953864,0.0317458556139242
2025-01-06,0.0012996081370025,-0.01085135392788527,0.0010385464591048362
2025-01-06,0.0223207665121573,0.014280858885947306,0.024876067332832933
2025-01-06,0.0010779595306085,-0.013991317171307721,0.0010697362293868487
2025-01-06,0.0282273270597238,0.03221982273047866,0.02817181709172583
2025-01-06,0.0315953044154217,0.03329819123003265,0.03737882958436988
2025-01-07,0.0234292739255517,0.013440056812076714,0.024127206852192877
2025-01-07,0.0317529263467285,0.03330308419619839,0.03662075186195079
2025-01-07,0.0009952395972077,-0.015060059207578295,0.0010055486238236162
2025-01-07,0.0489080572439739,0.038431948825750545,0.03761381920720661
2025-01-07,0.0284254558968319,0.03131473876513428,0.030620456899218253
2025-01-07,0.0012761149268167,-0.011130856678289065,0.0009132946561967247
2025-01-07,0.0409685549340113,0.037745817140498725,0.036293583994001254
2025-01-07,0.0470159304765252,0.04192358238166709,0.030157885835219
2025-01-07,0.0509211621082178,0.037851340049730675,0.0434659753120439
2025-01-08,0.0536969863714854,0.037794911461979,0.04544650660563476
2025-01-08,0.0480471322432581,0.041877688525216145,0.030201659563952033
2025-01-08,0.0430692744022257,0.03757724854028395,0.03682612218916136
2025-01-08,0.0296620582322803,0.030945889148467687,0.030479584594185195
2025-01-08,0.0009121356584237,-0.010782017718076527,0.0009142520001066406
2025-01-08,0.0008626845494841,-0.015203014720996243,0.0010647143259901422
2025-01-08,0.0352438444829988,0.03347774357917255,0.034506864753863664
2025-01-08,0.0252411509546321,0.015049877130894205,0.02488522129588238
2025-01-08,0.04998029093511,0.03869541501024848,0.04006890878374133
2025-01-09,0.0257645728933309,0.03147725727849871,0.030794435574177326
2025-01-09,0.0244928915634703,0.015270480060278795,0.024809880406297984
2025-01-09,0.0325584488960115,0.03372053465828989,0.03606328372321228
2025-01-09,0.0008391773040116,-0.014888773571745811,0.0010083469012703808
2025-01-09,0.0402008041893957,0.039563052996991255,0.04226897409459636
2025-01-09,0.0007236781686496,-0.008415196825314067,0.0009639132084362505
2025-01-09,0.0403704645982315,0.03786387198715978,0.03780108124733397
2025-01-09,0.0314826049202803,0.041418670070938274,0.030309709186189436
2025-01-09,0.0495998811394712,0.0381285886582676,0.042940299091274683
2025-01-10,0.0317014652598474,0.04151617808633146,0.028549392701976907
2025-01-10,0.0418408433264305,0.03854585062335787,0.035639390051628
2025-01-10,0.0500531842975535,0.03872546223952206,0.039992981822814175
2025-01-10,0.0006833920540504,-0.006927866489069429,0.0009454379581054952
2025-01-10,0.0256580229297639,0.032262069597612436,0.030647057521257338
2025-01-10,0.0394554432151736,0.03937224897768472,0.03837472035118039
2025-01-10,0.0008435508531577,-0.013371409229897185,0.0009937756249349039
2025-01-10,0.0327825757855687,0.034536071717827244,0.03440462330679192
2025-01-10,0.0249759993771958,0.016651187035743188,0.024411059111927414
2025-01-11,0.0496448817691183,0.036356441229822734,0.03986928376560442
2025-01-11,0.0306321486441386,0.03971748050949647,0.028534983629111506
2025-01-11,0.0401278027649534,0.03667938904383887,0.03548551335647831
2025-01-11,0.0006829968560674,-0.009655373264546352,0.0009206433521363178
2025-01-11,0.023929879101565,0.030832617579514998,0.03060627018344514
2025-01-11,0.0396440986114855,0.03651976627499627,0.03676442378429773
2025-01-11,0.0008359917648027,-0.017077786858945482,0.0010495732575281477
2025-01-11,0.0311411205413712,0.032514052533798646,0.0361644968408744
2025-01-11,0.0239291140239678,0.01380630657393266,0.024321380425244038
2025-01-12,0.049861589738407,0.03385919956422177,0.030513127809553817
2025-01-12,0.0288241918291941,0.03577899508259014,0.028917535850679424
2025-01-12,0.0401366373348267,0.03401696633350991,0.033467943534276956
2025-01-12,0.0006538947693119,-0.012886631151298171,0.0008921901373427456
2025-01-12,0.0239172242273649,0.028288982308730712,0.028132472959217333
2025-01-12,0.043012947833625,0.03511519296993955,0.04021864349555663
2025-01-12,0.0008362443773185,-0.02002637268327688,0.0010676551493884257
2025-01-12,0.0310030283391466,0.02953628219978874,0.035199604194486214
2025-01-12,0.0238687885620311,0.010938030509971258,0.02348422801294588
2025-01-13,0.0498672627560757,0.038492752672247346,0.030472845137534482
2025-01-13,0.0290968135658472,0.04025459648723159,0.028560019628739094
2025-01-13,0.0401533936128776,0.03848458695770686,0.030744088492609515
2025-01-13,0.0006512042892101,-0.008059436880105596,0.000907193024055908
2025-01-13,0.0232525237769954,0.03308948605795685,0.027750626855055256
2025-01-13,0.0429861872911499,0.04002306630067999,0.038479051619711616
2025-01-13,0.0008363779413295,-0.015336265655919293,0.0010705287844599766
2025-01-13,0.0309072287460305,0.03421686448752691,0.03493888714847271
2025-01-13,0.023694641791886,0.015631519623884472,0.02355254259935062
2025-01-14,0.0296596973279525,0.04049720302288248,0.029009944089825324
2025-01-14,0.0402691415640613,0.03851694751607679,0.038035691452278676
2025-01-14,0.0006427159481422,-0.008183930028808774,0.0008974698329667311
2025-01-14,0.0498093145531515,0.038359393682405485,0.04131920122376218
2025-01-14,0.0231225931547119,0.03292170256000272,0.03071282991594777
2025-01-14,0.0008325371616901,-0.015154897815917119,0.0011750429302666249
2025-01-14,0.023694184665199,0.015951424009629647,0.0246096350576489
2025-01-14,0.0429488070876519,0.03992549423480278,0.042347826761302464
2025-01-14,0.0315368269540455,0.03492014106101564,0.036281558718717584
2025-01-15,0.0232380632202366,0.01590715929433958,0.02580219429666605
2025-01-15,0.0316919143433044,0.035197694922244796,0.03755154304961897
2025-01-15,0.0008314737055365,-0.01548694996650933,0.0014858304996342067
2025-01-15,0.0438888249507158,0.04002725616775514,0.0404637242614262
2025-01-15,0.0232257885745388,0.03324930001896475,0.030924579538058238
2025-01-15,0.0006427263648164,-0.007730858467734733,0.0010673393976681665
2025-01-15,0.0403622365823745,0.038904117877615704,0.0373542579335363
2025-01-15,0.0293888551687774,0.04144596150319241,0.03102539590485979
2025-01-15,0.0506605269917386,0.03858816280184833,0.0454416559260822
2025-01-16,0.000607496129435,-0.007212346051995271,0.0011021532494999277
2025-01-16,0.0530451213892575,0.03775289256549391,0.04741114732055508
2025-01-16,0.0321185181023284,0.04048115575794188,0.03249070303363718
2025-01-16,0.0436830152711937,0.03748907549861627,0.03781309100203469
2025-01-16,0.0236262344334504,0.03257669296275291,0.03125577451324378
2025-01-16,0.0538641200231117,0.03905860591464169,0.035518109199605095
2025-01-16,0.0008297693868843,-0.015511952598586815,0.0014834698384217301
2025-01-16,0.0343388765161667,0.03431966265558528,0.03721756581525156
2025-01-16,0.0242495778929385,0.01501380937262337,0.025289618011082784
2025-01-17,0.053083204519161,0.03735127033046254,0.04710040288005254
2025-01-17,0.0303936584401814,0.03918538237023628,0.03271072020495408
2025-01-17,0.0436352747666849,0.03710132705177743,0.040141650471103275
2025-01-17,0.0005195106538829,-0.008317008426269007,0.0010488224743203942
2025-01-17,0.0236418030358672,0.032174272519603295,0.03130062463609548
2025-01-17,0.0538401946219653,0.038638990466034306,0.03517571793016171
2025-01-17,0.0008256138130704,-0.015665884588671256,0.0014731484040792818
2025-01-17,0.0346919877793162,0.03420966776446796,0.03742932159239737
2025-01-17,0.0242483464947916,0.014620394352752048,0.02529022220269897
2025-01-18,0.0287285171258565,0.03913285638101889,0.032823336999924915
2025-01-18,0.0415776734783002,0.037034022413964876,0.03996358283873575
2025-01-18,0.0005164416256636,-0.010132749723011203,0.0010535651409057645
2025-01-18,0.052854449414369,0.03683670802774597,0.05567463289779618
2025-01-18,0.0226241864390656,0.03248076320634011,0.03109465461015958
2025-01-18,0.0007881485790506,-0.014870629951724099,0.0010479498863661492
2025-01-18,0.0232774097392274,0.013361098765230648,0.025256059215630344
2025-01-18,0.0493201656808062,0.03970305110781479,0.035839919652649224
2025-01-18,0.0340647853540847,0.033636364751363945,0.03761317371301643
2025-01-19,0.0227326873291947,0.010626459804339666,0.02512663289299831
2025-01-19,0.0337930280426326,0.032111991667398865,0.0377956990343229
2025-01-19,0.0008215968487136,-0.018278634987701936,0.0012107947309411015
2025-01-19,0.0491369157298608,0.037314628900973576,0.03583687349244743
2025-01-19,0.0005166385137437,-0.012649852607117477,0.001001136386583706
2025-01-19,0.0512692348188917,0.03808633861328649,0.04668421893672286
2025-01-19,0.0288741602454223,0.03695626364506559,0.03495076095305241
2025-01-19,0.0479025294540758,0.0344383932265101,0.05634390446692877
2025-01-19,0.0222027111435173,0.030505094093870755,0.032333637755945395
2025-01-20,0.0519372505645378,0.037222470468859806,0.0566086397779439
2025-01-20,0.0004437957858229,-0.010347455426685588,0.000983745025799523
2025-01-20,0.0305297197282734,0.03943598981132812,0.03791670632763938
2025-01-20,0.0520600451198311,0.04075919895749322,0.04511711936052732
2025-01-20,0.0233419802078094,0.03270743013422078,0.03140571969839995
2025-01-20,0.0007742650669216,-0.015966594750535135,0.001473193703955776
2025-01-20,0.0341514476558935,0.03514086303315429,0.03772696470499682
2025-01-20,0.0234619249931109,0.01424750039923359,0.02528494168532386
2025-01-20,0.0534419765297895,0.0397854171906659,0.03835312599835266
2025-01-21,0.0520072114848625,0.036905701672575564,0.05499816807031312
2025-01-21,0.0313003753785037,0.03939922177734362,0.04177468287262609
2025-01-21,0.0507259048136205,0.04048991436571649,0.04492488188503865
2025-01-21,0.0004411173099014,-0.010570419961763652,0.0009673047161563076
2025-01-21,0.0229782067083966,0.03240097462084866,0.031210516389491533
2025-01-21,0.0007747636817825,-0.015727652829635112,0.0014687331525704182
2025-01-21,0.0336381522108812,0.03458433888923912,0.03763264529486529
2025-01-21,0.0234407972548489,0.014215904814973538,0.02525958143348749
2025-01-21,0.0536061219974841,0.03946736739554896,0.038435053641342524
2025-01-22,0.0003961161344325,-0.008446505036332097,0.0010348310205325704
2025-01-22,0.0318463018233018,0.039938502427728464,0.032955743327346826
2025-01-22,0.0508089247211998,0.04145028298980756,0.042690195873303714
2025-01-22,0.0229443518304707,0.033308939942211194,0.031172254778086998
2025-01-22,0.0523453167001442,0.037889284057416914,0.06006601110508751
2025-01-22,0.0007448664958506,-0.015124976568354341,0.001472152464096689
2025-01-22,0.0336516094092816,0.035578652121274035,0.03790660283989593
2025-01-22,0.0241574498737837,0.014200429128520039,0.025225031378927447
2025-01-22,0.0533957339204142,0.04077201802412471,0.0361116829256744
2025-01-23,0.0318253286953537,0.04026267860529652,0.03363248635451954
2025-01-23,0.0502595828047297,0.040991579512515114,0.044326981505710954
2025-01-23,0.0522706043137227,0.03708823963669927,0.04261380327407354
2025-01-23,0.0003943760593997,-0.009267955892346275,0.0010545160148791545
2025-01-23,0.0196193676005511,0.030187050395984953,0.031105841811990307
2025-01-23,0.0533977241333249,0.04022055290808901,0.03596372178038708
2025-01-23,0.0007514688988936,-0.016377058466244432,0.0014789304801889674
2025-01-23,0.0330952934896225,0.03419976668678455,0.03719179469444384
2025-01-23,0.0246365707818401,0.013842396521927893,0.02528736411673176
2025-01-24,0.0521200293013532,0.037051782001374226,0.043319503373099706
2025-01-24,0.0316407675047607,0.04008496629744707,0.03345732808115856
2025-01-24,0.050071715497591,0.040982013757663374,0.04281537823866393
2025-01-24,0.0003230525553282,-0.00612452384368057,0.0010563215065182447
2025-01-24,0.019598097892007,0.029844655933989564,0.030968390901539355
2025-01-24,0.0534438268753333,0.04002376817995065,0.037599859698006485
2025-01-24,0.0006405931078769,-0.01517026798424416,0.001065022619333766
2025-01-24,0.0332423086939742,0.034214391237783484,0.03766150743640533
2025-01-24,0.0235203155941326,0.013971743894686754,0.025271772742559043
2025-01-25,0.0521003760169768,0.03731929035489831,0.03764844802882962
2025-01-25,0.0316596785290525,0.04035409223344531,0.033071251446949536
2025-01-25,0.0500644804897062,0.04124899235521115,0.042310918161471055
2025-01-25,0.0003078568266631,-0.00632369934979625,0.0011178971105298633
2025-01-25,0.0197019133472913,0.030385503005531465,0.03109132168257938
2025-01-25,0.0533567341427249,0.04027501275140455,0.03765972030621892
2025-01-25,0.0005865259381316,-0.01616169239294009,0.0014844992984508947
2025-01-25,0.033252640999934,0.0345003208559424,0.037636713476895865
2025-01-25,0.023526321840453,0.013751345567500978,0.0252457717837254
2025-01-26,0.0503402997312409,0.03744994680263354,0.035500133406129016
2025-01-26,0.0314935699858112,0.04004106450518484,0.031881453062078555
2025-01-26,0.0489311110811598,0.04156406858863233,0.04293370305468385
2025-01-26,0.0002984575242385,-0.004911075341335988,0.001143456871244741
2025-01-26,0.0194010811910204,0.030526933872267403,0.02964192347009635
2025-01-26,0.0515079041179775,0.04075203844731187,0.03620136067886493
2025-01-26,0.0005790372741931,-0.016061926176125313,0.0014816439122712257
2025-01-26,0.0320445755351122,0.0345903847759135,0.037547059561746296
2025-01-26,0.0223277349576742,0.013350734140085866,0.02466872192194145
2025-01-27,0.051419835235268,0.037551227084410416,0.0315953297790527
2025-01-27,0.031696067842253,0.039513873714918823,0.029211957857638582
2025-01-27,0.0504457015532321,0.0416792363443495,0.03821946471769723
2025-01-27,0.0002940641414392,-0.004958414574088674,0.0010413747855456189
2025-01-27,0.0202659358893364,0.030353380093641753,0.027900242383218987
2025-01-27,0.0520054015128253,0.040943355700410536,0.034769320731617814
2025-01-27,0.0005778813633052,-0.015726458083140327,0.0014609803203317945
2025-01-27,0.0324139917573392,0.03475549901177391,0.03620822508059537
2025-01-27,0.0225666762839386,0.014097030841972131,0.02354662536885676
2025-01-28,0.0509573712793164,0.03649948805621443,0.04332660500599562
2025-01-28,0.0317055359521739,0.03851652552196376,0.03306809989385334
2025-01-28,0.0499350369415863,0.04063861002653803,0.042396254471697384
2025-01-28,0.0002853516802762,-0.0062010343974044785,0.001114719810584663
2025-01-28,0.0190500124978985,0.029123863129710388,0.030819911845722383
2025-01-28,0.0519897839222451,0.03999986788451555,0.03836007788059388
2025-01-28,0.0005781032302498,-0.015985412228484756,0.0014719611694330075
2025-01-28,0.0322999681366174,0.033947940024412204,0.037462634296671814
2025-01-28,0.0225879889976708,0.013735677494724461,0.02517980533669772
2025-01-29,0.0513645827449395,0.03582983670322809,0.03618828082700094
2025-01-29,0.0320294374884208,0.03759166924190381,0.032425759744280316
2025-01-29,0.0501744963601167,0.03998176565150502,0.04088602525884613
2025-01-29,0.0002836988714158,-0.007685560918912017,0.001110523471581316
2025-01-29,0.0184991002425613,0.028532381130045477,0.028710338640061558
2025-01-29,0.0511181956165002,0.039440608469792096,0.03777161093678537
2025-01-29,0.0005863262413276,-0.0175510683290621,0.0014818779608218148
2025-01-29,0.0326829471915365,0.033147322142059316,0.03732398037380288
2025-01-29,0.0223831567441363,0.01278497390224433,0.02498703138313505
2025-01-30,0.0514393598104084,0.03623013467849623,0.03652145301919746
2025-01-30,0.0319085763438472,0.03822704859377539,0.03256637975580613
2025-01-30,0.0501740862352072,0.040472662205690596,0.04112074729594453
2025-01-30,0.0002780224244023,-0.007812875011900172,0.0011086976704132293
2025-01-30,0.0184261147005857,0.028266928298872056,0.03013930647943823
2025-01-30,0.0508136063509425,0.04025830024046968,0.03759621366281743
2025-01-30,0.0005949574436514,-0.017611813618791397,0.0014831046520852999
2025-01-30,0.032795082893679,0.033361197195212675,0.03725013591588922
2025-01-30,0.022541359878696,0.012717647371318693,0.025147789940758072
2025-01-31,0.0332016280060272,0.03668421453947439,0.03286557904811813
2025-01-31,0.0505990238474718,0.03846290833708341,0.040726103884169404
2025-01-31,0.0002792565546925,-0.009706890301086228,0.0010953375506315007
2025-01-31,0.0186388216487348,0.0264136198453169,0.02997239632021744
2025-01-31,0.0515468312552454,0.03434847441788469,0.03443631772152926
2025-01-31,0.0005898083223794,-0.019510217139637083,0.001485537846626357
2025-01-31,0.0337742074728026,0.03152287983351332,0.037436559564581424
2025-01-31,0.0225481136011505,0.010620831772367726,0.024796702714241618
2025-01-31,0.0508267995963205,0.038321041327047986,0.03690463672029321
2025-02-01,0.0513844398083354,0.0368529443048274,0.03540103681785125
2025-02-01,0.0332203881639434,0.03943763256603933,0.033074294482904956
2025-02-01,0.0510355555878119,0.04053574204135553,0.0396386003215418
2025-02-01,0.0002182354434395,-0.009089756218983079,0.0010760612757234733
2025-02-01,0.0185914575062689,0.0291071525033441,0.031182905006713287
2025-02-01,0.0482238518389652,0.03991783787757548,0.03701619052482417
2025-02-01,0.000582246962663,-0.018217305894483823,0.0014891245785743717
2025-02-01,0.0338855453015955,0.034596868511837395,0.03770328126289514
2025-02-01,0.0230479085619703,0.013307721740428723,0.02464066308191096
2025-02-02,0.0519692803603807,0.03636584970697662,0.03479842134236265
2025-02-02,0.03304015918968,0.03899022907778142,0.03283346430958433
2025-02-02,0.0516565327628646,0.04019139471276052,0.03920146278164183
2025-02-02,0.0002118891767338,-0.008783762737588657,0.0010993397391087989
2025-02-02,0.01953959633421,0.0283587581987223,0.02740317565926845
2025-02-02,0.0491963283828467,0.039358792895957145,0.03789215765492439
2025-02-02,0.0005314826185117,-0.018165785139771684,0.0014885604161641553
2025-02-02,0.0347316186746067,0.034232907225840076,0.0376024660526379
2025-02-02,0.0228881845157794,0.012981210178848245,0.024568467035726762
2025-02-03,0.0540440301410069,0.03577830956900968,0.041135576498798405
2025-02-03,0.035962979691683,0.038619108907347724,0.02930452170729636
2025-02-03,0.0520359226557419,0.03997568459046594,0.04071906916834472
2025-02-03,0.0001934933140679,-0.009914247654628158,0.0009069268663653252
2025-02-03,0.0219373229150405,0.02835983080639816,0.026323601388354736
2025-02-03,0.0537571412657875,0.03897835243401773,0.042354689198704956
2025-02-03,0.0005184283381457,-0.017270860041782965,0.0014506411930257166
2025-02-03,0.0367951674437569,0.034318865270619114,0.03618491747618527
2025-02-03,0.0235355593235577,0.01387358954586997,0.024411240890380995
2025-02-04,0.0361858823777787,0.03795668230925259,0.04075305088773441
2025-02-04,0.0534758132992319,0.03873886135273549,0.04383288914694945
2025-02-04,0.000151783833643,-0.010952025169407756,0.0009646377611738844
2025-02-04,0.021921693056998,0.028150978491805013,0.03001500699509372
2025-02-04,0.0554055813929363,0.034597046427710665,0.05063540172134171
2025-02-04,0.0005671174828122,-0.01884498581795327,0.0014461364992679297
2025-02-04,0.0366211932175851,0.034249893795938235,0.03721388543041727
2025-02-04,0.0246087838753324,0.012847014576432846,0.025001576137138735
2025-02-04,0.0543029033338503,0.0381093337645724,0.04162765914117326
2025-02-05,0.0564569980744962,0.03589655876018788,0.043252838199938526
2025-02-05,0.0360154696896595,0.039499694282275274,0.03337752794212876
2025-02-05,0.0539156771693758,0.04000834454500492,0.042031233428490175
2025-02-05,0.0001395002531511,-0.009863089537211454,0.00102900021984793
2025-02-05,0.0251126251033912,0.029590962145493734,0.02733419710365128
2025-02-05,0.0554412323691376,0.03916708995159718,0.04416560654699323
2025-02-05,0.000585370417261,-0.018041807882754862,0.0014333280341781351
2025-02-05,0.0373729096198794,0.03537037825997279,0.037483824509045825
2025-02-05,0.0254079006228697,0.014655826087050478,0.025814035052538722
2025-02-06,0.0356298936530006,0.038273824772901935,0.03232870859105603
2025-02-06,0.0546142119499876,0.038437614655102564,0.039595885056712556
2025-02-06,0.000122918441309,-0.008801325728023543,0.0012403173486365783
2025-02-06,0.0241318129430863,0.02873781050846417,0.02636373493495395
2025-02-06,0.0563544719206242,0.03418934411311489,0.04259912847978482
2025-02-06,0.0005604101638907,-0.019243158943435562,0.0014530478486582188
2025-02-06,0.0374697975513169,0.034230171147979355,0.03746385776783115
2025-02-06,0.0244790454485749,0.013409913152807585,0.02570731659959072
2025-02-06,0.0567078323087375,0.03726277436967762,0.04224166715520145
2025-02-07,0.0350373106380616,0.039741946203074405,0.030981421225699374
2025-02-07,0.0532571699034088,0.039621124043241376,0.03921212503035952
2025-02-07,0.0001076050768239,-0.004098610367737357,0.0011840068274034789
2025-02-07,0.0230689415515688,0.029893016195941514,0.026631107457290876
2025-02-07,0.0538049924692143,0.034935903594452575,0.04142202323567406
2025-02-07,0.0005408208767837,-0.018254125953397635,0.001469646835476874
2025-02-07,0.0349490936707348,0.035950922979912314,0.03757456065130112
2025-02-07,0.0224958216605093,0.013781141624957496,0.025369173832867846
2025-02-07,0.0557884708422319,0.038020754550851424,0.04249722318167244
2025-02-08,0.0538005339889707,0.03247846013165184,0.040677856906620874
2025-02-08,0.0350195393043557,0.03737658165187792,0.031008072072028808
2025-02-08,0.0531658762485244,0.037406166831647075,0.04023150171866007
2025-02-08,9.912030897562602e-05,-0.0047663123635060395,0.0013712188301354454
2025-02-08,0.0232744123271744,0.027396099585330326,0.0266623935274767
2025-02-08,0.0005354391770676,-0.02015373901806959,0.0014666794403694868
2025-02-08,0.035039325290443,0.03370793519646459,0.037629581973215316
2025-02-08,0.022176065132267,0.011610423555392765,0.02575374928694426
2025-02-08,0.0555201032325186,0.03495423187392878,0.04241420417537279
2025-02-09,0.0521952095582955,0.037629166281761064,0.037301838624503474
2025-02-09,0.053251166501169,0.032385710295302975,0.042366901610540075
2025-02-09,0.0343239563263884,0.037443933862208734,0.029305859710166415
2025-02-09,6.810578840138865e-05,-0.00895982450752282,0.001204823949650004
2025-02-09,0.026221442021318,0.028659623007926037,0.027020656471379176
2025-02-09,0.0549807803055999,0.03473756550359243,0.03816026245435547
2025-02-09,0.0005288622387557,-0.022097526194971226,0.0014485923637710622
2025-02-09,0.0347975835371723,0.03341424150042972,0.03757700592795627
2025-02-09,0.0215042798732325,0.010994392485485286,0.024884317719932072
2025-02-10,0.0525006315865071,0.03546429621078656,0.04109438065373527
2025-02-10,0.0341916676879309,0.04053603405631044,0.029417350869326005
2025-02-10,0.05214239908395,0.04053331514819061,0.03908451416018181
2025-02-10,6.805716468731885e-05,-0.006152587227925818,0.0012022641109767484
2025-02-10,0.0261232167962573,0.03177285842998317,0.027875096245913618
2025-02-10,0.05480143363385,0.03776400738253664,0.039331557264599984
2025-02-10,0.0005282904593296,-0.01976739496020493,0.0014492291624573573
2025-02-10,0.0345651597956082,0.03652919644766142,0.038337500928961134
2025-02-10,0.0210315040314942,0.014023142305210356,0.025062905317458032
2025-02-11,0.0525061547954561,0.035849138416706686,0.04214452824519001
2025-02-11,0.0355155336418743,0.041230249527712204,0.031524031888410735
2025-02-11,0.0521477724535557,0.041162190083058894,0.03984871785722603
2025-02-11,7.016125361255364e-05,-0.005225480220724915,0.0012172719030616756
2025-02-11,0.0260916251090026,0.03226975771686441,0.026857223321431287
2025-02-11,0.051900819812081,0.03732695007170646,0.03941022963111619
2025-02-11,0.0005272741228082,-0.018837597242426445,0.0014437392044851659
2025-02-11,0.0346535298734139,0.03697478569662088,0.03776407616332767
2025-02-11,0.0210776486522063,0.01449644987246743,0.02508159400748663
2025-02-12,0.0524923132857149,0.03559084722055322,0.039498553019419534
2025-02-12,0.0352130396650083,0.04043560864498606,0.031052810823663304
2025-02-12,0.0521993205751918,0.0406688272492111,0.03956449264083595
2025-02-12,6.787597993939742e-05,-0.005533076632469991,0.00113420870198717
2025-02-12,0.0273433309413412,0.03342526993721183,0.030224915679760503
2025-02-12,0.0516858340566015,0.03696763873022495,0.03989642641827233
2025-02-12,0.0005302242526213,-0.019550927205319736,0.0014437392044851659
2025-02-12,0.0347568351003471,0.03650459643524763,0.03767087296369676
2025-02-12,0.0213356830928868,0.014295837252778814,0.02510565530776989
2025-02-13,0.0532571649180231,0.035858981903289885,0.041700974946663555
2025-02-13,0.0341288233856227,0.04052661444013529,0.030960085291631682
2025-02-13,0.0519180507603022,0.041349073826755345,0.03973832079742822
2025-02-13,6.744531730785973e-05,-0.005052768566452814,0.0012102751952681695
2025-02-13,0.0313332676125419,0.0335519781054409,0.033347151474484533
2025-02-13,0.0518576161009842,0.03732671265372836,0.03991784352774049
2025-02-13,0.0005307560867137,-0.019000224623542707,0.0014373658865983652
2025-02-13,0.0357081374681091,0.03634845142442192,0.03754833691124234
2025-02-13,0.021683548884892,0.014401669300114068,0.025732979384741048
2025-02-14,0.0520164430518627,0.03552372492677544,0.03969223841124885
2025-02-14,0.0349298533481203,0.03933922006319124,0.031256044413520756
2025-02-14,0.0518048296220141,0.04080506003810014,0.039245018342184586
2025-02-14,6.682407938728744e-05,-0.005116432942623178,0.0012211721492970749
2025-02-14,0.032104218334027,0.03294737385918514,0.03620094006293734
2025-02-14,0.051107936175653,0.03736872144244675,0.0397684136891992
2025-02-14,0.0005306990783054,-0.019712974741770722,0.0014448328235082718
2025-02-14,0.0352950475129309,0.03591492652892575,0.03755018855359365
2025-02-14,0.0214609779839985,0.01390793866698745,0.02506810319385183
2025-02-15,0.0498225459936731,0.03654253603668177,0.03824239939832284
2025-02-15,0.0321183086962986,0.041181613994030086,0.030941944922488248
2025-02-15,0.0491837292970556,0.042424762793108306,0.04054855424733403
2025-02-15,6.734713648198263e-05,-0.004414475794768932,0.00115330830426979
2025-02-15,0.0319238263664311,0.03409837346377864,0.03085371287901508
2025-02-15,0.0416080437327435,0.038653226763921106,0.03981614666715799
2025-02-15,0.0005244719148032,-0.018900459552814546,0.0014459956473227753
2025-02-15,0.0328695892851462,0.03729712967601104,0.03839909477536524
2025-02-15,0.0203230105331895,0.014395297496078704,0.025092435852729744
2025-02-16,0.0497992272423075,0.03592388380626592,0.03832299915187745
2025-02-16,0.0324628829508708,0.040659883466382385,0.028807602381668358
2025-02-16,0.0491186697114371,0.041805181868072944,0.03816461056748346
2025-02-16,6.732024597086591e-05,-0.005066393273129112,0.0012096356808308294
2025-02-16,0.03195310418247,0.03347819421813665,0.031484480866075186
2025-02-16,0.0413663880181571,0.03786113267888287,0.038606932804280056
2025-02-16,0.0005228579951719,-0.01987239373579739,0.0014557941379728322
2025-02-16,0.0322902917518347,0.036492759353569285,0.03794442750402681
2025-02-16,0.0203228356244763,0.013630370265877153,0.02407461290857384
2025-02-17,0.0314328362895749,0.04142305323429238,0.030019072721703413
2025-02-17,0.0487393873862096,0.04138445300420736,0.03809535144417105
2025-02-17,6.737390989009138e-05,-0.005108316309362038,0.0011894652628153598
2025-02-17,0.031993230530539,0.033253604643527716,0.034503488974879294
2025-02-17,0.0456994540980298,0.03589946147629587,0.03888668894359839
2025-02-17,0.0005155616949775,-0.02039280192766417,0.0014529562026909522
2025-02-17,0.0304930080980136,0.03684245364067443,0.03814163826928435
2025-02-17,0.0189139763394926,0.013225347902975294,0.02423700445875823
2025-02-17,0.0411218676810219,0.03693117275717066,0.03659459908966907
2025-02-18,0.0454054452658383,0.03652734759510538,0.03938190374868387
2025-02-18,0.0311641847404857,0.04201321198373564,0.031585900293959
2025-02-18,0.0353044797082421,0.03913450396510526,0.040531971753731896
2025-02-18,6.645565259574418e-05,-0.0044246269122519,0.001198798814844299
2025-02-18,0.0319377445265141,0.03401517579097059,0.03320111976321211
2025-02-18,0.0412644494050638,0.03785319338978438,0.03766788627305604
2025-02-18,0.0004374807903743,-0.022370311563861663,0.0014435917083739308
2025-02-18,0.0303111171119615,0.03745260773835915,0.038443229307701984
2025-02-18,0.0188972509053264,0.01423047659790683,0.025036385673145353
2025-02-19,0.0423681073840725,0.03632202501239305,0.038817774347801065
2025-02-19,0.0292973801063061,0.04233266543366623,0.033246452342485536
2025-02-19,0.0356125606817305,0.0390403767600057,0.04523931177348344
2025-02-19,6.057786304858931e-05,-0.007626092987779776,0.0010933505639684259
2025-02-19,0.031585921245167,0.034196000436139684,0.03090313124372698
2025-02-19,0.0376123974449839,0.038078293728969315,0.04052260204114936
2025-02-19,0.0004487521270037,-0.02266103940043883,0.0014426713977194947
2025-02-19,0.0302019970906539,0.037277380353170714,0.03845265654973772
2025-02-19,0.0182020136232021,0.013810099138982169,0.02512915528110199
2025-02-20,0.0426419566330348,0.035985627692661684,0.039379773617420205
2025-02-20,0.0285810948630358,0.0420350928291814,0.03031451350663673
2025-02-20,0.035378428322406,0.038404612250720435,0.04128877606496908
2025-02-20,6.174858750406094e-05,-0.008420785969094208,0.0011730140642895095
2025-02-20,0.0315929781753031,0.0338694003737042,0.030960605214912767
2025-02-20,0.0387863575601383,0.037656196424927735,0.03909652395441644
2025-02-20,0.0004555095257863,-0.02300542834068868,0.001446133483488846
2025-02-20,0.0301980957085415,0.03681484248572918,0.03836464123608253
2025-02-20,0.0183166387737524,0.013293106435233768,0.025069401324770545
2025-02-21,0.0281730972348791,0.04251455565454816,0.029374453148352048
2025-02-21,0.0356998022389092,0.03839787656021379,0.038225912376799676
2025-02-21,6.348946593011838e-05,-0.006346736679131222,0.0010832718264641367
2025-02-21,0.0313235155749362,0.03411049369076553,0.03056412405028818
2025-02-21,0.0411715239033063,0.036440709786890985,0.03568336204121264
2025-02-21,0.0004136983556601,-0.021842223539705434,0.0014213997603242487
2025-02-21,0.0299771435155587,0.03671345872130831,0.037359011821316304
2025-02-21,0.0167891533560995,0.01297774625683763,0.02382713131867833
2025-02-21,0.038450360526163,0.03808400434551905,0.036957030070663616
2025-02-22,0.0421416427429256,0.03759996256056482,0.03360945166510874
2025-02-22,0.0282490704309416,0.041947421405899216,0.02868063887606951
2025-02-22,0.03547051150839,0.038347215500801585,0.03998978890161487
2025-02-22,6.372260586837097e-05,-0.002251882112759271,0.0011028640548360648
2025-02-22,0.0314212779362646,0.03524653132900495,0.030364159959761952
2025-02-22,0.0391391279361943,0.03900426001198362,0.03810367122856107
2025-02-22,0.0004267463836834,-0.02003292625242161,0.0014208269537726579
2025-02-22,0.0300749189847203,0.03847636090447625,0.03750131120462808
2025-02-22,0.0167553392927579,0.015162600268818594,0.02418265223369605
2025-02-23,0.0282507507947479,0.03937302003822442,0.027493002877368975
2025-02-23,0.0359662917589226,0.03573380986591698,0.03355985587896519
2025-02-23,6.549807962010172e-05,-0.005607876996951935,0.0010756003114634931
2025-02-23,0.0320766942490904,0.03250780639555353,0.03336320552814981
2025-02-23,0.0427675609534404,0.034869060994319995,0.034982531756859794
2025-02-23,0.0004257075822822,-0.023034505042742792,0.0014259294894791862
2025-02-23,0.0305395924491528,0.03576617525804432,0.03741890021387277
2025-02-23,0.0167643216705206,0.012343433519241647,0.02391855901953335
2025-02-23,0.0391473987206391,0.036323113205173244,0.03247764864064643
2025-02-24,0.0290360628630213,0.04091390977549668,0.02800253994617223
2025-02-24,0.0359318557137689,0.036978312850461076,0.03121690989621949
2025-02-24,6.695235923911745e-05,-0.004610989537333056,0.0010883438524045953
2025-02-24,0.0321079819369631,0.03347390795609588,0.029248034440488794
2025-02-24,0.0427501442796759,0.036006647868284114,0.033875752819367166
2025-02-24,0.0004226447785459,-0.022188428455364048,0.001418188831400631
2025-02-24,0.0309860037160015,0.03698487608424551,0.037299181600333624
2025-02-24,0.0166610657037356,0.013558392136219916,0.023492158936244473
2025-02-24,0.0391744712514984,0.037415523556889485,0.031926291958268106
2025-02-25,0.0489323098846963,0.036318312440133976,0.034384633417573765
2025-02-25,0.0294329484861486,0.042073377528300565,0.028229939324191572
2025-02-25,0.0460139442166847,0.03694867707547338,0.04780531168648192
2025-02-25,6.627647499450796e-05,-0.00456077235844822,0.0010017433214645375
2025-02-25,0.0346464417852845,0.03299007351072452,0.026695321977624618
2025-02-25,0.0004249496555213,-0.02018060866178975,0.001417720704674981
2025-02-25,0.0375249211535392,0.036611974347101436,0.03603398015029173
2025-02-25,0.0189606859228513,0.015899351412671268,0.02403748155625051
2025-02-25,0.0447464286140329,0.03733979964923759,0.039513347386190216
2025-02-26,0.0458557027026742,0.03815659212481329,0.049426628844376
2025-02-26,0.0486189514350509,0.03693810703652925,0.04037908475739903
2025-02-26,0.0296200050844466,0.0414894033702017,0.03608935855182022
2025-02-26,6.580903667576988e-05,-0.005370526496414112,0.0009544144316751911
2025-02-26,0.0344525403886605,0.03379424725935165,0.0308735388579862
2025-02-26,0.0449137103546307,0.03810357472897266,0.041037885715878616
2025-02-26,0.0004476344781691,-0.020137318490189487,0.0014053640498929497
2025-02-26,0.0373951904071188,0.03689675123656673,0.03608820046324077
2025-02-26,0.01924886407097,0.016387150628479178,0.0244146619541728
2025-02-27,0.0488367465953032,0.0377812382057226,0.033175026325869134
2025-02-27,0.029746526930184,0.041870692147301714,0.028193297325879895
2025-02-27,0.0468272169797333,0.038112704119776686,0.04484875516600278
2025-02-27,6.383869085677739e-05,-0.0052684520324881995,0.001007572435540438
2025-02-27,0.0342953057329997,0.03398031336478473,0.029995087148026765
2025-02-27,0.0456604487572388,0.03801513776660037,0.03847100995575298
2025-02-27,0.0004493890362734,-0.02054080820984365,0.0014181044249317932
2025-02-27,0.039029739052291,0.03635397580311274,0.03523928013070273
2025-02-27,0.0214201224883037,0.017133124146890843,0.02447195665792743
2025-02-28,0.0490182878263917,0.036976255591193385,0.029449767694784523
2025-02-28,0.029443468043884,0.041104483291513866,0.028012723896202255
2025-02-28,0.0472801297777545,0.03732922818474728,0.04152000700933946
2025-02-28,5.454237853974269e-05,-0.0062550897838952735,0.0011452314185776676
2025-02-28,0.0340261248953137,0.033467866059423076,0.028965137942224013
2025-02-28,0.0456671603651255,0.03734929934435248,0.03636888060053278
2025-02-28,0.0004526120921221,-0.021409724889642018,0.0014105177355811138
2025-02-28,0.0388337538714597,0.03625443681898202,0.035267804499976345
2025-02-28,0.0216208421158418,0.01645803910989072,0.024328418805457382
2025-03-01,0.0486836159114499,0.03535931302266131,0.03713198630354602
2025-03-01,0.029764733132181,0.03913855598208099,0.028688827157878606
2025-03-01,0.0499350673757019,0.036242543460630966,0.047437841223603436
2025-03-01,5.506965667585355e-05,-0.007833467060772537,0.0009721939541154482
2025-03-01,0.0342889378974048,0.03201917957582505,0.030599737718021432
2025-03-01,0.0456493071475302,0.035580721799080575,0.03884877179513046
2025-03-01,0.0004445934741277,-0.02222314170691915,0.0014073437806354887
2025-03-01,0.0387945514281406,0.03440742612479146,0.035188908894590976
2025-03-01,0.0209054885488641,0.014841211736503681,0.024328418805457382
2025-03-02,0.0486895638873909,0.035775911416011205,0.029285560598603787
2025-03-02,0.0282584623973735,0.0399509170445046,0.0274731976658821
2025-03-02,0.0487628941969581,0.037488197534272655,0.042550589778618704
2025-03-02,4.760360034044495e-05,-0.006361913233601468,0.0010776277859966456
2025-03-02,0.0348776787169808,0.03208849201549739,0.028575647626577428
2025-03-02,0.0456380569979299,0.03596066671038456,0.034279050501040784
2025-03-02,0.0004451563751593,-0.02248850299822755,0.0014175678573772265
2025-03-02,0.0374780829531416,0.03520281383428871,0.034907921932757754
2025-03-02,0.0211858186691759,0.014605607043724638,0.02354139030530899
2025-03-03,0.0573717486683013,0.03475154321839179,0.03679867874114318
2025-03-03,0.0293214509180651,0.039837834950018636,0.02828271473697575
2025-03-03,0.0647251104469083,0.03510541624087886,0.03934630864136833
2025-03-03,4.9548822427449474e-05,-0.009802427521073319,0.0012347813621754113
2025-03-03,0.0352596736025003,0.03327942595085052,0.030528733522513465
2025-03-03,0.072062937274542,0.03358333718273522,0.032701202438164496
2025-03-03,0.0004482247187682,-0.019975573657072095,0.0010047769082144945
2025-03-03,0.0453449301430303,0.03285734441119191,0.03376914718192064
2025-03-03,0.027514508884696,0.013814083855908803,0.02477549845576016
2025-03-04,0.0650715169031362,0.033916459167068605,0.03861408514291961
2025-03-04,0.0302983540068173,0.03865903294392778,0.028224056854567147
2025-03-04,0.0747945054029746,0.03409704093517546,0.04784646542464499
2025-03-04,5.67399257899219e-05,-0.014307808864748098,0.0013307892583485457
2025-03-04,0.0377447998898039,0.03140769425948367,0.028157181105023396
2025-03-04,0.0808888180852933,0.03304312951465982,0.0396138976884672
2025-03-04,0.0004730815973811,-0.02105363742910065,0.0010043377918551066
2025-03-04,0.0524123509888495,0.032190986237234695,0.03287188580199614
2025-03-04,0.0317516368901287,0.015337191590248597,0.024847318216334246
2025-03-05,0.0597424316732119,0.03391129849128785,0.039313402752101344
2025-03-05,0.0274957281076756,0.038720262125042385,0.028831481612484593
2025-03-05,0.0745166779973309,0.03453395648862832,0.0464997029607916
2025-03-05,5.969790208224033e-05,-0.014179885599942169,0.001126137045867124
2025-03-05,0.0364409912356183,0.03203691275456472,0.027235834817053994
2025-03-05,0.0784838830884242,0.03342090206297407,0.03864524799905569
2025-03-05,0.0004831607135287,-0.02123801283651207,0.00102702781166985
2025-03-05,0.0505930592519665,0.03258791844489921,0.03283880505848758
2025-03-05,0.031536787576724,0.015522289871439072,0.024681038002164358
2025-03-06,0.0273688260587564,0.03605386073738055,0.02834174603880452
2025-03-06,0.0732155124933158,0.03193625878104098,0.04169196057340898
2025-03-06,5.998331702015905e-05,-0.01701990336509141,0.0013704204356731911
2025-03-06,0.036766953872156,0.028479812857181597,0.025518729384586387
2025-03-06,0.0581750537413861,0.03113995974669784,0.032021598250783455
2025-03-06,0.0004158134135298,-0.023862673972338558,0.0010234425692271813
2025-03-06,0.051081094375828,0.029092758306122905,0.033359451251520525
2025-03-06,0.0314380706079845,0.011791911507252655,0.024782456248426236
2025-03-06,0.0780434320593997,0.0306181201204223,0.03505475838445307
2025-03-07,0.0569877769401452,0.03271903132165507,0.03256470656609141
2025-03-07,0.0273130601089278,0.03775427701137038,0.028329096652226805
2025-03-07,0.0730444862232259,0.03338563999646299,0.04144831263349006
2025-03-07,6.013211908114534e-05,-0.015722419738412305,0.0021617087973989702
2025-03-07,0.0342485293062768,0.030298205496343912,0.02640207804864532
2025-03-07,0.0776617236657977,0.03224451923535064,0.03548934943736111
2025-03-07,0.0003912411618614,-0.022196527048565236,0.0010185398517551416
2025-03-07,0.05053960434035,0.030683626654514917,0.03318308360311735
2025-03-07,0.0309390594515023,0.013413333107076122,0.024713165351051322
2025-03-08,0.0568496857527848,0.03179293234282217,0.032996023545985145
2025-03-08,0.0273493533574123,0.03732678105857938,0.028254110994586246
2025-03-08,0.0726727878715,0.03241415297773245,0.045483064124782424
2025-03-08,5.991128428524429e-05,-0.017196022237776498,0.001352117587483766
2025-03-08,0.034218943820939,0.029295077559537627,0.026909630256713425
2025-03-08,0.0784779462074268,0.031057786899698934,0.03802668680442014
2025-03-08,0.0003978009958643,-0.023496852822274483,0.001013538228980199
2025-03-08,0.0504457805799316,0.029401926288722752,0.033337637265858644
2025-03-08,0.0314648382408248,0.012956907376378269,0.024830114589809837
2025-03-09,0.0568128615246311,0.031424613162221365,0.031670338709640825
2025-03-09,0.026471704847598,0.036746278493581516,0.02828179985594134
2025-03-09,0.0725400024003156,0.03204109706193717,0.034070730008380144
2025-03-09,5.991280621861601e-05,-0.017548863403631626,0.0023021100348939055
2025-03-09,0.0342203558216814,0.029011352977617075,0.026336720862899288
2025-03-09,0.0784586183383011,0.03070967421070059,0.034019978695866836
2025-03-09,0.0003983521084614,-0.024107912669081133,0.0009818668777633439
2025-03-09,0.0505540035363092,0.02901102024804143,0.032713635381647406
2025-03-09,0.0314620296735096,0.012477919555370847,0.023692842509815865
2025-03-10,0.0280105218160394,0.039009905508387926,0.029364554856718354
2025-03-10,0.0733738374349571,0.03531634366898913,0.0404886656432668
2025-03-10,6.003690890088439e-05,-0.013431286156239064,0.002230520064185666
2025-03-10,0.0363381568407607,0.0312579369697974,0.025268842092514208
2025-03-10,0.0612904090736533,0.03435121144651804,0.03280649391350803
2025-03-10,0.0003975579138981,-0.02007330192349703,0.000983101209181376
2025-03-10,0.0525547413391384,0.032192024841994724,0.033320419711806055
2025-03-10,0.0333519044122046,0.01678702047334574,0.023841236234621845
2025-03-10,0.0797216274838801,0.03399002166313654,0.034511501374832415
2025-03-11,0.0620620271262763,0.03150359275644578,0.037811537315369334
2025-03-11,0.0280763804076059,0.03611164251819812,0.029205139362162204
2025-03-11,0.0732487068484886,0.03240312018749586,0.04521190422891422
2025-03-11,6.152409799587166e-05,-0.016463491380164848,0.001397368637057386
2025-03-11,0.0350579740101041,0.02784783309874892,0.025842245244037502
2025-03-11,0.0801155852472084,0.031175884282345707,0.03592600588542655
2025-03-11,0.0004006622583825,-0.022631317045340958,0.0010108202186623486
2025-03-11,0.0536897208262885,0.02970898693857448,0.0327034391464811
2025-03-11,0.0335035802757139,0.014441704273759449,0.024492304505569305
2025-03-12,0.028267521551065,0.04001675004365306,0.02875081849424557
2025-03-12,0.0743277882308755,0.034709411135556284,0.04414465175098273
2025-03-12,6.36616929620822e-05,-0.015046230548644235,0.001398171881778829
2025-03-12,0.0358493704371643,0.02982171749274616,0.027242378826139006
2025-03-12,0.0636689436558521,0.03377787918475941,0.03894941735195411
2025-03-12,0.0004058312470816,-0.0207118636619743,0.0009839216877633378
2025-03-12,0.0540100105383374,0.03224152076966369,0.032762697231217774
2025-03-12,0.0350447595993194,0.016072171561086788,0.02460007704326592
2025-03-12,0.0811991179139074,0.03349556890882774,0.03757167820892204
2025-03-13,0.0263331966900261,0.03951626035806749,0.02875960103865256
2025-03-13,0.0744246337795332,0.034425859215761564,0.04135687566561098
2025-03-13,6.286685196809085e-05,-0.015404478584669826,0.0014460942079833592
2025-03-13,0.0364398811192171,0.02946103660554182,0.025925037020578606
2025-03-13,0.0643142151428931,0.03353917844135086,0.03278775126116729
2025-03-13,0.0004058417853711,-0.02088389058344043,0.001013890324921658
2025-03-13,0.053874259750509,0.03202640772491426,0.03272025014817272
2025-03-13,0.0351112542817706,0.015518061106561749,0.02398729320010644
2025-03-13,0.0814392507787803,0.03315872892223562,0.03668345272489262
2025-03-14,0.064554316213378,0.033526614765431395,0.03576787577011133
2025-03-14,0.0261778517307614,0.04001345551179232,0.028753463240590315
2025-03-14,0.0744477260309363,0.034531513107619816,0.04026225066443785
2025-03-14,6.4423174501318e-05,-0.014425271179080643,0.0011350732826015022
2025-03-14,0.035655287629976,0.029290049523671834,0.027594800042254376
2025-03-14,0.0004030226546954,-0.02119885456579853,0.0010284408515224028
2025-03-14,0.0539030512516926,0.03215593383702778,0.032486284698518435
2025-03-14,0.0354389927008367,0.016027002208603505,0.023438427958709464
2025-03-14,0.08144766543226,0.03339267879093279,0.03552265456517712
2025-03-15,0.0764849141222073,0.033725128124722295,0.039791855385441485
2025-03-15,0.064514516002656,0.03302584886111436,0.03561434941148922
2025-03-15,0.0261378744041907,0.04020936257315939,0.028683184660171137
2025-03-15,6.454941630203699e-05,-0.01521351315093733,0.001827806450087652
2025-03-15,0.0320467286336605,0.028333274625848663,0.026619806516288647
2025-03-15,0.0818041165457331,0.03282050445668784,0.035132811177319014
2025-03-15,0.0004112191971956,-0.021764147733044435,0.0010278640788366586
2025-03-15,0.0531247864080818,0.031584757403705366,0.03232865921301879
2025-03-15,0.0358657345564038,0.014939185845969993,0.02368160464900251
2025-03-16,0.0648989590024051,0.030784325388130026,0.035976427305279224
2025-03-16,0.0252293756083476,0.03782278968401702,0.02870127639705198
2025-03-16,0.076678952148129,0.03146260703943596,0.03354023298144184
2025-03-16,6.455403625904966e-05,-0.017471844462182258,0.001867355529013962
2025-03-16,0.0330422812594195,0.02637258427489117,0.02670420401052314
2025-03-16,0.0816516066451545,0.03044638260849433,0.03371808340934704
2025-03-16,0.0004111063089971,-0.02424708322712793,0.0010294913981461484
2025-03-16,0.053312361953765,0.029298952373401677,0.031238377916631505
2025-03-16,0.0358784415861752,0.01251150592547515,0.0231891571434041
2025-03-17,0.0644648229923848,0.031455875672146555,0.03796254048209472
2025-03-17,0.0263576084952167,0.03842747992761179,0.02826037765216023
2025-03-17,0.0771168666293911,0.03222747386163809,0.03763120304141135
2025-03-17,6.652184964852991e-05,-0.016795369091483964,0.0009295770925003696
2025-03-17,0.0332245483284183,0.026805226858255954,0.026414906527824203
2025-03-17,0.0806558607785924,0.031125062364198663,0.033924436863958844
2025-03-17,0.0004116522379135,-0.023572328085863778,0.0014218987482407831
2025-03-17,0.0531082329442844,0.030086901784556756,0.03132583503028462
2025-03-17,0.0359046709246698,0.013642221167378028,0.02323699707027197
2025-03-18,0.0649888986123525,0.03181973224020014,0.037980811576792825
2025-03-18,0.0269875446217689,0.038593589525077396,0.02825361528431847
2025-03-18,0.0773024522010833,0.032567790529920815,0.03766084924278097
2025-03-18,6.753084786829372e-05,-0.016618074599202795,0.0018175273980395382
2025-03-18,0.0343776837273097,0.027151346910905552,0.02705467275082955
2025-03-18,0.0807269526136796,0.0315212596450849,0.03390547461177658
2025-03-18,0.0004112912257878,-0.022956195305071342,0.0010305982743756186
2025-03-18,0.0534686851683112,0.030403000598512402,0.032144273573874095
2025-03-18,0.0361361781679269,0.013733073198714727,0.023583912177152652
2025-03-19,0.0650417147991889,0.03217555405951632,0.03817765569967316
2025-03-19,0.029833779044245,0.04044013182438458,0.03163378468319197
2025-03-19,0.0772416178694043,0.03295184010535797,0.03785599509584015
2025-03-19,6.718499821888007e-05,-0.01623029484347991,0.0009312898698073744
2025-03-19,0.0341542581856743,0.027291235594917397,0.02630205723998161
2025-03-19,0.0807727119568651,0.03189691901417638,0.033945832188907565
2025-03-19,0.0004116165791568,-0.022606049980540326,0.0014177925838177352
2025-03-19,0.0535204402106279,0.030828300521870935,0.03185111718858948
2025-03-19,0.03614448147874,0.01437580396380021,0.023170050056389477
2025-03-20,0.0662736949177276,0.03308446552223729,0.04161628209932929
2025-03-20,0.0299857348694009,0.04260489630481694,0.03298537074903497
2025-03-20,0.0785963273843583,0.033657640982620765,0.04019916635512897
2025-03-20,6.754813283546914e-05,-0.014177273220037118,0.000923059865448889
2025-03-20,0.0341886594101611,0.02915909723907647,0.026442732379582987
2025-03-20,0.0833197024320477,0.032596256308545915,0.03756283577927264
2025-03-20,0.0004197199388075,-0.02193977795210004,0.0014172816340562615
2025-03-20,0.054751654025452,0.03141018702558919,0.03297487908018606
2025-03-20,0.0373991622572943,0.01464531701799927,0.023553406678607447
2025-03-21,0.0665434617015845,0.03366787383110467,0.04163330948135126
2025-03-21,0.0301263477893932,0.043589453537753536,0.032836945507574065
2025-03-21,0.0787909964577922,0.03416148615966205,0.037829808192208284
2025-03-21,6.669850742962254e-05,-0.013600886750012281,0.0009286429076751983
2025-03-21,0.0339727237221034,0.030041074173563102,0.026630674403103103
2025-03-21,0.0834840641747944,0.033144336423560045,0.034879070742840065
2025-03-21,0.0004366549739396,-0.02175683668939451,0.0014186827785294764
2025-03-21,0.054939824028971,0.03201498016355393,0.03299195725644479
2025-03-21,0.0377098802398236,0.015699717322203228,0.023511749570859178
2025-03-22,0.0663386454468356,0.03276807262166155,0.04182081452013656
2025-03-22,0.0300335246109988,0.04275883395984528,0.032532673609018785
2025-03-22,0.0788092039157932,0.03323107049905302,0.037354419583383223
2025-03-22,6.821813928713489e-05,-0.014168599651247601,0.0009192276061449382
2025-03-22,0.0339835752045975,0.029128994285028853,0.026457904502633245
2025-03-22,0.0825592965217903,0.03224996499978269,0.03430022225117786
2025-03-22,0.000428513094517,-0.022593276398573572,0.001417720704674981
2025-03-22,0.0547086483026845,0.031102668557635067,0.03215213071733712
2025-03-22,0.0376016113513137,0.014777023151765444,0.023464804427791128
2025-03-23,0.0300095485597578,0.042470107232368576,0.028105755656612552
2025-03-23,0.0783086294670715,0.03278835782338249,0.03438734136258209
2025-03-23,6.595552506335106e-05,-0.015588616196121168,0.0009199704953368117
2025-03-23,0.0340048016236032,0.02873713458455103,0.026338717748058807
2025-03-23,0.0663371948812302,0.03225989644667979,0.03925719605253597
2025-03-23,0.0004273637872887,-0.023041235759336864,0.001420248811205588
2025-03-23,0.0546814770766016,0.030607042637343995,0.03169960992718722
2025-03-23,0.03734444546281,0.01427521206777745,0.023385533925994555
2025-03-23,0.0825326996541544,0.031581625356201126,0.03402404373784634
2025-03-24,0.0661404823778757,0.03249947333583192,0.04332893494679505
2025-03-24,0.0298020981903249,0.043688697864417064,0.035575515625403085
2025-03-24,0.0784077610059665,0.03304522891035967,0.038701442939540885
2025-03-24,6.435104286721547e-05,-0.01563949544654912,0.000966414309896049
2025-03-24,0.0339048013397475,0.029257608037929143,0.026099202978454476
2025-03-24,0.0823606643699779,0.03185476464490934,0.03621136664532991
2025-03-24,0.0004038255130464,-0.02307781914490812,0.0014286245145757467
2025-03-24,0.0546853155458802,0.030893693252271866,0.03266094290614051
2025-03-24,0.0375494153456239,0.01418492972777079,0.023983207188324893
2025-03-25,0.0669582937215091,0.03271046049523384,0.04401293150272852
2025-03-25,0.029828188483853,0.04405477341513879,0.03672842273330351
2025-03-25,0.0793182788672645,0.03323459346006963,0.04549945266477912
2025-03-25,6.14064443137635e-05,-0.015550126013296278,0.0009623230949599256
2025-03-25,0.0335328992427053,0.029273215986244543,0.026652122228868945
2025-03-25,0.0823664244494778,0.03214656829490746,0.036573944153132025
2025-03-25,0.0003868259869801,-0.02322487196467944,0.0014357852223753338
2025-03-25,0.0546402501840073,0.030939592211157715,0.033801066429331596
2025-03-25,0.0377290172634025,0.01420575573638681,0.02479276128624149
2025-03-26,0.067691393448052,0.034355231343582426,0.039195365170246625
2025-03-26,0.0290021038786914,0.04539025449304308,0.028164450381355267
2025-03-26,0.079435578751581,0.034729623108408145,0.04135764436046183
2025-03-26,5.979774790410109e-05,-0.014287954884174794,0.0008838099052153369
2025-03-26,0.0334548228405522,0.030801408827297795,0.02671869643982276
2025-03-26,0.0823673210201704,0.03366701467661026,0.03402058284130101
2025-03-26,0.0003865001310023,-0.02183121043717335,0.001423604598979251
2025-03-26,0.0543169828423842,0.032352505791366115,0.03296118016894142
2025-03-26,0.0377424292943778,0.015729223977644393,0.023961045758616822
2025-03-27,0.028844596864762,0.046064991279006914,0.03104203199982317
2025-03-27,0.0732628654380908,0.03490666940683396,0.03987204497658368
2025-03-27,5.9452657808348e-05,-0.013838762468460455,0.0009217613086727147
2025-03-27,0.0308003303155344,0.031471035149257136,0.02651535268264424
2025-03-27,0.0626644490464559,0.03446067827456112,0.04022778552668043
2025-03-27,0.000383754291462,-0.021598058634161546,0.001418876046075159
2025-03-27,0.050245521870559,0.03248564720045402,0.03300784073245269
2025-03-27,0.0365845822628353,0.015851505505963006,0.023659896697656203
2025-03-27,0.0794230193216643,0.03398502714629219,0.034496858812359456
2025-03-28,0.062742135136631,0.033947128891896314,0.04160888212789582
2025-03-28,0.0282129675951315,0.04618470913325813,0.03234682805036135
2025-03-28,0.0731584459664863,0.03420103149628059,0.03865227737430255
2025-03-28,5.944142667953439e-05,-0.01412562476716156,0.0012023232456587142
2025-03-28,0.0311402626439195,0.03075578983434684,0.027264717023924294
2025-03-28,0.0793464676688153,0.033359024575557394,0.033316677428706476
2025-03-28,0.0003586228181853,-0.02193376516601838,0.0010309214782829178
2025-03-28,0.0502450607533024,0.03194006318228189,0.030200979333451422
2025-03-28,0.0362160970120546,0.015499952524062683,0.02365199772414772
2025-03-29,0.0280719467259591,0.04718195567381328,0.0328121039125863
2025-03-29,0.0730709240264894,0.03490115883820383,0.03998481128585314
2025-03-29,6.162171307783944e-05,-0.012299235629764094,0.001101150967130895
2025-03-29,0.0313547963733197,0.03137937091492737,0.02674696668889418
2025-03-29,0.0630955808436901,0.034402021265196606,0.04215515892113319
2025-03-29,0.0003530209961859,-0.020787141961638313,0.0010303198954289038
2025-03-29,0.0496423339467274,0.03287479989911363,0.02969863293586068
2025-03-29,0.0352321570950464,0.016843244399248027,0.023750380213032295
2025-03-29,0.0793691102182573,0.03399994977361999,0.03496797985407336
2025-03-30,0.0280570355555446,0.04416651492326423,0.03609280257416021
2025-03-30,0.0732517417368783,0.031842860541878515,0.037536195941942144
2025-03-30,6.150173754342246e-05,-0.015392948621339692,0.0017812799967774791
2025-03-30,0.0316713263046959,0.02815512089234723,0.026627938966742676
2025-03-30,0.0637616017322103,0.03136577768072214,0.042684491949280416
2025-03-30,0.0003417877323268,-0.02408185260338662,0.0010309214782829178
2025-03-30,0.049933833155673,0.029807932969985813,0.0295583765880287
2025-03-30,0.0353757746359203,0.014000845138437714,0.023265812439699992
2025-03-30,0.079554851225147,0.030954258542263736,0.03422947127040408
2025-03-31,0.0637243959634837,0.033131877521680994,0.04290175290903894
2025-03-31,0.0277727148567066,0.04582520020544731,0.02784714905428666
2025-03-31,0.0717911710447287,0.03318795177821665,0.038609079837014566
2025-03-31,6.10786472383465e-05,-0.013636121327576037,0.0021986018704356763
2025-03-31,0.0311846597707379,0.029753096302416855,0.02668318662633228
2025-03-31,0.0003350189046014,-0.022668899199436758,0.000984269817579971
2025-03-31,0.0497547032352137,0.03153318584682453,0.029474425445135784
2025-03-31,0.0353777644311178,0.01581636781679863,0.0230968359425324
2025-03-31,0.0794377082187778,0.032709185475360475,0.034789148020090546
2025-04-01,0.0716220842183534,0.03084966568395397,0.035520417748236645
2025-04-01,0.0635323291235969,0.03109225444773629,0.04256511227820444
2025-04-01,0.0283954268330871,0.043851493840981554,0.03465275196870163
2025-04-01,6.091495328020312e-05,-0.015500601919686656,0.0011745302376844438
2025-04-01,0.0305470887357607,0.027764531921734933,0.026669248261393882
2025-04-01,0.0794378415916165,0.030719463482933484,0.0339283724192088
2025-04-01,0.00033390855106,-0.024608857719805442,0.0010283496179901088
2025-04-01,0.049853100627961,0.029404982778980394,0.029673707891888786
2025-04-01,0.0351973447084602,0.013875933542416136,0.02351950425866533
2025-04-02,0.0571166428868091,0.03323742276225279,0.041892783842296936
2025-04-02,0.0273644043564944,0.047932815202576654,0.03948876846747162
2025-04-02,0.0583216092834893,0.03325675983698971,0.039250356362168386
2025-04-02,5.938148531741762e-05,-0.01123111949717287,0.0011793686122728313
2025-04-02,0.0302338797992971,0.02920452352866032,0.027162167224412562
2025-04-02,0.056750025799116,0.03264102085218912,0.03425878861154065
2025-04-02,0.0003241168793382,-0.0225048485634071,0.0010305102722064298
2025-04-02,0.0439842320830181,0.03153138362067662,0.032576475608183476
2025-04-02,0.0312379742396655,0.015138372186389342,0.023736793376922832
2025-04-03,0.0476370692103617,0.03436098239784177,0.034772711620190494
2025-04-03,0.0255655969512455,0.05193405167657998,0.12495780797649385
2025-04-03,0.0441484433229401,0.034320710996364925,0.04551965119645829
2025-04-03,5.253123263079052e-05,-0.005907442328159547,0.001408547576356577
2025-04-03,0.0268818731966436,0.03162151872522302,0.026298800607331287
2025-04-03,0.0437814961442819,0.03384509747531125,0.03501427946835189
2025-04-03,0.0002885874684002,-0.020434914150283992,0.0009835548175871033
2025-04-03,0.0352720722672173,0.03283516877636482,0.032512360408313186
2025-04-03,0.0272094701054305,0.0163280156830137,0.025070273960099795
2025-04-04,0.0476384911780897,0.0341973404409998,0.033894309030735245
2025-04-04,0.0241021096685748,0.052319864172191644,0.12166531829814672
2025-04-04,0.0439154646506632,0.034196118312281434,0.04499692534922923
2025-04-04,4.969543848190612e-05,-0.005278599172318724,0.0014118340109621657
2025-04-04,0.0267548316316455,0.03150618250342565,0.026757386936303144
2025-04-04,0.0435167889396704,0.03364721404251453,0.034094312255552824
2025-04-04,0.00027466685822,-0.020552379517425105,0.00098227484919631
2025-04-04,0.0353008736547277,0.03258208022944738,0.03248416373602031
2025-04-04,0.0271167554747412,0.015915121972731597,0.024523868123455993
2025-04-05,0.0485516362736863,0.03031384254497641,0.034725677173450625
2025-04-05,0.0241092830696944,0.04851594720940117,0.12174952877927385
2025-04-05,0.0449076166714421,0.029982935896846478,0.04457524290258371
2025-04-05,4.880410347255546e-05,-0.010298339461580652,0.0014290673274639152
2025-04-05,0.0264098658490477,0.027818202094913896,0.02588766003151767
2025-04-05,0.0438251601109013,0.029454267354281558,0.03446282523973093
2025-04-05,0.0002723601696413,-0.024166927301306262,0.0010201453302114798
2025-04-05,0.0345920423987722,0.028748664820695827,0.03242300634228714
2025-04-05,0.0261957225230049,0.011818284277620859,0.024679230408916987
2025-04-06,0.0485316547191476,0.032199324482613284,0.03370416983400134
2025-04-06,0.0239703456041179,0.0504677641171543,0.10603046368368846
2025-04-06,0.0449302580014476,0.03188438548324765,0.0362453538500971
2025-04-06,4.930441195223349e-05,-0.008486719621457056,0.0023854765957701603
2025-04-06,0.0264277295546853,0.029721754397706225,0.022773463275732566
2025-04-06,0.043117506130483,0.03089165376951442,0.035275055138711674
2025-04-06,0.0002722126625118,-0.022681489474768626,0.00098227484919631
2025-04-06,0.0345431268819855,0.030559013357515954,0.031110984247330224
2025-04-06,0.0261845601381069,0.013639836384252393,0.02341303061581917
2025-04-07,0.0534328515009998,0.03347282409721891,0.0417894532814319
2025-04-07,0.0246253115905843,0.04948641511316061,0.1162946177785482
2025-04-07,0.049987421525149,0.03335960407581465,0.0408053306529497
2025-04-07,4.908652521118407e-05,-0.005582981419158639,0.0014272428306654026
2025-04-07,0.0292773745171777,0.029918562680934617,0.025920933111754554
2025-04-07,0.0447755844153371,0.032660178125184305,0.033200766946062575
2025-04-07,0.0002742936731976,-0.02086572067396482,0.0009826741394545315
2025-04-07,0.0420732692531202,0.032492942244493755,0.03216203355002587
2025-04-07,0.0280416874242494,0.016746804711440123,0.02440085999726267
2025-04-08,0.0533023873288839,0.03388215291045432,0.03949609045126199
2025-04-08,0.0246366077522845,0.049951587539622325,0.11722604866768302
2025-04-08,0.0500825249129585,0.03377070913162336,0.04825878525939117
2025-04-08,4.920521992861911e-05,-0.004941155706449832,0.001400295613703064
2025-04-08,0.0292792504861812,0.03035466453128932,0.02805110387313449
2025-04-08,0.0446801584135073,0.03324683763994152,0.03732994613368153
2025-04-08,0.0002875512195603,-0.01984339709680886,0.0010024075296130664
2025-04-08,0.041471662116021,0.03281247840961661,0.03212473349803778
2025-04-08,0.0281772204513807,0.01720051083329834,0.025056804464685042
2025-04-09,0.0230882506689153,0.05219924747807067,0.12385367019827082
2025-04-09,0.0483439069315871,0.03290542096696579,0.044607388921055736
2025-04-09,4.9841662663280246e-05,-0.007573135073359827,0.001404803973275642
2025-04-09,0.0266182867608732,0.030842236177759955,0.025797930348019606
2025-04-09,0.0483883259717492,0.032951656883040054,0.035455238504720044
2025-04-09,0.0003039823155967,-0.023789616531060827,0.00098227484919631
2025-04-09,0.0398964091675692,0.03161453177923129,0.032954433466831065
2025-04-09,0.0264718299668245,0.016348315875153983,0.02500498025686754
2025-04-09,0.043306177319107,0.03209857385791294,0.03538586674960347
2025-04-10,0.0516361327277197,0.03253264820167823,0.039837215277470445
2025-04-10,0.0238374897915194,0.049770939185498395,0.12431477267233808
2025-04-10,0.0522763081123738,0.032524433808056794,0.046345575709645974
2025-04-10,4.777768903272136e-05,-0.007420168112800329,0.001390743062587043
2025-04-10,0.0270406651101924,0.0299205286718685,0.02626661591530023
2025-04-10,0.0494527403787339,0.03160222833098886,0.03487016031254273
2025-04-10,0.000327015578566,-0.023832005969239123,0.0010026884094141509
2025-04-10,0.0450550874090911,0.031041453573098485,0.02964611772599423
2025-04-10,0.0299542434662512,0.015458154551759699,0.025165961521729032
2025-04-11,0.0509361250715223,0.030441361939795592,0.04179017126363689
2025-04-11,0.0235845338777109,0.04601675389185085,0.09960037174825184
2025-04-11,0.0520842038002207,0.030339613987091642,0.041423073284396705
2025-04-11,4.57756705253103e-05,-0.006927692918227868,0.0014691513572571595
2025-04-11,0.0263352382312687,0.028371312726826338,0.025772395753834873
2025-04-11,0.0483358747936951,0.029597054225522296,0.03291798155379512
2025-04-11,0.0003268473282883,-0.026482844999226395,0.0009830212153429468
2025-04-11,0.0472206672462451,0.028567458932462996,0.02808018201865446
2025-04-11,0.0293405190771748,0.013593446843988635,0.024528003160529784
2025-04-12,0.0506875688956927,0.03278498164262064,0.04175901425981509
2025-04-12,0.0240732404450418,0.04711450301890721,0.04901487698468802
2025-04-12,0.0538768216461246,0.032438443479969825,0.03726724340872473
2025-04-12,4.342480186835218e-05,-0.006032858443072241,0.0022917218921895198
2025-04-12,0.0258279546417272,0.03067665625751656,0.02532220223749524
2025-04-12,0.0481984184818216,0.03208176016599848,0.03370933833823846
2025-04-12,0.0003276495047898,-0.02404062120198537,0.00098227484919631
2025-04-12,0.0476840621256596,0.030881304741052256,0.02890041444836381
2025-04-12,0.0305522303852968,0.015108893749337885,0.02461592566846428
2025-04-13,0.0241101380057959,0.04367821151955993,0.045066983204133916
2025-04-13,0.0558875844448191,0.02944859667726744,0.03688373294445053
2025-04-13,4.153681192613496e-05,-0.010172510721504206,0.0023733553491432574
2025-04-13,0.0259163508399535,0.026790606996368947,0.023664039343920158
2025-04-13,0.0508245837359113,0.029786977710360502,0.04136570749828695
2025-04-13,0.0003322123849093,-0.02701259721692649,0.0009832718013389591
2025-04-13,0.0485750036627299,0.02764167645183036,0.02816371007150297
2025-04-13,0.0301342999526904,0.011611507127991586,0.024491159152841203
2025-04-13,0.0497193289541304,0.028556383668986617,0.03292902482471541
2025-04-14,0.0505383498716805,0.033298112419904324,0.041749043492929544
2025-04-14,0.0244932284197463,0.04722464326791184,0.04516108588450976
2025-04-14,0.0541804173082119,0.033019796599048704,0.0387195469264744
2025-04-14,4.37091016294568e-05,-0.007126601962353804,0.002266800716196861
2025-04-14,0.0261405934488145,0.030230985379656364,0.023762417974082364
2025-04-14,0.0489814848807919,0.032173467040610096,0.03298171250990821
2025-04-14,0.0003222055296136,-0.023460328065974638,0.000982549155008297
2025-04-14,0.0484869720669242,0.031156629477703996,0.027487740250303982
2025-04-14,0.0297195352670366,0.01550557440911168,0.02454158376096809
2025-04-15,0.0246019985289769,0.048491393078096356,0.045169554931138674
2025-04-15,0.0541086135481826,0.03413155032560958,0.0394685119223745
2025-04-15,4.370644932325569e-05,-0.005977243727972224,0.002145117706939607
2025-04-15,0.0241609403686565,0.030516421393134138,0.02395162753960137
2025-04-15,0.050455169029273,0.03460612004983249,0.038349635613212404
2025-04-15,0.0003249552972647,-0.022234960190059043,0.0009837241085999641
2025-04-15,0.0485041414330655,0.03222372754293752,0.027450292904351182
2025-04-15,0.0297752620289597,0.01646130973944596,0.024632717920704036
2025-04-15,0.048879505081013,0.03327386619018202,0.03325080452311294
2025-04-16,0.0229154548797566,0.04798630895630561,0.05078892762649937
2025-04-16,0.0525620007947203,0.032945147724248544,0.035597719914101204
2025-04-16,3.933639683388801e-05,-0.005822112117937775,0.002276898222983626
2025-04-16,0.0237110254943819,0.029536342151328387,0.023226282316562936
2025-04-16,0.0501434570271092,0.033540790589217884,0.03657137653544763
2025-04-16,0.0003242285407278,-0.02330374810480073,0.0009832718013389591
2025-04-16,0.0484241234356129,0.031106171381194852,0.02735697699735096
2025-04-16,0.0295696266385288,0.01546392012610982,0.02447804146585841
2025-04-16,0.0485221711955698,0.03220637301137995,0.03425181687098782
2025-04-17,0.0497772936262095,0.033373849605356457,0.03609111199504073
2025-04-17,0.0221805260392363,0.04837429642894625,0.051508600595635695
2025-04-17,0.0529913775823982,0.03282711294662663,0.03944310521369312
2025-04-17,4.048213626063801e-05,-0.005614033655530329,0.0024128399781832826
2025-04-17,0.0220108305805373,0.02905148745832896,0.02520532024139248
2025-04-17,0.0003243192379901,-0.023707964248167526,0.0009826365984739573
2025-04-17,0.0481453932664574,0.030966017553422823,0.027418049455600304
2025-04-17,0.0294088822257244,0.015192782280231822,0.02419589865930881
2025-04-17,0.0483700554064514,0.032034930937542824,0.03310757824878218
2025-04-18,0.0529494475229973,0.033658110732577406,0.03912057572790329
2025-04-18,0.0495429965025983,0.03423566294889535,0.03594094618447108
2025-04-18,0.0181947316114908,0.04697352722193715,0.041414141843240077
2025-04-18,4.033175173475609e-05,-0.00457095257842334,0.0023468654401881525
2025-04-18,0.0221759868084748,0.029806782854177892,0.023851290326771312
2025-04-18,0.0482523495743177,0.03294096514387819,0.035748894568056355
2025-04-18,0.0003232559670747,-0.022825569414447,0.0009826365984739573
2025-04-18,0.0481574126358267,0.03160087428132277,0.02722267690751795
2025-04-18,0.0293104030146337,0.015827469172555415,0.023856067073991714
2025-04-19,0.0483695819651346,0.034257103211401976,0.03501509119979575
2025-04-19,0.0186941918620733,0.04480046456444067,0.03456990330314333
2025-04-19,0.0509500456853083,0.03366806749089206,0.03600065012079316
2025-04-19,4.324715824988771e-05,-0.006725238924082597,0.002355178841129385
2025-04-19,0.0220665288601184,0.0282352208142619,0.023639178809722723
2025-04-19,0.0433749243876926,0.03283562816960074,0.03987666067068603
2025-04-19,0.0003131621432911,-0.022553819311946874,0.0009826365984739573
2025-04-19,0.0463248366644285,0.03157510411156145,0.026943913667876178
2025-04-19,0.0279648566416737,0.015721970630968935,0.023475409315398266
2025-04-20,0.0476329329588481,0.03346600187111361,0.0349936413530345
2025-04-20,0.0187725466684754,0.04304277769715817,0.029196443440442494
2025-04-20,0.0502027069312956,0.03289810390862721,0.03807391544104641
2025-04-20,4.333229617878071e-05,-0.007636992571437115,0.002355599291477301
2025-04-20,0.0217917017544209,0.02617551190633871,0.024369975696212517
2025-04-20,0.0428214954789624,0.03198514840460914,0.040094179994169046
2025-04-20,0.0002708537890124,-0.023959073307276896,0.0009826365984739573
2025-04-20,0.0461605408567663,0.03064721577675487,0.02696735353398381
2025-04-20,0.0274698428894056,0.014722161494117435,0.023397086331695918
2025-04-21,0.0476276999297216,0.03482112927405935,0.03348013220577148
2025-04-21,0.0187251199942284,0.04439199668979109,0.034722085746375767
2025-04-21,0.0503028961625991,0.034270171005579886,0.03900680202132694
2025-04-21,4.270206777787117e-05,-0.006457337666506961,0.0023573009042348507
2025-04-21,0.0217353933460021,0.027432632678202964,0.024587441160635274
2025-04-21,0.0427006811278045,0.033311101359732295,0.039847248732337685
2025-04-21,0.0002681002843657,-0.022775483683019508,0.00098227484919631
2025-04-21,0.0462094287471148,0.03204558481738411,0.026942410413758743
2025-04-21,0.0274628606492976,0.016072827613270477,0.0235069576540009
2025-04-22,0.0479044805889721,0.03433760012868052,0.033712714189034154
2025-04-22,0.018566241856789,0.04365312595862135,0.04051854116988791
2025-04-22,0.0503492720912643,0.0342829996355619,0.041022440179881776
2025-04-22,4.443887810919505e-05,-0.00580080429611432,0.0013961947113151222
2025-04-22,0.0216859789441843,0.02697046898960906,0.026099148041088024
2025-04-22,0.0427213686119133,0.03303438170614323,0.03484726832982778
2025-04-22,0.0002658079396859,-0.023224679989510104,0.0009826365984739573
2025-04-22,0.0461276807220373,0.031853574247412794,0.028507169941749417
2025-04-22,0.0278978451453967,0.015330371839689733,0.02479142018857321
2025-04-23,0.0521778961125861,0.034805744921611675,0.03757824112184106
2025-04-23,0.0175525920839139,0.04321091006951486,0.03413760004239456
2025-04-23,0.0525283151271867,0.03486421616724557,0.04184560735623803
2025-04-23,4.4070229716811006e-05,-0.00594073782523151,0.0013677981443999182
2025-04-23,0.0226444249261651,0.02722227080903026,0.026479369482722323
2025-04-23,0.0441977370292842,0.03374636490826906,0.03475079065045526
2025-04-23,0.0002755313657773,-0.02231913491419151,0.0010156056823111762
2025-04-23,0.0507568491906616,0.03227770515482668,0.02780401213480363
2025-04-23,0.0301762220915895,0.015028648773349949,0.02509067518921837
2025-04-24,0.0510286754861712,0.03383744528472514,0.03947403006555743
2025-04-24,0.0175567026929244,0.04204408118944436,0.03195223440012013
2025-04-24,0.0514160623346566,0.033925412736985905,0.038820360756387735
2025-04-24,4.4482816511703816e-05,-0.006761387364209115,0.0013633556676972245
2025-04-24,0.0225305592543534,0.026499104265250976,0.026311229508182293
2025-04-24,0.044176069726039,0.032850548361138404,0.03480668498079097
2025-04-24,0.000273321888604,-0.023372148303937773,0.000984161745878924
2025-04-24,0.0503438610258436,0.03142641852311981,0.02790474070723957
2025-04-24,0.0300471689202203,0.014051543464025363,0.024120226825088763
2025-04-25,0.050530199142331,0.03264517003849514,0.04078318796911984
2025-04-25,0.0175487956560276,0.04105587951609753,0.031741670967632835
2025-04-25,0.0512764935006456,0.03287164601338727,0.036531587595860865
2025-04-25,4.454795353083887e-05,-0.0077373959357314726,0.0013172181974338553
2025-04-25,0.0225108903057475,0.02550325634171685,0.026370403314192322
2025-04-25,0.0441651182061464,0.03185990978887199,0.03455480747942195
2025-04-25,0.000273316268422,-0.024350385687414544,0.0009839430214631654
2025-04-25,0.0503698932763204,0.030415318181011317,0.027751087093326413
2025-04-25,0.0300473204251162,0.01293708650830645,0.0239541098368947
2025-04-26,0.0175839320514761,0.041439495356632924,0.03150418506965654
2025-04-26,0.0504341809927134,0.03322053063886145,0.03702741209774178
2025-04-26,4.452810675090285e-05,-0.007559682797777717,0.0021678546636431447
2025-04-26,0.0222458264029882,0.02588207996173219,0.0263820195633324
2025-04-26,0.0503611182241774,0.032884724768195414,0.04087793842064495
2025-04-26,0.0002754342869249,-0.023858128044063405,0.0009834606859795642
2025-04-26,0.0502502343762242,0.03080497733989881,0.027742980289708827
2025-04-26,0.0300283182840961,0.013225399469574444,0.024027214025472112
2025-04-26,0.0435638687837191,0.03221374126712018,0.03318619753799384
2025-04-27,0.0502271308729295,0.031049661384836013,0.041646428459519776
2025-04-27,0.0188137620217714,0.0405498753966447,0.03237753161888945
2025-04-27,0.0504933749903329,0.031422472208680385,0.0348640009617634
2025-04-27,4.451296753390322e-05,-0.009375944846667053,0.0022855194980924
2025-04-27,0.0215554289504513,0.023597143927198083,0.03956064233197227
2025-04-27,0.0435760879612064,0.030438578801939443,0.03422025404143865
2025-04-27,0.0002734418914906,-0.026140136762526488,0.0009830750838923609
2025-04-27,0.050408856878045,0.02904957847650139,0.02862921697378782
2025-04-27,0.0300381957479112,0.01129690858510585,0.023305375250729645
2025-04-28,0.0492034581087929,0.029980719281488672,0.04204956632265918
2025-04-28,0.0193596220701331,0.0396308342975214,0.032277305486014686
2025-04-28,0.0488119574558135,0.030424998874685565,0.03469492534012887
2025-04-28,4.519647269698123e-05,-0.012910273885839069,0.00228882595124762
2025-04-28,0.0209674219981498,0.022606632861032684,0.04173508334258134
2025-04-28,0.0425198555804868,0.029779694971884454,0.034781984212657296
2025-04-28,0.0002693658964305,-0.027161395454377006,0.0009830750838923609
2025-04-28,0.0495301635911022,0.027987941145615935,0.028793712092436072
2025-04-28,0.0293455137972294,0.010328386249925995,0.023533611758330304
2025-04-29,0.0478359801078801,0.03194979431037717,0.041013928912677224
2025-04-29,0.0194300452236932,0.041459880677341576,0.0322275526627683
2025-04-29,0.0481374720886945,0.03249849569462723,0.0405066202765924
2025-04-29,4.763162265039835e-05,-0.011031373801868319,0.0012982880825127697
2025-04-29,0.0204685275266589,0.024580557939969334,0.04034723934481159
2025-04-29,0.0422161515696374,0.031728564744335455,0.034978997686824616
2025-04-29,0.0002694188132716,-0.025451849005167455,0.0009832130043770015
2025-04-29,0.049106238011593,0.029998389254774976,0.02922303610729821
2025-04-29,0.0290455895642283,0.012131093578096119,0.023971951126928785
2025-04-30,0.0197677779764708,0.04274876594962676,0.029819910947849103
2025-04-30,0.0482175191212315,0.03384009010742524,0.039024317786249395
2025-04-30,4.754949685743275e-05,-0.009970448404467452,0.0014066189270434536
2025-04-30,0.0205243838626982,0.025934534031130864,0.03933821888819155
2025-04-30,0.0479716670949875,0.0333066838690233,0.04116255050967612
2025-04-30,0.0002688551450128,-0.02411207566168687,0.0009833363575268543
2025-04-30,0.0490488842358181,0.03140381676266865,0.029620585913449925
2025-04-30,0.0290993429526849,0.013608502438232629,0.023912425819593415
2025-04-30,0.0425013237259317,0.03308792191890296,0.03350355582936306
2025-05-01,0.0480306808830893,0.029025701485796532,0.041275949914870685
2025-05-01,0.0190461706230603,0.03806563313025925,0.029951948578484485
2025-05-01,0.0482168925177697,0.029566908184672582,0.039043784710352844
2025-05-01,4.75443123112062e-05,-0.01421278479902749,0.001331421795167011
2025-05-01,0.0204863882098796,0.021595238973185965,0.03938018335822633
2025-05-01,0.042491411459116,0.028809895997772113,0.03451465978923192
2025-05-01,0.0002713769022134,-0.028445985606715636,0.0009832130043770015
2025-05-01,0.0490087929777144,0.027091667266280265,0.029612999199524613
2025-05-01,0.0291084761339187,0.009324819601013359,0.023912425819593415
2025-05-02,0.0190965092033606,0.04069419539244466,0.029449392590567156
2025-05-02,0.048259153264798,0.03208740553193523,0.03633539726271072
2025-05-02,4.699703915435634e-05,-0.012188455168162547,0.0012354028358943837
2025-05-02,0.0204094320335962,0.024361030849331305,0.03986808595407964
2025-05-02,0.0480912799346084,0.03174043251564146,0.041273187512117684
2025-05-02,0.0002718924680077,-0.02559013008085874,0.0009849856206499657
2025-05-02,0.0485121698111672,0.02975603030793068,0.02951420502725713
2025-05-02,0.0288436019062588,0.011598455342150465,0.023863002872518243
2025-05-02,0.0423122670337663,0.03150525715366628,0.033419420477088374
2025-05-03,0.0189028118221714,0.04015980580480852,0.02869956622049203
2025-05-03,0.0462793652644713,0.03126297410497009,0.03827029221849583
2025-05-03,4.779478704253059e-05,-0.012494245000695965,0.0020932271791020956
2025-05-03,0.0193389088169523,0.02346257724935956,0.027222200283378583
2025-05-03,0.0467155040526589,0.03076530424636081,0.041357204449572
2025-05-03,0.0002687360965304,-0.026623421278927847,0.0009839878944188324
2025-05-03,0.047216297755104,0.028749175242469827,0.02956212914387999
2025-05-03,0.0280111864560217,0.010401934379226697,0.02369815469856835
2025-05-03,0.0410683032279035,0.03058366514233415,0.03416542944603996
2025-05-04,0.0470511478570769,0.03134617562875695,0.04091707106956754
2025-05-04,0.0187865479324784,0.040629103386059726,0.0284183596680631
2025-05-04,0.0462837216529764,0.03184669296130099,0.03478106783622179
2025-05-04,4.8150388488878746e-05,-0.011551449323105041,0.0022089219144163356
2025-05-04,0.0193395523906002,0.024132152916187408,0.02944542517719948
2025-05-04,0.0002674898461122,-0.026448117408563947,0.000983898753636565
2025-05-04,0.0471714488546823,0.029423378722106087,0.028950075067104397
2025-05-04,0.0281400079443912,0.011167462808816381,0.023094586238111846
2025-05-04,0.0410406526765531,0.031230304371487907,0.034073695015764606
2025-05-05,0.0459456639904627,0.03444819614499571,0.03474113781129232
2025-05-05,0.0463597056430254,0.03377570368514496,0.04108214194915412
2025-05-05,0.0187767929482406,0.043607204262910565,0.028153366189331067
2025-05-05,4.93063530344083e-05,-0.00808507354332752,0.0022711624240123345
2025-05-05,0.0197103218268103,0.026853020935427567,0.029647237324405717
2025-05-05,0.0407825409896676,0.03393910655850038,0.03413849495513265
2025-05-05,0.0002700484649382,-0.023723236213344066,0.0009832130043770015
2025-05-05,0.047247078680983,0.03226519259317627,0.02896559265447036
2025-05-05,0.0284028093116065,0.014259474236007427,0.023275815514457555
2025-05-06,0.0463225082987522,0.031904174692276396,0.04074473390077737
2025-05-06,0.0187708465671483,0.0417691827367124,0.03041222580833234
2025-05-06,0.0457404311386316,0.0325642562350707,0.037137490856327074
2025-05-06,4.88910401875972e-05,-0.010086174992439571,0.0014476882932553418
2025-05-06,0.0200488368947012,0.02528217093476382,0.02610833442909883
2025-05-06,0.0407847794810827,0.03202512339889467,0.033417587893317106
2025-05-06,0.0002709807197311,-0.02549333927307565,0.0009830750838923609
2025-05-06,0.0472601225069634,0.030390139171873522,0.029624872829014867
2025-05-06,0.0283722710098062,0.012354066993180115,0.023823712161706333
2025-05-07,0.0394358946793148,0.03341142805884617,0.041346046166270384
2025-05-07,0.0175028763767262,0.04565035249042884,0.03145464588939686
2025-05-07,0.0381064885559339,0.03462619610230262,0.03836631769327388
2025-05-07,5.0802674655613526e-05,-0.009137244481705359,0.0022634073659942356
2025-05-07,0.0152253618610112,0.02721268870675391,0.026645889847717878
2025-05-07,0.0350372928769285,0.03387168585647736,0.03192827554771347
2025-05-07,0.0002543341995212,-0.023684013421210424,0.0009829111524853004
2025-05-07,0.0392615624395398,0.03212416772893302,0.0322644394721328
2025-05-07,0.025182500149661,0.013044782205955879,0.023770723491113577
2025-05-08,0.0394473241249739,0.03201619278526671,0.04157522056939042
2025-05-08,0.0175036537024811,0.044281024173674674,0.03152544119300254
2025-05-08,0.0381412974105278,0.03324777912268935,0.04113927590600092
2025-05-08,5.1856944467356726e-05,-0.010286644967482876,0.0012049390836777988
2025-05-08,0.0152205953779895,0.025783529940811775,0.02665131547385037
2025-05-08,0.0350168892463637,0.03237980261926046,0.03458513280062058
2025-05-08,0.0002437844141387,-0.025476438544325186,0.0009849747488370117
2025-05-08,0.0391655838404837,0.03087574766814621,0.03263130623087258
2025-05-08,0.0251812743778724,0.011937393343814658,0.024738982694154373
2025-05-09,0.0448192488487381,0.032317980939755686,0.0387901825496397
2025-05-09,0.0182730744669402,0.04218637946287236,0.033033726585229864
2025-05-09,0.0415236328510453,0.03271290963097731,0.03887603169680742
2025-05-09,5.251152709000933e-05,-0.007139257679163631,0.001095904246092253
2025-05-09,0.0166978307488016,0.024906627402714418,0.034613957833412805
2025-05-09,0.036116807995823,0.03241823197869541,0.03527222015223949
2025-05-09,0.0002255165794152,-0.02116847726824582,0.0010284885244421012
2025-05-09,0.0506302079994159,0.031418004260685986,0.03283966912543755
2025-05-09,0.0256449392855406,0.01089655991906267,0.02391939786223604
2025-05-10,0.0399592743307355,0.0319540465997844,0.038032245682679995
2025-05-10,0.0173560502370774,0.04317152346525287,0.038281129239864146
2025-05-10,0.0373031909788246,0.032933713896386774,0.03810773790863156
2025-05-10,5.227452564907875e-05,-0.007240772100864004,0.001149157446808646
2025-05-10,0.0175605561530595,0.02870295591487966,0.030340364814314714
2025-05-10,0.0271626012081045,0.03216402180315771,0.037607365941603424
2025-05-10,0.0001859778418001,-0.01892928869938225,0.0009593771867595296
2025-05-10,0.0473044504417105,0.03129871285489326,0.03513197108207353
2025-05-10,0.0221209133685606,0.009544318136837173,0.023501762549396524
2025-05-11,0.0508448863906688,0.03443120915110982,0.039340120598910566
2025-05-11,0.0175358466328329,0.04266046614213266,0.03630602303187723
2025-05-11,0.0353014304240998,0.032475958596567114,0.03549633965505095
2025-05-11,5.2518848540630726e-05,-0.009325472719788536,0.0011226634549727867
2025-05-11,0.0175115414766705,0.028084077380331682,0.02910057770775415
2025-05-11,0.0271105115170096,0.03200076962574547,0.03643956887518577
2025-05-11,0.0001732260210166,-0.01835552787930697,0.000922245488232119
2025-05-11,0.0460991587135363,0.031166483660143036,0.036241090249040375
2025-05-11,0.0204928876745025,0.008145229727671111,0.02331165035405069
2025-05-12,0.0529344421789608,0.03488623738001788,0.04035217823835564
2025-05-12,0.0168969599630377,0.04485466404245175,0.03947160339629475
2025-05-12,0.0343185096512633,0.03377780540776586,0.03629197801098558
2025-05-12,5.306241945774591e-05,-0.0070883905684782506,0.0010811200496718342
2025-05-12,0.0178413491861185,0.02871176861640108,0.027350551345118688
2025-05-12,0.0282396426636602,0.03279210640030021,0.0368914519772625
2025-05-12,0.0001730224189454,-0.016798346675044547,0.0009744953482090675
2025-05-12,0.0468503520809095,0.03127219764617849,0.036090657755243005
2025-05-12,0.0193597879300835,0.009133608782367516,0.023663632789473157
2025-05-13,0.0173296018261189,0.047562967058484826,0.05822730418691703
2025-05-13,0.0314138645081823,0.03514220574946357,0.03861943928351018
2025-05-13,5.317402597182319e-05,-0.005959368146335166,0.0009724502651778276
2025-05-13,0.0177657956578239,0.031025650893631573,0.030267856014806242
2025-05-13,0.0525748019219678,0.03650337185222688,0.041618960809815454
2025-05-13,0.0001631783988175,-0.015242263765656551,0.0009754758722952389
2025-05-13,0.0465917380022234,0.03284441426539543,0.03606541631646299
2025-05-13,0.0194262229167365,0.010890648465283388,0.02385551566606728
2025-05-13,0.028795887470366,0.03713705609193731,0.04201889137481786
2025-05-14,0.0522331613879191,0.034147449630278465,0.0380244488885372
2025-05-14,0.0164852230483837,0.043045859084003005,0.038153143397078385
2025-05-14,0.0315223706666986,0.03318943101522226,0.03757112825727422
2025-05-14,5.142805313380275e-05,-0.0069276667026328675,0.0011015420779533329
2025-05-14,0.0170902888601308,0.029238107381331917,0.03283575038760202
2025-05-14,0.0285404248142088,0.03484174533836584,0.03929051469961231
2025-05-14,0.0001600333543224,-0.01685262586253638,0.0009621789824434709
2025-05-14,0.0469353635874464,0.030527107946875385,0.03617805012293885
2025-05-14,0.0188008105561877,0.00813185992607562,0.023422975984135806
2025-05-15,0.0524634457420065,0.03662452773877223,0.034897378665247614
2025-05-15,0.0164763329997443,0.046153099579074805,0.04000750410084613
2025-05-15,0.0330405029866826,0.036071261824277404,0.03786203157886496
2025-05-15,5.239162261920086e-05,-0.0046719315723465354,0.0010202123988856523
2025-05-15,0.0177611811409766,0.03185131390997773,0.0300152141129209
2025-05-15,0.028784154444203,0.037540142811815044,0.03862884538760187
2025-05-15,0.0001552333745314,-0.014028104655300633,0.0009779155611114084
2025-05-15,0.0476456034997291,0.03331832558816361,0.03635956942561635
2025-05-15,0.0189350910892141,0.011040706345234779,0.023687338650761947
2025-05-16,0.0535679311310755,0.036536251486177146,0.03961520731601225
2025-05-16,0.0165080419407459,0.04581377457005516,0.03996648388760984
2025-05-16,0.0339678523157386,0.03615861986035088,0.03987319900383868
2025-05-16,5.314975852751762e-05,-0.005386376817360296,0.001153438029120194
2025-05-16,0.0176410368929826,0.03154306237054455,0.030457045989639695
2025-05-16,0.0317444438723706,0.03819476592986924,0.041807268064371746
2025-05-16,0.000155374621226,-0.014661702915619926,0.0010106519926976895
2025-05-16,0.0477245056674915,0.033041226574669305,0.037259161245054864
2025-05-16,0.0186929435169926,0.010564399809648507,0.02447629957558156
2025-05-17,0.0163492633612223,0.045113747119200534,0.03965843489366432
2025-05-17,0.0335805122841107,0.03522851741784151,0.03822742394114451
2025-05-17,5.049574446439651e-05,-0.006008292247837957,0.0011573203608084973
2025-05-17,0.0177258054139601,0.030847303774789593,0.029779919031583092
2025-05-17,0.0535713852562153,0.03600398125689852,0.03478943046078226
2025-05-17,0.0001557654923823,-0.015210393171616036,0.0010100848577015366
2025-05-17,0.0476275036128107,0.03234043275941659,0.037267804990976976
2025-05-17,0.0187571931881227,0.009938485667846244,0.02441927287232521
2025-05-17,0.031723726533491,0.03761061248968732,0.03941428846289531
2025-05-18,0.0542606204885902,0.03499525779837384,0.03291926058236536
2025-05-18,0.0165204166764395,0.04394397624124434,0.038260638837363116
2025-05-18,0.0336242000494755,0.034229820645169357,0.03751864487030965
2025-05-18,5.048844771187252e-05,-0.006950397916087127,0.001144053820983404
2025-05-18,0.0178668083938396,0.02979839052444381,0.029568564679363554
2025-05-18,0.0318439754300089,0.03651625790137282,0.036176466466196495
2025-05-18,0.000156459084104,-0.015969260304040937,0.0010102501257704
2025-05-18,0.048243944762342,0.03137057847182487,0.03698136850385981
2025-05-18,0.0188411431929331,0.009029987773175593,0.02441733084918285
2025-05-19,0.0152914194045611,0.048110736255397815,0.04528744456778191
2025-05-19,0.0338806533745475,0.03686964804503831,0.03642467468843845
2025-05-19,4.752246909131877e-05,-0.002577381159908035,0.0013576290256328465
2025-05-19,0.0180119339085634,0.03226485275505573,0.028474794185652134
2025-05-19,0.0553591220960424,0.03740937793704352,0.035380663801460495
2025-05-19,0.0001531283830357,-0.01258670215260748,0.000973648686710249
2025-05-19,0.048324072692553,0.03480919349612449,0.03615075552112204
2025-05-19,0.0190495066022162,0.011336979258683887,0.02367739149263939
2025-05-19,0.0320904533385558,0.03906216036707816,0.036842412144399615
2025-05-20,0.0150659714581565,0.04781415306342712,0.04558866615013269
2025-05-20,0.0339253583899684,0.03642562487354084,0.037433323720613164
2025-05-20,4.741063779610712e-05,-0.0027953556493190493,0.0012967567534411524
2025-05-20,0.0180061952435856,0.03213534134833647,0.028504243669196454
2025-05-20,0.0557747393507514,0.03714467090736026,0.034524357286989146
2025-05-20,0.0001533386342647,-0.012773063660799638,0.0009758095418776466
2025-05-20,0.0483584762298013,0.034744549750522685,0.036466894457950066
2025-05-20,0.01916182993693,0.011318510560647279,0.02386002239271337
2025-05-20,0.0322906096462399,0.03880659245589427,0.038034658571471945
2025-05-21,0.0555578662942009,0.038185460609826735,0.03150568148129514
2025-05-21,0.0150931015578342,0.04880330379959616,0.0446996565753125
2025-05-21,0.0337111923410038,0.037438252119661855,0.036315382162795055
2025-05-21,4.445272231302264e-05,-0.002106908298302873,0.0013125322479128469
2025-05-21,0.0180132855466998,0.033153709602407225,0.028642421164718084
2025-05-21,0.0001529880252938,-0.011976641375087041,0.0009691470556507998
2025-05-21,0.0480470521624472,0.0358379042413918,0.03629327219282647
2025-05-21,0.0191150802403077,0.012024690171465669,0.023339225725327994
2025-05-21,0.0323557014226109,0.039945297700822086,0.03609744955233175
2025-05-22,0.0338887215121153,0.03687433602523864,0.03695194011794713
2025-05-22,0.0556487730503893,0.03838093769503373,0.03766029740597512
2025-05-22,0.0150794958710224,0.049558086669132875,0.047894820672678674
2025-05-22,4.4179017867641054e-05,-0.0019066883025044418,0.0012380037629718997
2025-05-22,0.0189753130238444,0.03289252251826877,0.03191029821911969
2025-05-22,0.032473003027908,0.039884142057806105,0.03812403598915728
2025-05-22,0.0001539779311264,-0.011729769019373476,0.0009598471915765309
2025-05-22,0.0478920221165522,0.035799687738926805,0.03621680610616529
2025-05-22,0.0190807194561253,0.011929409234899203,0.023855968063001165
2025-05-23,0.0526004273924297,0.038637804198973585,0.03713014481268985
2025-05-23,0.0155149981431507,0.04865984476313846,0.04380602316188698
2025-05-23,0.0307666704148607,0.0376879722184615,0.03699667207730668
2025-05-23,4.402495036390968e-05,-9.455806179707593e-05,0.0012810348163151122
2025-05-23,0.018258540907065,0.03356694657800125,0.033562500864948296
2025-05-23,0.0304271305290053,0.0411278789362787,0.038900108067456536
2025-05-23,0.0001370346442858,-0.005419936324656427,0.0010086465436193643
2025-05-23,0.0447674537778282,0.036159466550768654,0.036297316726809546
2025-05-23,0.0154784900803419,0.011201204127396617,0.02407569074304242
2025-05-24,0.0552264760169023,0.03880768307477388,0.039126665501167786
2025-05-24,0.0161701745061094,0.04724523451282962,0.0356612684159359
2025-05-24,0.0313846623750008,0.038471081883368785,0.037909017374244756
2025-05-24,4.339675268945959e-05,-0.0007424582404043367,0.0012701766779779102
2025-05-24,0.0199753597104251,0.03227711595326556,0.027441472020977624
2025-05-24,0.032194603858266,0.04062465838843754,0.03818038889394467
2025-05-24,0.00013778427296,-0.005727704068045562,0.0010078070654840772
2025-05-24,0.0463786047311082,0.03664057446797317,0.03630129826144623
2025-05-24,0.0175584902419398,0.012772555776523153,0.02399009069548575
2025-05-25,0.0551632711324216,0.03776238410258613,0.0299591021992657
2025-05-25,0.016154585696419,0.046248369159668484,0.031791888237077626
2025-05-25,0.0313853039478207,0.03741437242878527,0.03477329309876781
2025-05-25,4.415574293979958e-05,-0.0019251877288219837,0.0018655120999459755
2025-05-25,0.0201163854515621,0.031345190837005994,0.030010750059066643
2025-05-25,0.0322563887091209,0.0396133280362132,0.03195710102950842
2025-05-25,0.0001395040274156,-0.007134869770543492,0.0009691670713267698
2025-05-25,0.0461606449103709,0.0354681938171236,0.035758614820279505
2025-05-25,0.0175568661793391,0.011509432633319567,0.02342975553012796
2025-05-26,0.0551716092662396,0.03823836769625791,0.030305829168123136
2025-05-26,0.0157842677813722,0.046309566535593386,0.03194980981156612
2025-05-26,0.03132765574352,0.037831983385832574,0.03515374818789148
2025-05-26,4.378937204462257e-05,-0.0012669463686724447,0.0014458242098358883
2025-05-26,0.0200757802708412,0.03171925344533841,0.030499002616382796
2025-05-26,0.0321837070553959,0.039967180365643534,0.03345919289610495
2025-05-26,0.0001356121234683,-0.0065399896146658,0.0010159627098386217
2025-05-26,0.0461699377837105,0.03595625011382608,0.036156261459271755
2025-05-26,0.0175565366220678,0.011788539790499142,0.023312075351887014
2025-05-27,0.0551521897530968,0.03705866419937838,0.03020709786977447
2025-05-27,0.014273570785616,0.043714330670247686,0.03114797642197796
2025-05-27,0.0312003569251922,0.03669720607707472,0.03475319808682606
2025-05-27,4.380343075864844e-05,-0.0024381095260323157,0.0014099618481698743
2025-05-27,0.0200088289666721,0.030357799652540512,0.030624674501017964
2025-05-27,0.0323172480808255,0.038825089651774114,0.03316363739534598
2025-05-27,0.0001259267653119,-0.007243789035967674,0.001007266866821646
2025-05-27,0.0461658178365574,0.034694897329650906,0.03609072213174324
2025-05-27,0.017520150187833,0.010504005594968991,0.02335282196089778
2025-05-28,0.0550373318414141,0.03829683785308852,0.030017984734741255
2025-05-28,0.0133142484435581,0.04565883649351013,0.03524089573775309
2025-05-28,0.0311399685869743,0.03802421105004365,0.03525619659964168
2025-05-28,4.040683086873268e-05,0.00030752333087806505,0.001330447134364837
2025-05-28,0.0201307340460642,0.03209356075776472,0.0306735518722463
2025-05-28,0.0319254023455865,0.03933656674379178,0.033784221409916035
2025-05-28,0.0001291836792417,-0.005511319690038562,0.0010200838122308299
2025-05-28,0.0461350469068639,0.03627116059877,0.03627990173228608
2025-05-28,0.017391937166747,0.01184655469092145,0.023344570584351212
2025-05-29,0.0552854384718869,0.03756777538767275,0.02948347657055048
2025-05-29,0.0136458881926572,0.0447323156702045,0.031046450265049916
2025-05-29,0.0316395863360748,0.0371775176095579,0.03522595860917798
2025-05-29,3.741217842602862e-05,0.0013297128562310759,0.0012864925970560417
2025-05-29,0.0201443559510224,0.031557564728688356,0.030602391083004013
2025-05-29,0.0319749088324896,0.03875738156656111,0.03393811040258863
2025-05-29,0.0001349533208254,-0.00775488084268678,0.0010242560916621129
2025-05-29,0.0461211974298397,0.03561085640250501,0.03624822720212929
2025-05-29,0.017575034844783,0.011476149216251914,0.023333353921591547
2025-05-30,0.0130028697127182,0.043554153318696553,0.03538304859471331
2025-05-30,0.0322145178279634,0.03533166361767516,0.036757840891753345
2025-05-30,3.727373121766396e-05,-4.607676028862279e-05,0.0012746549664781734
2025-05-30,0.0204064873215978,0.029663068400897767,0.030750457484140334
2025-05-30,0.0552353415497542,0.03601325612610863,0.030087113616849792
2025-05-30,0.0001409223788568,-0.010796410890622818,0.0009618173953019254
2025-05-30,0.0463625402636175,0.0340245903433415,0.036313387193930145
2025-05-30,0.0179718069147947,0.010296516589294386,0.02344752827672538
2025-05-30,0.0317067777462719,0.03735899498117881,0.034877747666271504
2025-05-31,0.0593108974361831,0.037053729279009115,0.0370728565790242
2025-05-31,0.0139069197789915,0.04369510066274,0.033538485911371096
2025-05-31,0.0345210070397495,0.03634209317687086,0.03883770085743188
2025-05-31,4.063477782955109e-05,0.002025110234275672,0.0012749520442434008
2025-05-31,0.0212495162075875,0.030468065745485266,0.027312691648717306
2025-05-31,0.03276153296121,0.038192069499548495,0.0377990291129524
2025-05-31,0.000147717058841,-0.007746755594962407,0.0010135430253899117
2025-05-31,0.0473744220622381,0.03504336427721533,0.03630890716768958
2025-05-31,0.0183418925374824,0.011814854888957466,0.02347618715614605
2025-06-01,0.0587475033614665,0.03238314804710182,0.029792126650520688
2025-06-01,0.0138439417853606,0.03811957071041759,0.0324907816879799
2025-06-01,0.0343469099635053,0.031557790416908676,0.036263915672071045
2025-06-01,4.402418556581893e-05,-0.002898591241998795,0.0013457098018748817
2025-06-01,0.0212416936359439,0.025269190076444736,0.02709095157774003
2025-06-01,0.0328547800288086,0.03330784104783639,0.03488581363888425
2025-06-01,0.0001435815410364,-0.011806967154856567,0.0010543413348343149
2025-06-01,0.0473294315392788,0.03009919300005454,0.03609072213174324
2025-06-01,0.0179746103886492,0.006746371200820615,0.023283333949351274
2025-06-02,0.0587493906655146,0.03666681398399976,0.02965036252532497
2025-06-02,0.0140827011141753,0.04227361920371686,0.02656690411701543
2025-06-02,0.034142625379919,0.03569727427617539,0.035802010342234986
2025-06-02,4.300749315782755e-05,0.0012428038485925719,0.0013184962085094174
2025-06-02,0.0212425423528126,0.029548083558691117,0.02793439709230736
2025-06-02,0.0328549258191397,0.037576678461861246,0.033851438033033754
2025-06-02,0.0001430292409381,-0.007599989538127211,0.001058855460370414
2025-06-02,0.0473233019814034,0.034412653402953394,0.036143514852893695
2025-06-02,0.0180176412116362,0.010784752363976417,0.023634696613792795
2025-06-03,0.0140469092625232,0.04225733320956221,0.028499773700333467
2025-06-03,0.0341111400483469,0.035369257740457516,0.03803712893791647
2025-06-03,4.230882579123012e-05,0.0006421662953364354,0.0012857244613412213
2025-06-03,0.0212163207299724,0.029254978573241573,0.028985340340080944
2025-06-03,0.0584107954657559,0.03642287744974415,0.030595330606159845
2025-06-03,0.0001404690995715,-0.0072348462338859346,0.0010205656108059212
2025-06-03,0.0473408289790018,0.03409229600816606,0.03646933763299789
2025-06-03,0.0178626738587218,0.010491087230582615,0.023709796248271818
2025-06-03,0.0328574557415953,0.03728453391053564,0.03562136337877255
2025-06-04,0.0581662781030666,0.03695590037134722,0.030596672717390385
2025-06-04,0.0140523431749279,0.042547628471748394,0.028157275300882658
2025-06-04,0.0339360531550744,0.03592553090016655,0.038710639363461224
2025-06-04,4.0655911979889226e-05,0.0004248211469803642,0.001277667260021304
2025-06-04,0.020749044916786,0.030070179393080577,0.028525474477632647
2025-06-04,0.0329702600283987,0.038127289652613486,0.03530489804577056
2025-06-04,0.0001384946420618,-0.005111361130119896,0.0010177076504393353
2025-06-04,0.0471974933899001,0.034632595725187565,0.03646933763299789
2025-06-04,0.0175204763927679,0.011090225796254963,0.023734258138424766
2025-06-05,0.0141984519699706,0.043797210604321804,0.0299027051564307
2025-06-05,0.0339005308260597,0.036629165718210885,0.035945077842609724
2025-06-05,4.088669242187278e-05,0.000892752625778051,0.0013302965554688366
2025-06-05,0.0205174218364212,0.03080872398216066,0.02856720576001598
2025-06-05,0.0584082638749725,0.0376995105349172,0.02932608702618992
2025-06-05,0.0001389363773137,-0.004821073999616524,0.001009765164206153
2025-06-05,0.0472010216725928,0.03543064642030691,0.03627607217517995
2025-06-05,0.0176070651382163,0.012003208325503788,0.02339718911785649
2025-06-05,0.0331603338335603,0.038815281781579114,0.034890397857437305
2025-06-06,0.0145925121746533,0.04547695750207076,0.036309885003386014
2025-06-06,0.0357286381547653,0.035687971666241394,0.0482761402940176
2025-06-06,3.949300805027786e-05,0.0007309285917764669,0.0012184078439537982
2025-06-06,0.0223533187518301,0.029650170553688432,0.026638467250434086
2025-06-06,0.0609111649070824,0.03684082687610615,0.033884605607569854
2025-06-06,0.0001396267074021,-0.005704065454744681,0.0010944554071005694
2025-06-06,0.0497632412289567,0.034400819097848964,0.03706159485225445
2025-06-06,0.0182995069016776,0.012530977855905071,0.024692335351269745
2025-06-06,0.0343523788703214,0.037970056939873,0.03758401005614305
2025-06-07,0.0614002924568027,0.036656576473172664,0.033272317894421095
2025-06-07,0.0149785968651844,0.04696714902799426,0.039190314521090695
2025-06-07,0.0360411752583208,0.03549077803538017,0.03904836896585264
2025-06-07,3.8140708959414576e-05,0.0012933930201245308,0.0012207911882854386
2025-06-07,0.0224833110007307,0.02946544518080177,0.02720084943168195
2025-06-07,0.0001427402778213,-0.007737221921666773,0.0010997737131925975
2025-06-07,0.0497734575825651,0.03435042329505472,0.037279312624781166
2025-06-07,0.0188678736171284,0.011771373496272355,0.024604679508950456
2025-06-07,0.0347755412216348,0.03752028869531453,0.034901771029050614
2025-06-08,3.663515359586716e-05,-0.0033674636048387357,0.0013644750591792632
2025-06-08,0.0150341584539468,0.047588760846010256,0.09933857439777502
2025-06-08,0.0303171907401376,0.03486407322607275,0.03477217619405449
2025-06-08,0.0562454520503938,0.03529231385375227,0.032985929044901885
2025-06-08,0.030898279515165,0.03733089311448129,0.033986472106867345
2025-06-08,0.0001410159582732,-0.014708261410422696,0.0010591954174612827
2025-06-08,0.0155036479443273,0.009062138121111164,0.024532234744266877
2025-06-08,0.0213435730376961,0.027751673788271217,0.02664612102066039
2025-06-08,0.0358425906899447,0.03491809230565797,0.03838643094453541
2025-06-09,0.0155000177383178,0.011796863453551684,0.024169227991382585
2025-06-09,0.0341261294746085,0.03688480754021356,0.03796077122314463
2025-06-09,0.0001403327400085,-0.012081521620488908,0.001018080874760382
2025-06-09,0.0316998521947261,0.04034760731895273,0.036224376843502444
2025-06-09,0.0183129419681526,0.02792649364036899,0.026587782897379265
2025-06-09,3.663010991622032e-05,-0.0006452916144529183,0.0013611462806641056
2025-06-09,0.0285196448142021,0.036495871667375696,0.0350688402924146
2025-06-09,0.0154264869544848,0.050313135370744264,0.10649339395648663
2025-06-09,0.0556867318135555,0.037817217843252815,0.032311278818082226
2025-06-10,0.0437253938205718,0.036253181195785925,0.033030370430273265
2025-06-10,0.0152921078614502,0.049992352184059535,0.060669251494016425
2025-06-10,0.0300233069926681,0.03641969714066445,0.03956747376189456
2025-06-10,3.552358694014321e-05,5.161412994852954e-05,0.0012844247294930076
2025-06-10,0.03151123467918,0.035752295995484906,0.037424020601689326
2025-06-10,0.0305624023244483,0.04103974586160157,0.03850118043966156
2025-06-10,0.0001409003220191,-0.009961393337144506,0.001044843327861245
2025-06-10,0.0170511042081971,0.011547831616021974,0.024563822518095246
2025-06-10,0.0187109511412595,0.028038618174287495,0.029854616934811295
2025-06-11,0.0300925295302157,0.03666867399427705,0.040654320089207746
2025-06-11,0.0423681279813249,0.03611467189796609,0.032913308571784344
2025-06-11,0.0154132607670764,0.05016596958670591,0.10959711148058539
2025-06-11,3.3967981545494075e-05,-0.00025831497484608834,0.0012833528302499844
2025-06-11,0.0319171769659435,0.03628333439909932,0.037337329688752766
2025-06-11,0.0296850546039011,0.04103519871221285,0.03828830900934166
2025-06-11,0.0001456285992602,-0.010220261551980123,0.0010113676203343913
2025-06-11,0.016992429410238,0.011499282010449374,0.024443269994396822
2025-06-11,0.0184984037872384,0.028096657535698337,0.030903514680248392
2025-06-12,0.0425053229089984,0.03406158687335896,0.03155789346901016
2025-06-12,0.017045080209004,0.046153818722117546,0.0397365956280427
2025-06-12,0.0303007488224206,0.03436354926918957,0.04035879154883118
2025-06-12,3.3961045749422536e-05,-0.0016521439158860146,0.0012917887184746072
2025-06-12,0.0183787869799375,0.025480854282615525,0.029855871079319436
2025-06-12,0.0001435555232498,-0.011438846663470482,0.0009796792100083857
2025-06-12,0.0319923063786216,0.034349026188627285,0.03646621209002459
2025-06-12,0.0170850467938305,0.009902383426466922,0.023683834186523693
2025-06-12,0.0264855256740948,0.036118030664750306,0.035035929410690635
2025-06-13,0.0297255283580735,0.0359279046159585,0.036002094849076204
2025-06-13,0.0427490416822943,0.036081933917601755,0.029731236818332053
2025-06-13,0.0177280764626828,0.047017333518071955,0.03559100203393699
2025-06-13,3.3586188147952486e-05,0.001269731838612037,0.0013584254416593331
2025-06-13,0.0305326444255516,0.035853141025172064,0.03621860423482359
2025-06-13,0.026677218639995,0.03812934506466793,0.03263660220188768
2025-06-13,0.0176453855218925,0.012618631930903328,0.023339225725327994
2025-06-13,0.0185857770918121,0.027628435928874498,0.027449657899699727
2025-06-13,0.000144426857391,-0.0077514229254802836,0.0009684787693026447
2025-06-14,0.0176058925919965,0.011996502015983002,0.023803885494454457
2025-06-14,0.0305796339469718,0.035535075672737226,0.036318003058739716
2025-06-14,0.0001445634660135,-0.008687068958913177,0.0009666598061786253
2025-06-14,0.0267949245927494,0.03755924590200542,0.036307311467710886
2025-06-14,3.526377206940033e-05,0.000592747358472076,0.001343070853395131
2025-06-14,0.0292289819136747,0.035231476278480334,0.040553492729608155
2025-06-14,0.017574751077536,0.04600866807955151,0.03545725399721753
2025-06-14,0.0425035430289079,0.03537718458461413,0.03163255839048612
2025-06-14,0.018136744190696,0.026754237060975856,0.027751052018315615
2025-06-15,3.449966423345155e-05,-0.0011336950473759683,0.0013520432099570206
2025-06-15,0.0175568312910965,0.0443208008152388,0.02696308615531859
2025-06-15,0.0285588099996787,0.0328973874221601,0.034979647797824004
2025-06-15,0.0413150331633061,0.033111830349423374,0.031747811687493514
2025-06-15,0.0183200397509687,0.025034869975797687,0.028184826297585466
2025-06-15,0.0001444727689483,-0.010623594547530021,0.000982956424198562
2025-06-15,0.0304191608091766,0.03344911322535064,0.03600578798541769
2025-06-15,0.0176408408336626,0.010123035154302237,0.023295553861700655
2025-06-15,0.023804693816298,0.03396587847000236,0.03130816116626887
2025-06-16,0.0410904542020171,0.034680264261935004,0.031673667048341556
2025-06-16,0.017652435097183,0.04608158326347139,0.026162194360710312
2025-06-16,0.0304868859878901,0.03571223050288956,0.03620751779121916
2025-06-16,3.5932962972427846e-05,0.0003330171969401219,0.0013451576122308234
2025-06-16,0.0183028382390505,0.026753043874124013,0.027632899026681444
2025-06-16,0.0001521079693349,-0.008863679162811708,0.0009805954251936029
2025-06-16,0.0304355957396615,0.03515058917892824,0.035850756575276456
2025-06-16,0.0176366345117347,0.011820842744387394,0.023269324475025076
2025-06-16,0.0239219786441021,0.03571571937207574,0.0308619497761346
2025-06-17,0.0304667260914218,0.03511942847462404,0.03824266047715492
2025-06-17,0.0407734952060064,0.03399533561144365,0.031683847039701736
2025-06-17,0.0175603917659032,0.045244561480334955,0.03949732331858237
2025-06-17,3.6803697940994536e-05,-0.00014351961093801713,0.001531227496158719
2025-06-17,0.0299936516357386,0.0343424934747366,0.036241405188273366
2025-06-17,0.0250954823526271,0.03496470055940376,0.036503280627277854
2025-06-17,0.0177649516485226,0.010793829741720908,0.023424363216169423
2025-06-17,0.0181793808261345,0.02590194298229491,0.027720423796592536
2025-06-17,0.0001636363060472,-0.010373525985126378,0.0009151686142827637
2025-06-18,0.017540682764028,0.010932909960689446,0.023365325782754576
2025-06-18,0.0301906419571299,0.03321426490111122,0.03596506925682235
2025-06-18,0.0001754924838663,-0.012141240976330028,0.0009664455933160997
2025-06-18,0.0255334907160874,0.03461670855873833,0.035446966619523505
2025-06-18,0.0179866640256923,0.025792450517237005,0.02724578720219367
2025-06-18,4.090100646809635e-05,0.00033091337862473785,0.0013577693622652532
2025-06-18,0.0298833913107922,0.034998745595470185,0.039101279970409054
2025-06-18,0.0176167231941143,0.043472588707391596,0.035215046305959424
2025-06-18,0.0380985685772686,0.03402422898989191,0.0315530914075994
2025-06-19,0.0380314062619177,0.03565582016887277,0.03152665613863226
2025-06-19,0.0176307962908016,0.04509892768889269,0.03491092364557128
2025-06-19,0.0295808364072731,0.03656675233362626,0.04140474031816424
2025-06-19,4.096710665309782e-05,0.0020073158963062956,0.001330515672408664
2025-06-19,0.0180343524813161,0.027447796564147343,0.02729106271947429
2025-06-19,0.0001771973298037,-0.010719261214272538,0.0009486853141660985
2025-06-19,0.0298514627431797,0.034465260702509146,0.036030896963336397
2025-06-19,0.017529611988106,0.012489778862976673,0.023488517629247592
2025-06-19,0.0254595300667098,0.03622903922334758,0.03258814030051774
2025-06-20,0.0379701581378459,0.03551292352277295,0.0310702759676572
2025-06-20,0.0175960038766066,0.0450390782456772,0.02947868656732702
2025-06-20,0.0295185609193765,0.03644012725257019,0.037549700894455966
2025-06-20,4.15991875112269e-05,0.0014777384992357978,0.001350932085150405
2025-06-20,0.0254257213279744,0.03576444617155089,0.030874798221920307
2025-06-20,0.0001780147577384,-0.010990265132635707,0.0009720248028002826
2025-06-20,0.0298509435273999,0.034089327988970575,0.035451665054483626
2025-06-20,0.0174020070105107,0.012220186759881454,0.023274303003864735
2025-06-20,0.0180358530030071,0.027139389624304455,0.02739100231924573
2025-06-21,0.0378027230031003,0.03632199123797,0.02988347461455999
2025-06-21,0.0176660803648046,0.045088465860865026,0.033012102580151345
2025-06-21,0.0297484105921264,0.03746909082558546,0.043578514927751125
2025-06-21,4.0375867953603215e-05,0.0006570294341036106,0.0014181285552271473
2025-06-21,0.0166987536928205,0.028238276558057183,0.027133622020880422
2025-06-21,0.0001767987169412,-0.009736567423229953,0.0009744922931468659
2025-06-21,0.016763228008961,0.013274072818055992,0.023330165656204566
2025-06-21,0.0252885178919759,0.036476273509501375,0.03232363096081528
2025-06-21,0.0309414523103935,0.034762105701391946,0.035063007203049786
2025-06-22,0.0165823252636693,0.011604607322339883,0.023225120360185102
2025-06-22,0.0316171082798862,0.03313456665481168,0.034901803330966576
2025-06-22,0.0001766467110066,-0.011894674735792726,0.0009670393800260156
2025-06-22,0.0257923218980214,0.034442531245659894,0.032271014481784877
2025-06-22,4.035831760938487e-05,-0.001061769139846451,0.0013638109264886903
2025-06-22,0.0296328225085208,0.035638854462237635,0.04218138138855731
2025-06-22,0.0171879596695239,0.04362947113769158,0.03146410892259015
2025-06-22,0.0371375581781064,0.0344309311174482,0.029443066996980672
2025-06-22,0.0167879399199027,0.0263615776502521,0.02693075012254385
2025-06-23,0.0349644952894931,0.03703889901666446,0.03617853264609475
2025-06-23,4.012701786122313e-05,0.002702899640094694,0.001333077284020095
2025-06-23,0.0172421120933408,0.047076407062407,0.03647406478262483
2025-06-23,0.0294243088714846,0.03724180429655488,0.04592966526780413
2025-06-23,0.0149963511629175,0.029488232353431773,0.026319316737851147
2025-06-23,0.0001757589345585,-0.009282238446568253,0.0009662746836599867
2025-06-23,0.030432335957593,0.03577706051722253,0.03501368100222855
2025-06-23,0.0151008887830185,0.0140768933841092,0.023855706484286168
2025-06-23,0.0241650280172745,0.03726488967410392,0.035475112589921115
2025-06-24,0.0392332118746264,0.035211274975551696,0.034936147415100524
2025-06-24,0.0183907567410684,0.04379215728101564,0.034418174629404226
2025-06-24,0.0348295697501948,0.03507231597900763,0.04836018747154932
2025-06-24,3.956101307194395e-05,0.0009082000628644893,0.0012702661729986266
2025-06-24,0.016325794422896,0.0272530050233259,0.02710447639640431
2025-06-24,0.000188743223523,-0.013358229468659936,0.0009846872662372537
2025-06-24,0.0344588397020881,0.033435667171137315,0.034478928585630224
2025-06-24,0.0173493269049221,0.012110596122391269,0.02483871721037252
2025-06-24,0.0277496101087317,0.03499251970893853,0.03721131067905165
2025-06-25,0.0349165057756935,0.0347545007533339,0.0442493464054108
2025-06-25,0.0393517204470667,0.03494730061309295,0.0353772758501777
2025-06-25,0.0183840872464886,0.04360595709646717,0.03221555999775444
2025-06-25,4.441265071733087e-05,-0.0006084608082919801,0.00127930020136326
2025-06-25,0.016346904759011,0.027027674982550418,0.02663915647653499
2025-06-25,0.0278458835811167,0.03474462585717086,0.03641337245507312
2025-06-25,0.0001894078076952,-0.013065759814994693,0.001057235926417716
2025-06-25,0.0344826474064199,0.033139752872958325,0.03480977844221183
2025-06-25,0.0172701837994968,0.01169272069743749,0.02464515872892971
2025-06-26,0.0392220924290691,0.03602655134297171,0.03548283127279469
2025-06-26,0.0183035074135897,0.04477375389925187,0.031343225617586824
2025-06-26,0.0349627896385513,0.036041867140399586,0.04381846530862052
2025-06-26,4.587666647501071e-05,0.0008043664373644371,0.00122310448209244
2025-06-26,0.0163236642416587,0.028011887918045424,0.02712829909747979
2025-06-26,0.0277587904711759,0.035672976446223637,0.03448662989558475
2025-06-26,0.0001890986368444,-0.012243484031282933,0.0010333883996977672
2025-06-26,0.0345070159485379,0.03444175231111618,0.03515831659607391
2025-06-26,0.0173984349849181,0.01238506114605321,0.024635648241049614
2025-06-27,0.0392666251759912,0.03536935953900572,0.0358643040886315
2025-06-27,0.0182168029993504,0.04401609446036407,0.03417631540531603
2025-06-27,0.0350848630572537,0.035409230204396985,0.045394076766234547
2025-06-27,4.560150593126129e-05,0.00027091265798176445,0.0012229409872791801
2025-06-27,0.0158223572578455,0.02670941554418165,0.03984970439256817
2025-06-27,0.0284375695622287,0.0353989720178306,0.03521222829521978
2025-06-27,0.00018865836243,-0.013109623856610124,0.0010373084918190749
2025-06-27,0.0336643187808516,0.03329778647331662,0.0342795926768385
2025-06-27,0.0173966727761119,0.011765335820415262,0.024590647673956148
2025-06-28,0.03933491461695,0.03463645102844545,0.03567779846495557
2025-06-28,0.0181252311260687,0.043464662103951,0.029292713225357474
2025-06-28,0.0353479469139359,0.03484247423669122,0.044896779816451446
2025-06-28,4.724175961632448e-05,-0.0007706012637944126,0.0012925704116465181
2025-06-28,0.0158797618882125,0.02580370027329397,0.042639755949384614
2025-06-28,0.0284960363932978,0.03477482012196097,0.03645829761306953
2025-06-28,0.0001833372390564,-0.013588021567691635,0.0010413215337516043
2025-06-28,0.0336487419520587,0.03226716280761839,0.034419449221613684
2025-06-28,0.0172801776237229,0.011005264073262033,0.02459852427876357
2025-06-29,0.0395592898141298,0.03270110125510772,0.03778353971084824
2025-06-29,0.0181394141071469,0.04130701481860756,0.02839693212712297
2025-06-29,0.0369707533931873,0.033742836193727005,0.03982906898379768
2025-06-29,4.782157386780216e-05,-0.002625995499275391,0.0013178708313380033
2025-06-29,0.0156311025575077,0.02406626011174704,0.040016380301841945
2025-06-29,0.0287428086815171,0.032842981432541773,0.034597429376881365
2025-06-29,0.0001783152434563,-0.014640082137156084,0.0010432546914977347
2025-06-29,0.0335972852870692,0.03021443571808118,0.03350962569035441
2025-06-29,0.0168924653740567,0.00898243996758433,0.02412912612423865
2025-06-30,0.0352393326432147,0.03269528125013797,0.035787776953365755
2025-06-30,0.0175590573547356,0.042488897963075825,0.027086151979412467
2025-06-30,0.0353122926469411,0.03452295501963838,0.0384320702812703
2025-06-30,4.58929327647046e-05,-0.0026282350845360514,0.0013611615888011771
2025-06-30,0.0148565509865755,0.02471462746273006,0.040244219014049086
2025-06-30,0.0273107546713874,0.03360537172476241,0.03323530754436208
2025-06-30,0.0001721586093439,-0.015159784671458926,0.001044206747749674
2025-06-30,0.0331452105254101,0.030966793213973904,0.034403939917870795
2025-06-30,0.016660716941917,0.009513690510352685,0.02393749075076815
2025-07-01,0.0354557313226038,0.0332993855339104,0.03569421059497412
2025-07-01,0.0175973157503185,0.04340959959256245,0.02975024455426078
2025-07-01,0.0353679831482009,0.03550883822757947,0.04313991649905588
2025-07-01,4.5826558295891415e-05,-0.0013703096543769694,0.0013317700810877354
2025-07-01,0.0148514595099982,0.025649256791703025,0.02758876784201351
2025-07-01,0.0272784997371326,0.0347395375941458,0.038154206665411014
2025-07-01,0.0001722835136361,-0.014075878576186307,0.0010624825939444479
2025-07-01,0.0331535908950668,0.03174245665701014,0.03468202369458372
2025-07-01,0.0167994164589459,0.010442520949201731,0.024467966065450368
2025-07-02,0.0361915666594953,0.03388997239776044,0.03710086211471631
2025-07-02,0.017269452763646,0.044183517543419495,0.02860995523798792
2025-07-02,0.0366580221328835,0.03603745769991998,0.041531163622471695
2025-07-02,4.734758566954075e-05,-0.0016327492102413271,0.0013481169804786
2025-07-02,0.0151286773872502,0.026209811953275472,0.02725982159311619
2025-07-02,0.0278935853817455,0.03520497658056761,0.036862000736793674
2025-07-02,0.0001734195876312,-0.01364327382320002,0.001042780883596859
2025-07-02,0.0337010189764733,0.03231125352382952,0.0341174186597115
2025-07-02,0.0169295609160837,0.011395195563009473,0.024540691438181973
2025-07-03,0.0175608912091549,0.03984595681234851,0.031427707148251896
2025-07-03,0.0373049353326823,0.03235990981163049,0.0412856929696186
2025-07-03,4.773371626212929e-05,-0.004609230730351341,0.0013663305351987913
2025-07-03,0.0155938030692591,0.022414480692729895,0.04037233890686038
2025-07-03,0.0387090370282368,0.030153769733053146,0.04487334944377916
2025-07-03,0.0001796163200809,-0.018200329767359733,0.0010378143507413457
2025-07-03,0.0356551947220569,0.028196447060259294,0.035208725192873956
2025-07-03,0.0177929076843317,0.007328626714351121,0.02464223162286851
2025-07-03,0.0283370864275274,0.0315343974485683,0.03828014678490443
2025-07-04,0.038900329184522,0.03132524187722957,0.04372146305396358
2025-07-04,0.0175795906746044,0.04089989217158721,0.03344410870262885
2025-07-04,0.0372761566006787,0.033556063702316535,0.04034037130335513
2025-07-04,5.085317520199213e-05,-0.004254998154085039,0.0013641793212584706
2025-07-04,0.0155592575308725,0.02357334870044142,0.04045950718640937
2025-07-04,0.0281148038510685,0.03231944278892954,0.036621062895209854
2025-07-04,0.0001771772017578,-0.017095741041990693,0.0009821173269254511
2025-07-04,0.0356623619073082,0.029331236802730847,0.03520273812329786
2025-07-04,0.0178001303947174,0.008291723704049705,0.02436315722436244
2025-07-05,0.0398039812652248,0.033946752271115585,0.04441907248343888
2025-07-05,0.0177064541076775,0.04287353545819529,0.03103135681850299
2025-07-05,0.0375976054539211,0.0361105896364213,0.04051321158354865
2025-07-05,5.368910187761466e-05,-0.0028705451485638647,0.0011708813042818824
2025-07-05,0.0157807853032728,0.025989183510153335,0.04014401028433886
2025-07-05,0.0280059772599936,0.03490488249842667,0.03339072109352031
2025-07-05,0.0001757810329048,-0.014450402852788577,0.0009824657582353043
2025-07-05,0.0361055011406539,0.03184958753894247,0.03532730492876806
2025-07-05,0.0179835371050416,0.01117736956503693,0.02429129254878654
2025-07-06,0.0363093388189399,0.032876178617964325,0.038862551435485275
2025-07-06,0.0170312568983081,0.03849512677525442,0.028455378557579417
2025-07-06,0.0359095879877236,0.0352761818663157,0.033934016188078446
2025-07-06,5.462856560713865e-05,-0.0049240950492078495,0.0010964541307161512
2025-07-06,0.0133070584978124,0.024686444467466095,0.04346343272393588
2025-07-06,0.026421450544736,0.034078832549462465,0.03312389565470089
2025-07-06,0.0001756871024321,-0.015981006611966747,0.0009902730589211712
2025-07-06,0.0333135836915838,0.030787424904519137,0.033161914341236935
2025-07-06,0.0169614935857498,0.009752018773592556,0.023948533210590553
2025-07-07,0.0169448068039455,0.037445915574748065,0.02901526803580385
2025-07-07,0.0359958129896042,0.03602579542947455,0.03798809810218915
2025-07-07,5.431611396278228e-05,-0.004632521457812344,0.001088065950399201
2025-07-07,0.0131749730625507,0.02554731783976137,0.04235626003820333
2025-07-07,0.0364155625194626,0.03394551852719445,0.03294550039788157
2025-07-07,0.0001673453334871,-0.013633173876643673,0.0009804966493418968
2025-07-07,0.0332425286448183,0.03140867227738514,0.0333111578543119
2025-07-07,0.016372024907647,0.010387465876932265,0.023137973811936725
2025-07-07,0.0261646435378783,0.035051766024259204,0.033371952503791595
2025-07-08,0.0360876221356265,0.03558364070865361,0.03551822490372489
2025-07-08,0.0158328760488551,0.03891899991370411,0.030953474688507305
2025-07-08,0.0361415563138218,0.03762496278374636,0.04109244880144665
2025-07-08,5.526916975145848e-05,-0.003485733442770117,0.0012136196740550145
2025-07-08,0.0130554432614076,0.027245428079114273,0.04039546507562161
2025-07-08,0.0261485860922583,0.03674607333787833,0.038825988409816464
2025-07-08,0.0001630891871663,-0.012762549722648717,0.0010532382615679487
2025-07-08,0.0331577906438334,0.033145465743722555,0.03510970164149846
2025-07-08,0.0163421422654563,0.012273448739120594,0.024589228947524477
2025-07-09,0.0154976063315653,0.03815860766688334,0.03099618600304878
2025-07-09,0.0362146095593828,0.03706590218913193,0.041513197651819884
2025-07-09,5.714298051017824e-05,-0.0042663251208105435,0.0011874355320628583
2025-07-09,0.0130536573523713,0.02682939278891456,0.04037133402239264
2025-07-09,0.0363025194283141,0.03512422550023074,0.035620618965294594
2025-07-09,0.0001639545780406,-0.013322686474002816,0.0010312812909693803
2025-07-09,0.0335081038558785,0.03263539852609666,0.03525194094387149
2025-07-09,0.0163687805663869,0.011643226519816485,0.024584252880787236
2025-07-09,0.0253596005218859,0.03560089495523147,0.036414105126869226
2025-07-10,0.0151779773807903,0.03572551651597153,0.031524462398955594
2025-07-10,0.0353198827358048,0.0346849059352633,0.04293092997923696
2025-07-10,5.8024203497903206e-05,-0.0077097737709813235,0.001105745756419755
2025-07-10,0.0126722514533685,0.024291450898510036,0.04077535063962716
2025-07-10,0.0363040263531941,0.03242094539942561,0.03744068625173963
2025-07-10,0.0001655038850278,-0.01776309853025347,0.0010317505742444852
2025-07-10,0.0328874822038588,0.030192856881330856,0.03548089712743217
2025-07-10,0.0149381548403687,0.008756409100499945,0.024728878380042858
2025-07-10,0.0259915214569343,0.032233732057174475,0.03831876818189072
2025-07-11,0.0385296316802986,0.034179074803031756,0.04307392944762808
2025-07-11,0.0150948362301558,0.03781710045571665,0.033254706845401626
2025-07-11,0.0358967190502687,0.036566609984147916,0.04322988658532254
2025-07-11,6.3670586279363e-05,-0.001963824553229007,0.001274868844343838
2025-07-11,0.0132375824724739,0.025862867112406485,0.03867614413126287
2025-07-11,0.0001655553218656,-0.012096945392577434,0.001017100350985435
2025-07-11,0.0337748241922856,0.031303682363421514,0.035834335229632544
2025-07-11,0.0166054069455415,0.010075896367288163,0.025177513942294564
2025-07-11,0.0278391645134033,0.03378963784428515,0.03766434557404678
2025-07-12,6.843296482748911e-05,-0.0035555261834652324,0.0011007916266917166
2025-07-12,0.0133007548454016,0.036753358931100655,0.04417949316841902
2025-07-12,0.0356353140061417,0.0366327926337867,0.045377755157857434
2025-07-12,0.0388176766918842,0.03387488678645052,0.04834616376757248
2025-07-12,0.0131705905007929,0.025575984788640017,0.03817770002594735
2025-07-12,0.000169802478143,-0.013014762155106725,0.001013350790236268
2025-07-12,0.0164923890149312,0.009463284614659572,0.025173319981929867
2025-07-12,0.0302850084439593,0.03404061335339041,0.035455524934126466
2025-07-12,0.0336835512169075,0.031064339748544504,0.035886060584707107
2025-07-13,0.015660476735711,0.009290036461599514,0.024562734252317028
2025-07-13,0.0325131943925899,0.03112982220606918,0.035866496261243
2025-07-13,0.0001681587859007,-0.01498451062978353,0.0010303309166858322
2025-07-13,0.029362871834407,0.0342928159084748,0.034414789687975435
2025-07-13,0.0128046935625628,0.02583563041732949,0.04020967916810651
2025-07-13,7.010458236360545e-05,-0.0038053699802657465,0.0011956401133889135
2025-07-13,0.0342933007809921,0.037139630493251086,0.04201533409182041
2025-07-13,0.0121678368335507,0.03749530441811248,0.044311267537557104
2025-07-13,0.0372788300821112,0.034110700783237705,0.045226175032818956
2025-07-14,6.851394260720206e-05,-0.00404635569851277,0.0011549828020619923
2025-07-14,0.0372223363068713,0.03396078471697704,0.043492202110952144
2025-07-14,0.0119682206167724,0.0372893225842114,0.032777935722568506
2025-07-14,0.0338526008062926,0.036881438436420305,0.04127839073819935
2025-07-14,0.0319450649255904,0.030701652252628196,0.03597708724036927
2025-07-14,0.0292496748972032,0.03373812769140641,0.03311135975935448
2025-07-14,0.0001685783954635,-0.015424436396504204,0.0010147461914704983
2025-07-14,0.0157764476393117,0.008725290536429408,0.02441927287232521
2025-07-14,0.0128667250834315,0.02554105480195222,0.04037454496699771
2025-07-15,0.0371770733610065,0.03221818429994719,0.049576216489601053
2025-07-15,0.0334253079333989,0.035198637661500554,0.04441396463424196
2025-07-15,0.0120102272648037,0.0354619215078906,0.03907240567276365
2025-07-15,6.843600173611225e-05,-0.005625841572340973,0.0010141953150860643
2025-07-15,0.0317104202667879,0.029039472100698033,0.03601851894394341
2025-07-15,0.0296927800583539,0.0321517467229738,0.03351343157553191
2025-07-15,0.000171687544991,-0.01648361834252486,0.0009742815177120697
2025-07-15,0.015684029417413,0.007067763474727217,0.02495781170322568
2025-07-15,0.0125677475156178,0.023785808991544956,0.03847812816251627
2025-07-16,0.0321237068722741,0.03603574004292112,0.042150480065579365
2025-07-16,0.0370250519061112,0.03388156613887548,0.04699510413129065
2025-07-16,0.0120946636149058,0.03612378131122791,0.039772636178435974
2025-07-16,0.0125667580691661,0.0252126897066526,0.03184845612803676
2025-07-16,6.797203100326123e-05,-0.0047708761487768175,0.0010634493187261789
2025-07-16,0.0001651390460074,-0.015774327464735213,0.0010036471943061297
2025-07-16,0.0322974571285477,0.03179847271075764,0.03687830077672582
2025-07-16,0.0162002288629998,0.008548613548229857,0.025050253979234816
2025-07-16,0.0299918731148384,0.03309748520275882,0.032947420552375865
2025-07-17,0.0387764575352392,0.034211012615828706,0.05093602042319209
2025-07-17,0.0129638825596226,0.03684732160987675,0.03479372675966824
2025-07-17,0.0336339792219402,0.0362764073910347,0.04338770184109494
2025-07-17,6.773164847294321e-05,-0.004765509262560509,0.0010987361262398646
2025-07-17,0.0344323303838686,0.03226500745218569,0.037751767814623756
2025-07-17,0.0300260598943706,0.033333805859974044,0.03316356656094224
2025-07-17,0.0001684890790198,-0.015202448046508957,0.0010192319195214644
2025-07-17,0.0161343546979942,0.008298045024995777,0.025100850443147738
2025-07-17,0.0133436133704128,0.025974632118438895,0.03085926321481301
2025-07-18,0.0129771796411459,0.037758299535502304,0.04415955592300347
2025-07-18,0.0332551642599779,0.03651110735523763,0.04344072038201479
2025-07-18,6.59616288139033e-05,-0.006166270313077107,0.0010893718302829132
2025-07-18,0.0136089900546014,0.026204082921550263,0.030849518513850725
2025-07-18,0.0385450203486091,0.03431847765802655,0.05214202163446129
2025-07-18,0.0001582354473564,-0.013430967994803839,0.001015436478008127
2025-07-18,0.034302855196372,0.03231473766720486,0.03784970051143591
2025-07-18,0.0154350323988454,0.008309252345484856,0.025100850443147738
2025-07-18,0.0366948461592396,0.03720886316150114,0.036028287665990685
2025-07-19,0.0404166749157592,0.0369639050535535,0.05642367591038417
2025-07-19,0.0137810220306317,0.040418759747484614,0.04902067260735657
2025-07-19,0.0330917393338039,0.0370527199125089,0.043430385238030826
2025-07-19,6.725200412441792e-05,-0.006627893014371694,0.0010485145614985362
2025-07-19,0.0134808957224864,0.027044140060411205,0.03304075810114086
2025-07-19,0.0001577772437098,-0.013402125957555702,0.001013161488075177
2025-07-19,0.034294076052948,0.03314088519079515,0.03793569520059304
2025-07-19,0.0157186420829221,0.008885156027622135,0.025173319981929867
2025-07-19,0.0372882847640777,0.037195045647251665,0.035976365599560314
2025-07-20,6.793543389346537e-05,-0.007682049162030184,0.0011878246715593104
2025-07-20,0.0148549418258167,0.039817090767836,0.04444102470452287
2025-07-20,0.0331325458994783,0.03593840985310487,0.040301296012963124
2025-07-20,0.0134670810422493,0.02605766893987483,0.03069236310643263
2025-07-20,0.0404343028986259,0.03598324683879263,0.05358383906502531
2025-07-20,0.0001572007156304,-0.015192227907298322,0.0010187170279109706
2025-07-20,0.0342315306662181,0.03179611553165754,0.03786462701249088
2025-07-20,0.0157229210184712,0.0076444739900576215,0.024562734252317028
2025-07-20,0.0372222491598979,0.03610364795284389,0.03566538550291833
2025-07-21,0.043488682729073,0.04125772838595247,0.054162088517874074
2025-07-21,0.0149739338330354,0.04204603448825625,0.04063752538320122
2025-07-21,0.0315564675623219,0.038748583631310535,0.042464927785957576
2025-07-21,6.778725412543381e-05,-0.005281882787325012,0.0011008507801745816
2025-07-21,0.0328474839438942,0.03490092671685391,0.038056060675011896
2025-07-21,0.0366061063125999,0.038488547344207494,0.03563286823995623
2025-07-21,0.0154834510239829,0.009955447435954775,0.02464223162286851
2025-07-21,0.0143899187830602,0.030350368710585413,0.031011152631922556
2025-07-21,0.0001572469668944,-0.012733747995409203,0.0010176031301799599
2025-07-22,0.0149574652755922,0.010620025675295259,0.025133454440657284
2025-07-22,0.0299768768460682,0.035988024074320266,0.038497012749793905
2025-07-22,0.0001554507412186,-0.013332300098169866,0.0010223236766165162
2025-07-22,0.0352822702216981,0.03970316110851112,0.03573298301061909
2025-07-22,0.0133241627876017,0.03164731941467329,0.03104311041549336
2025-07-22,6.787908533173599e-05,-0.004666531040686858,0.0010887963279605699
2025-07-22,0.0325345661204189,0.04138701864364526,0.04467044387004265
2025-07-22,0.0147980816658299,0.04301821238163793,0.04533305550333661
2025-07-22,0.041327140509329,0.04265849974843905,0.0543648230538661
2025-07-23,6.795667463720333e-05,-0.005054107199387509,0.0011174592999575181
2025-07-23,0.0411666144557701,0.04336015691070451,0.05251214271370669
2025-07-23,0.0136679479751744,0.04333513387671324,0.04595355883457604
2025-07-23,0.0326050964018969,0.04114804984481053,0.04479193141443597
2025-07-23,0.0129782256010648,0.03126659420423862,0.031868164116233846
2025-07-23,0.0349164016619085,0.0404534154341806,0.03573251580092725
2025-07-23,0.0001556001855178,-0.013515503479278976,0.0010208910359755647
2025-07-23,0.0294947324804726,0.03698277462509133,0.03892784497213853
2025-07-23,0.0150672316692181,0.010025857666887485,0.02525700804066738
2025-07-24,0.0459736145384205,0.04349620043624376,0.05209545439419215
2025-07-24,0.0133105070655111,0.04433210934259803,0.05253655843113886
2025-07-24,0.0334621202971116,0.042298849117852935,0.04567514294088243
2025-07-24,7.040316435376697e-05,-0.006814889592492296,0.0010992475275379276
2025-07-24,0.0121927786074265,0.032074739486393194,0.034745038641823094
2025-07-24,0.0407971145569607,0.040833688578246166,0.036718540356325484
2025-07-24,0.0001375150104368,-0.010579008124332365,0.0010153819014965967
2025-07-24,0.0279573849718091,0.037913605469036105,0.039002560153381764
2025-07-24,0.0134074825305833,0.009568748034841406,0.02498562036092234
2025-07-25,0.0134287086615136,0.045333478113909836,0.05520678508157267
2025-07-25,0.0345360010968184,0.042905100891805756,0.045550107010529764
2025-07-25,6.715287648639729e-05,-0.0061200531035049965,0.0011074252900170503
2025-07-25,0.0468786552901996,0.0440529275148385,0.05166750673848936
2025-07-25,0.0124157063412243,0.03266702824290417,0.03182361814324164
2025-07-25,0.0001350320161727,-0.00994403118953277,0.0010197513560214575
2025-07-25,0.0134549744105856,0.010337508516696733,0.025259535753672666
2025-07-25,0.0410241597358181,0.04141964393622305,0.03678425738604344
2025-07-25,0.0279821587394949,0.03862018972077937,0.03915235139413029
2025-07-26,0.0134980339842392,0.011265873103625746,0.02528574354918718
2025-07-26,0.0276214276931047,0.038364760655526006,0.03902119270875895
2025-07-26,0.0001516797411665,-0.009838819475437771,0.0010192362203598135
2025-07-26,0.0410190078832441,0.04157992420568907,0.03643990461170295
2025-07-26,6.636392639752667e-05,-0.0059065429976146375,0.0010572199815404746
2025-07-26,0.0342909387237571,0.04317703110823863,0.04561951370329181
2025-07-26,0.0133794966866811,0.045719835463316136,0.05462534686790529
2025-07-26,0.0467794067285711,0.04444764326860738,0.05147179586376971
2025-07-26,0.0125790266311755,0.03372307088773994,0.032232008075241854
2025-07-27,0.0462775930198135,0.04407989771927874,0.041270881098919666
2025-07-27,6.634874829596094e-05,-0.00645921742495148,0.0011754575439477575
2025-07-27,0.013168800104416,0.04539219643674536,0.03614970928867406
2025-07-27,0.0335949603813091,0.04277605717612991,0.04222768612375962
2025-07-27,0.0124159032281352,0.03335292490376393,0.03176086055863012
2025-07-27,0.0001554415462411,-0.010700144337865022,0.001031137533797245
2025-07-27,0.0275271612390414,0.03783547908947984,0.038876907366838305
2025-07-27,0.0134590812587233,0.010277565528554373,0.024654345279673303
2025-07-27,0.0399872767796027,0.04114051401201395,0.03615050674400169
2025-07-28,0.0462750704649918,0.043528719263740454,0.040610185533300786
2025-07-28,0.0131880861957596,0.04504964892902211,0.03637072409513623
2025-07-28,0.0335604378675308,0.042072457225853094,0.042530541876282905
2025-07-28,6.525990512291224e-05,-0.006968019258260509,0.001085571384261543
2025-07-28,0.0157306220838304,0.033733917278036485,0.03485356820599229
2025-07-28,0.0001554900955052,-0.011219209392100443,0.001026726412052064
2025-07-28,0.0276195283035529,0.037029175072251216,0.03865075023617206
2025-07-28,0.0135507216482624,0.00945649456151523,0.024722228718510098
2025-07-28,0.0400033952629408,0.040535747634900574,0.036127323953221116
2025-07-29,6.601460332801542e-05,-0.006899233570119526,0.001071817657471549
2025-07-29,0.0131877208544219,0.04611702548555381,0.04994258069927911
2025-07-29,0.0329434913003627,0.04201063505244364,0.042520179746762574
2025-07-29,0.0484843943391396,0.04375917804920548,0.04508422099283781
2025-07-29,0.0169205341981491,0.03399856296576889,0.03518962349326767
2025-07-29,0.0001650268186909,-0.01119395773941538,0.0010227782409423418
2025-07-29,0.0283411160750125,0.03762485541544771,0.03896475092326488
2025-07-29,0.0138448805209865,0.010650531549503007,0.024893975201107563
2025-07-29,0.0409261116810828,0.041018398036085854,0.03586587737550192
2025-07-30,0.0483712199105041,0.04307836898644758,0.040460414873561966
2025-07-30,0.0153676337010642,0.0471517896162133,0.054433936819354246
2025-07-30,0.033021764371751,0.041255400973935555,0.04102007173593565
2025-07-30,6.590384639598551e-05,-0.007738433345855417,0.0010636767336416298
2025-07-30,0.017720659813647,0.03346426773527118,0.034574725158193646
2025-07-30,0.0409696380241699,0.04018889298367845,0.035750290157930784
2025-07-30,0.0001650721018911,-0.012544957192467135,0.0010184599837098109
2025-07-30,0.0283626606268104,0.03690033643315664,0.038838134366309174
2025-07-30,0.0138079904302982,0.009963145511427737,0.024845813295810475
2025-07-31,0.0481104094199841,0.04241764134053831,0.04018431384345739
2025-07-31,0.0168342814090984,0.04607404366624035,0.04265285940211506
2025-07-31,0.0332914197939474,0.04000686629898566,0.040827523652382486
2025-07-31,6.373693225808354e-05,-0.009869946114241399,0.0010589549899445276
2025-07-31,0.0181196894714218,0.032578582360742056,0.03459090874845731
2025-07-31,0.0411397965293595,0.03899268512170312,0.03592972139181477
2025-07-31,0.0001657922521677,-0.013892738488564108,0.0010207770851255848
2025-07-31,0.02817341044119,0.03609485502584206,0.0388167919268344
2025-07-31,0.0135478056172296,0.00907555115738996,0.024826853408388985
2025-08-01,0.048230527579399,0.04076444981355544,0.0354403044037208
2025-08-01,0.0169421344974166,0.04426598296262456,0.03564561142927509
2025-08-01,0.0322271373394039,0.03863231029583718,0.03883384075993171
2025-08-01,6.280814588117414e-05,-0.010958967855306194,0.0010208342795552054
2025-08-01,0.0180028728402004,0.031061201780589687,0.033620389326761584
2025-08-01,0.0409424906852776,0.037567800541841334,0.03540685694489902
2025-08-01,0.0001645319548305,-0.015004835149906123,0.0009614097959327713
2025-08-01,0.0279222215872159,0.034604301321700184,0.037715527520138695
2025-08-01,0.0137430473234111,0.00797945026286585,0.023636563538578032
2025-08-02,0.0477459407300209,0.04258831712812251,0.04386189800628724
2025-08-02,0.0167328843480634,0.0463898736577323,0.042557317373029015
2025-08-02,0.0335662682054378,0.039626539881910006,0.04074980733943053
2025-08-02,6.306891971810551e-05,-0.010982384841240367,0.0008773988935489307
2025-08-02,0.0192520808474974,0.031729902955353606,0.03197839324807429
2025-08-02,0.041197397864544,0.0387074286421098,0.035844087885824424
2025-08-02,0.0001654969317465,-0.013152381898836912,0.0009599230309582762
2025-08-02,0.0291536034880757,0.0364673221405275,0.037788904995327076
2025-08-02,0.013479079040333,0.010122940356024544,0.023867627006860025
2025-08-03,0.048671933223569,0.04006006123373389,0.0403171203570749
2025-08-03,0.0168027373350722,0.043874526113440476,0.03805535910456143
2025-08-03,0.033974943557023,0.03703973283183441,0.03731537193562291
2025-08-03,6.052681651688221e-05,-0.013326892264849392,0.0008976515871805617
2025-08-03,0.0200702876448384,0.029272550902616802,0.030938385816575563
2025-08-03,0.0435079589442863,0.03642149408747243,0.03627504323523113
2025-08-03,0.0001700100348341,-0.015362866179183282,0.0009683027951732042
2025-08-03,0.0298416831146349,0.03388516874318423,0.03771534565692306
2025-08-03,0.013497717370742,0.0076095691753669085,0.02333672627477502
2025-08-04,0.047772842277736,0.04393303280723762,0.03383028845435131
2025-08-04,0.0165552176521202,0.04777643688176551,0.03828727748953905
2025-08-04,0.0336237668621829,0.040794137083877996,0.03855738427096397
2025-08-04,5.810873406719811e-05,-0.008499327526820262,0.0010447254745396969
2025-08-04,0.0199701804942252,0.03293203228006715,0.03139639110553171
2025-08-04,0.0444482077832399,0.03965523715522379,0.03616999396505537
2025-08-04,0.0001780032590975,-0.012628374530520604,0.0009801995549019364
2025-08-04,0.0290298205966426,0.03757516910879956,0.037903601238006984
2025-08-04,0.0134023306457886,0.010802471865078007,0.023707107073175
2025-08-05,0.0486420835606505,0.04388987040528598,0.03622937326839217
2025-08-05,0.0166744080820125,0.04771574163573793,0.03802213170392241
2025-08-05,0.0344848982684419,0.04081758238779329,0.03848471794475029
2025-08-05,5.664626566404716e-05,-0.008562024028640876,0.0010464155605888082
2025-08-05,0.0202352649249539,0.03292012185803338,0.031008734084701166
2025-08-05,0.0447705982123706,0.0395943567666938,0.03469968429089559
2025-08-05,0.0001788220503405,-0.012164903032623672,0.0009804225127025988
2025-08-05,0.0303496629465376,0.037538125053362605,0.03786962465677341
2025-08-05,0.0134521415679077,0.010758975236438793,0.023702210913844484
2025-08-06,0.0166057218320383,0.04795733881391602,0.03823986320022689
2025-08-06,0.034796374075588,0.040883263019595883,0.04003685597235591
2025-08-06,5.92983047834228e-05,-0.007378620852237373,0.001105157317682484
2025-08-06,0.0206467729951077,0.03288546427000403,0.031378759173150216
2025-08-06,0.04937384087095,0.04388116291075504,0.03492213640826724
2025-08-06,0.0001777698651603,-0.01221566849833386,0.0010518002662928245
2025-08-06,0.0312151646591293,0.037610985247591044,0.03885670109852032
2025-08-06,0.0135250286916411,0.011148979231813242,0.02464825601107459
2025-08-06,0.0454905464110452,0.03963207012191189,0.03733652943835191
2025-08-07,0.0492402710422714,0.043467067100963694,0.034382851991450566
2025-08-07,0.0165878631485714,0.04753805294243353,0.03823107053976808
2025-08-07,0.0347320236194499,0.040437863087706055,0.03874487872326546
2025-08-07,5.849101558007935e-05,-0.007496231141610021,0.0011632546077587878
2025-08-07,0.0207913684569526,0.032338893213479644,0.03122818147620217
2025-08-07,0.0454705306596698,0.039119218790927675,0.03697516830925667
2025-08-07,0.0001841531731797,-0.012927303200948322,0.0010305864220504786
2025-08-07,0.0309635160111818,0.03712578479644085,0.038852838104930246
2025-08-07,0.0134404225850308,0.01044429288514637,0.02464515872892971
2025-08-08,0.0510166251821992,0.04306024109047647,0.038010436751396044
2025-08-08,0.0165835395535321,0.04806982936609647,0.0396077581271289
2025-08-08,0.0353033887401623,0.04034556238773572,0.03964111445626515
2025-08-08,5.6418166768475285e-05,-0.00685683658662517,0.0010868881125743462
2025-08-08,0.0209917168767943,0.03227927017853842,0.031022241313513586
2025-08-08,0.0485685035189455,0.03864197842506585,0.035629987044160136
2025-08-08,0.000183363061426,-0.0119669055894542,0.0010232468517870524
2025-08-08,0.032046247201547,0.03668102935906567,0.03866315959784031
2025-08-08,0.0138664355758253,0.010305929849042956,0.024761539823496128
2025-08-09,0.0504892042867199,0.044308503193851365,0.04074018939649165
2025-08-09,0.016614095895544,0.0484061996818875,0.038498671596139955
2025-08-09,0.0348544960474451,0.041224881634504065,0.040997073670383355
2025-08-09,5.76224178673258e-05,-0.006006142952097074,0.0011706248582237751
2025-08-09,0.0209527927308104,0.032740151570191,0.031050946150514753
2025-08-09,0.0484062026375115,0.03912889217762286,0.03568972603762738
2025-08-09,0.0001827450589165,-0.011199971365640923,0.0010242339460644842
2025-08-09,0.0310112817098416,0.03794667145300959,0.03887963496271541
2025-08-09,0.0134804541993425,0.010879984415754735,0.024767844226267984
2025-08-10,0.0167272454309009,0.0471168985226631,0.033225311180628964
2025-08-10,0.0342755718601865,0.04013907887236293,0.03979361871018419
2025-08-10,5.3673601606820085e-05,-0.013562803600948567,0.0010024355235250014
2025-08-10,0.0206883829541735,0.03105121935583255,0.03106502691596751
2025-08-10,0.0496137998762419,0.04415746566366435,0.04854981208719853
2025-08-10,0.0001798809440524,-0.01673743248163663,0.0010495901512053221
2025-08-10,0.0309862706503163,0.0382431212554047,0.03989567789998321
2025-08-10,0.0113547650678762,0.009597679023748234,0.024694192938001062
2025-08-10,0.0478604994409891,0.03750270089169844,0.03540651028123044
2025-08-11,0.0497313119011659,0.0462587270170364,0.04655269003946564
2025-08-11,0.0163021134185509,0.04813816826805134,0.03943842268041121
2025-08-11,0.0342758384940979,0.04019362401086922,0.04125079977134793
2025-08-11,4.704067353953388e-05,-0.012193589474221854,0.0010006792220832981
2025-08-11,0.0206890423079712,0.031751970853753086,0.031014326855216885
2025-08-11,0.0464476031984778,0.03974402714898778,0.035667683947910894
2025-08-11,0.0001764097411144,-0.01436724662980822,0.0010285438646190585
2025-08-11,0.0310696645081709,0.039280647720861275,0.046394983488985894
2025-08-11,0.01184683335364,0.009341906983240226,0.024680650308296744
2025-08-12,0.0166057584523,0.048743916157406725,0.04477544280062176
2025-08-12,0.0352351558505563,0.040517991738892964,0.041590509824916556
2025-08-12,4.560401241183736e-05,-0.011677948016748554,0.0010220344329194618
2025-08-12,0.0205827041303918,0.031970474927675116,0.031159550368133185
2025-08-12,0.0504884091090082,0.04639212361278948,0.05092720641336719
2025-08-12,0.0001768780759262,-0.01393378853517211,0.001031288895618641
2025-08-12,0.0310786027013772,0.0395828110107662,0.04596353106658941
2025-08-12,0.0118729146794175,0.009850296390567923,0.02520005125681748
2025-08-12,0.0465757707710433,0.03997746540126007,0.03572962972841034
2025-08-13,0.0168312937967354,0.048320228155338846,0.039567171042424285
2025-08-13,0.0390881661819368,0.040237321700843,0.04206434671275609
2025-08-13,4.5826745113499206e-05,-0.010133028847781285,0.001052387592354062
2025-08-13,0.0212098910599439,0.031747837530333944,0.03098874938324365
2025-08-13,0.0514666426658608,0.04605014123433038,0.04985631277486344
2025-08-13,0.000181589040347,-0.012143661567043662,0.0010350948621944602
2025-08-13,0.0338490321482988,0.03862948196462654,0.03996421263686958
2025-08-13,0.0117830364717727,0.00976744907590937,0.025144529048682265
2025-08-13,0.0467043616228565,0.04017452110349824,0.035730793471857154
2025-08-14,0.0517570994240782,0.04608989224301677,0.056062688548990214
2025-08-14,0.0172717233576076,0.04721130737754331,0.037246359406705454
2025-08-14,0.0397942253286841,0.04029181716775332,0.042505119673859094
2025-08-14,4.598179243634408e-05,-0.00997580493825459,0.0009795872665411501
2025-08-14,0.0212239039355008,0.0321949454180081,0.0310717464063028
2025-08-14,0.0002033475187752,-0.014447345636820139,0.0010364294509104869
2025-08-14,0.0340212110703091,0.03888275280787837,0.04001083416917772
2025-08-14,0.0127594133651542,0.00962284637553661,0.025269199349738935
2025-08-14,0.0462138276181616,0.04154144038102854,0.03672271793308899
2025-08-15,0.054766727084404,0.04267162236396471,0.046671641800027405
2025-08-15,0.0173750376567385,0.045699682385080445,0.049305485770617934
2025-08-15,0.0409541811411994,0.03847719729249506,0.0444601320038157
2025-08-15,4.5947073492000455e-05,-0.010599625171589709,0.0009967751585641719
2025-08-15,0.0002165216636515,-0.009258838917007128,0.0010193394939285248
2025-08-15,0.0476964002844393,0.039681044233551635,0.036144506628480295
2025-08-15,0.0146666384825541,0.00955563656732281,0.025228401361298294
2025-08-15,0.0213872032085987,0.03158779491879775,0.03366269264148728
2025-08-15,0.0354169260140138,0.03557029201997909,0.038701664367685865
2025-08-16,0.014662352594234,0.010045932182620124,0.024892432742222095
2025-08-16,0.0342708715680535,0.0359578195652278,0.03870077472303443
2025-08-16,0.0002056652609404,-0.008594361780420293,0.0010195426051408762
2025-08-16,0.0471160149937301,0.04029135148818273,0.03601639776638803
2025-08-16,0.0214955383179844,0.03206767032508964,0.033442479251506396
2025-08-16,4.543664305103309e-05,-0.010563746003980148,0.00099621837737441
2025-08-16,0.0404239663778614,0.03889442115336536,0.041870846780185794
2025-08-16,0.0173449035744197,0.04616914402410753,0.04240756273805231
2025-08-16,0.0534206823804999,0.04352286784142885,0.045460018830004015
2025-08-17,4.823044381344014e-05,-0.009923363872923516,0.001064697405130592
2025-08-17,0.0532493652765565,0.043877986474983754,0.04247805311240726
2025-08-17,0.0172636066930297,0.04681806110189429,0.03651562710010968
2025-08-17,0.0405441599379025,0.03918423301036508,0.03952384081531361
2025-08-17,0.0340088246556927,0.03617126921405642,0.038621590446505226
2025-08-17,0.039247942334445,0.03927107169927774,0.03557128611879661
2025-08-17,0.0002033601928123,-0.008412067978118054,0.0010294030912162207
2025-08-17,0.0146192370731863,0.010157608736683015,0.02463887574570226
2025-08-17,0.0213976491531615,0.03241471600211511,0.031200123585983168
2025-08-18,0.0515209399559643,0.041671011173715466,0.04027744361935749
2025-08-18,0.0405574398826958,0.038051857068659156,0.03905675588853794
2025-08-18,0.0166881744675296,0.044610002867243634,0.036189704333699724
2025-08-18,4.635767812153433e-05,-0.010149578029052406,0.0011080279329969875
2025-08-18,0.0339667088430922,0.03489995792968689,0.03861013009270576
2025-08-18,0.0390920883500869,0.03846182782930033,0.035150680212962006
2025-08-18,0.0002029373113194,-0.00910878375501474,0.0010287707420587732
2025-08-18,0.0144509367289215,0.009239268718368433,0.02460583888434535
2025-08-18,0.0215836748012061,0.03131057307222676,0.030950183216115833
2025-08-19,0.0415140032886713,0.03912376988937126,0.0400872824207665
2025-08-19,0.052360992714414,0.0425749098559811,0.043445067497078375
2025-08-19,0.0160760428255694,0.04515173704555432,0.03542194065948862
2025-08-19,0.0217706113861439,0.03234149497473368,0.03094785242148803
2025-08-19,4.748861084915933e-05,-0.009765242530528441,0.0010231244604371758
2025-08-19,0.0002058880903765,-0.008111363937199044,0.0010242984336585029
2025-08-19,0.0349854832537343,0.03619524898618527,0.03875392928987343
2025-08-19,0.0145868473618669,0.01085756707461345,0.02519632581555273
2025-08-19,0.0390930509871206,0.03968722481849131,0.036527329128239944
2025-08-20,0.047731903587879,0.04048289573427698,0.041420587690614935
2025-08-20,0.0159347093469266,0.045385919982999234,0.03491747883396315
2025-08-20,0.0418657327284349,0.03921614225620085,0.03972583824498656
2025-08-20,4.7494608905485965e-05,-0.009286058683092943,0.0010584563241216878
2025-08-20,0.0360795829806056,0.035468440118092484,0.037914179868032374
2025-08-20,0.0407518412543977,0.03929547691568263,0.03789614312537332
2025-08-20,0.0002288960676678,-0.010453257173935332,0.0010234648414682798
2025-08-20,0.0155575062395608,0.011895389794673934,0.025183282294247974
2025-08-20,0.0219430759943874,0.0312841551056916,0.030613403782999246
2025-08-21,0.0161339703228486,0.0452659367761189,0.034830870084546946
2025-08-21,0.0405371294057163,0.03843853641460249,0.03967684655130631
2025-08-21,4.756794725621506e-05,-0.008686866344524563,0.001004211761327759
2025-08-21,0.0239002893040935,0.031455853777743965,0.031063133309421107
2025-08-21,0.0492683234029796,0.04046479241898594,0.042329867900965115
2025-08-21,0.0002315236691407,-0.010668845180912809,0.0010267421178694008
2025-08-21,0.0376121267594279,0.03517934453791284,0.03791970263491713
2025-08-21,0.015766204312078,0.011809267171423273,0.024840027210565396
2025-08-21,0.0408604548624164,0.03921059615049896,0.03750500102900096
2025-08-22,0.0494833203679717,0.03982287057360208,0.039149352407139223
2025-08-22,0.0161763518918809,0.044779153034814695,0.034992643308471634
2025-08-22,0.0401196664236729,0.03850069519918521,0.04072180205061581
2025-08-22,4.7462365771028944e-05,-0.008167252319398008,0.0010928842356990767
2025-08-22,0.0246852863386967,0.031408026510989756,0.030502725055867957
2025-08-22,0.0002374144633556,-0.011452506325645921,0.0010546633164855842
2025-08-22,0.0379600464140872,0.0341418556678347,0.03808414931449358
2025-08-22,0.0154506500312867,0.011993612093541075,0.024777294176370798
2025-08-22,0.0411912579441188,0.03864517203400808,0.037313851029754395
2025-08-23,4.701291515469215e-05,-0.0045772531342097855,0.0011195971410235437
2025-08-23,0.0165826793469343,0.04269131867650201,0.03574501894845015
2025-08-23,0.042306347025366,0.03648638462993489,0.04224436246496106
2025-08-23,0.0274167853645186,0.029491852924920445,0.03085083275842837
2025-08-23,0.0501360686890221,0.03765857629643618,0.04811131789938474
2025-08-23,0.0002377013785695,-0.010707527236850992,0.00104318414689335
2025-08-23,0.0441196213036383,0.03205819179368606,0.0375898688186592
2025-08-23,0.0170387454621131,0.010601916951262804,0.02521219825567394
2025-08-23,0.0390302592049149,0.036238322310686855,0.035528046753831706
2025-08-24,0.0497776940025913,0.03510644534357192,0.04122737850555353
2025-08-24,0.0167808614320989,0.039975225746089735,0.03397570853010252
2025-08-24,0.0417342648230755,0.03419997449314893,0.041607246275524666
2025-08-24,5.093299210052658e-05,-0.0060132699526010275,0.001138772217932621
2025-08-24,0.0442235689526938,0.029394296072567435,0.037358138848639255
2025-08-24,0.0390161602891821,0.03384677547181138,0.03641139701111255
2025-08-24,0.0171815757617676,0.008312588536909676,0.02470029460083404
2025-08-24,0.027756358032185,0.026973545307432643,0.03064930296364124
2025-08-24,0.0002374603828692,-0.013553539066233043,0.0010491185785943514
2025-08-25,0.0174060968129164,0.008955634117149381,0.02479294224698478
2025-08-25,0.0442377383997725,0.02979008602812522,0.03740509823135843
2025-08-25,0.0002344737535169,-0.011902885782825862,0.0010287566115253905
2025-08-25,0.0390260090941002,0.03417918397924792,0.036385755873406866
2025-08-25,0.0276925852623845,0.026999265602394074,0.030534060196754656
2025-08-25,5.100380954493053e-05,-0.0060045739744744794,0.0010451824449477724
2025-08-25,0.0416403850362583,0.03456209821597413,0.04163639910135272
2025-08-25,0.0168117214854298,0.0400067989578011,0.03385980929165518
2025-08-25,0.0497447370006067,0.03516033048793317,0.04292028554628188
2025-08-26,5.133727529271647e-05,-0.006491103700277091,0.0010713397249077082
2025-08-26,0.0529267503851332,0.03503721955428378,0.0436783943969743
2025-08-26,0.0199095791458203,0.03940763857007619,0.03421044059952339
2025-08-26,0.0453473840381336,0.03448629328343748,0.041738881353108284
2025-08-26,0.0288468287809811,0.026900076785154388,0.03057046473396947
2025-08-26,0.0402292853290458,0.03421419306116166,0.037017014899273865
2025-08-26,0.0002357050992632,-0.010027191465060328,0.0010229761772739625
2025-08-26,0.0475160557922332,0.03018386258256395,0.03563570832212641
2025-08-26,0.0180881475320035,0.009927624401320393,0.025204245217182168
2025-08-27,0.0533843320754782,0.036547068153831866,0.03741335949679448
2025-08-27,0.0204302991520259,0.040496695631620214,0.0325345273165733
2025-08-27,0.0459843257656962,0.035903919217752406,0.0398783026061992
2025-08-27,5.2274480357041424e-05,-0.005437825207682004,0.0010442393275008285
2025-08-27,0.0271609409062287,0.02814026163449295,0.030351190428599437
2025-08-27,0.0412177783635372,0.03564947729647344,0.036029017910812734
2025-08-27,0.0002356760272915,-0.008508593286072189,0.0010174803251717867
2025-08-27,0.0479501391540489,0.03138788317703131,0.03537998883740642
2025-08-27,0.0181675080132241,0.011153771081494564,0.024852635858239554
2025-08-28,0.020815709894528,0.040356740727786417,0.032555465778265645
2025-08-28,0.0460335040196642,0.036097204775167674,0.041850988312054395
2025-08-28,5.3020190589600746e-05,-0.004856033773319404,0.001114822996171461
2025-08-28,0.0520572037827105,0.036414551689385996,0.038109714511910815
2025-08-28,0.0267819467484863,0.02805570431075948,0.030738389942375773
2025-08-28,0.000229014633641,-0.008350909851225094,0.0010294634015117123
2025-08-28,0.0180872266828967,0.011110270388128656,0.024734346462091557
2025-08-28,0.0408483063170293,0.03560038906095521,0.03642862182106533
2025-08-28,0.047991519815834,0.0314569081639606,0.03557790524832338
2025-08-29,0.0182589874728125,0.011175320598939446,0.02474073005890417
2025-08-29,0.0479880440067936,0.03194009701119459,0.03692504934099097
2025-08-29,0.0002270193803561,-0.008090960342370224,0.001027992690528176
2025-08-29,0.0408452866340802,0.03605438506408434,0.03607583903639686
2025-08-29,5.556849770288947e-05,-0.0036882009871882643,0.001210334296570615
2025-08-29,0.0468552934129011,0.036242859336325206,0.041463055121054096
2025-08-29,0.0189022087572831,0.03963055406356235,0.032555604480074586
2025-08-29,0.0522054591366235,0.036709559069514425,0.0353684790935808
2025-08-29,0.0266840067803143,0.02805288253488772,0.030388314617903246
2025-08-30,0.0528479985164828,0.034798405167809715,0.03762243773679749
2025-08-30,5.509039260131468e-05,-0.005614786265634317,0.0011764041451720764
2025-08-30,0.0182493777077148,0.036596589747738675,0.0335715699090806
2025-08-30,0.0475777952979939,0.034154503850714765,0.040997519950845475
2025-08-30,0.0266559881264472,0.02625489112041183,0.03040798683896458
2025-08-30,0.0002267758657982,-0.009171483002605743,0.001057390835256628
2025-08-30,0.0484894723052652,0.030349383459226675,0.03741693502272779
2025-08-30,0.0193445083407324,0.010147456221440272,0.025161421502305062
2025-08-30,0.0417602661549761,0.03400134715217862,0.03653607954370021
2025-08-31,0.0520579144393759,0.036112278973457576,0.033561157376528414
2025-08-31,0.0181550222748297,0.037913621478693746,0.032279158509143785
2025-08-31,0.0471610045074486,0.03555527165099144,0.039515727742002876
2025-08-31,5.4911785452500095e-05,-0.00417063837239906,0.0012643491560639104
2025-08-31,0.0264893269654373,0.02761283244104367,0.03088492726934329
2025-08-31,0.0002265366647484,-0.008137883651262612,0.001066935545096488
2025-08-31,0.0480652413112763,0.03155047939796293,0.03739931589056696
2025-08-31,0.019143100799318,0.011147860579748228,0.02469289480708235
2025-08-31,0.0415561725798489,0.03526486702826216,0.03509702443777591
2025-09-01,5.4266142811562094e-05,-0.0024630866598601767,0.0012830652584026059
2025-09-01,0.0181384660960668,0.03887216004314016,0.03144253840384381
2025-09-01,0.0458116439285476,0.03674026592463815,0.03832569976377885
2025-09-01,0.0514662489977536,0.037226126323597855,0.033608644077757606
2025-09-01,0.0255710068607921,0.028805608400534338,0.030943073659419954
2025-09-01,0.0002192953844265,-0.006182372593452508,0.0010836545443223234
2025-09-01,0.0464731954771421,0.03273395761503378,0.03750255188922768
2025-09-01,0.0187968692887523,0.01224931851351541,0.024691990744180752
2025-09-01,0.041477907876862,0.036260319040357536,0.0356830714492422
2025-09-02,0.0507433273947482,0.034962629143493795,0.040566234825162154
2025-09-02,0.0182350823560711,0.0368928821388913,0.032833681638473854
2025-09-02,0.0456664735553065,0.03471007500455438,0.039811192600166384
2025-09-02,5.3841341278120274e-05,-0.004626191041515099,0.0011778510335576802
2025-09-02,0.0251504683154857,0.026678388969585687,0.030760877719457295
2025-09-02,0.0396478447986953,0.033563592970438316,0.03634002100189884
2025-09-02,0.0002174433615691,-0.008372511536674926,0.001063585113115146
2025-09-02,0.0463572496351154,0.03083828432039491,0.03736968288754221
2025-09-02,0.0188609389828513,0.00976386162069819,0.02466519482472071
2025-09-03,0.0504703591102359,0.037874276113702934,0.03588848609537131
2025-09-03,0.0179866616000086,0.04006274564419264,0.033679953880797454
2025-09-03,0.0466485350301311,0.03722242164790045,0.04069868781358275
2025-09-03,5.618157410698291e-05,-0.001095327502225997,0.0013722995829576693
2025-09-03,0.0249909423415813,0.02974636832676536,0.030850464645480708
2025-09-03,0.0385668780929784,0.03613894057143141,0.03529803622589717
2025-09-03,0.0002120140515643,-0.004587902798802432,0.0010927790122209863
2025-09-03,0.0461860187206297,0.03396692817755259,0.037799744049512154
2025-09-03,0.0189846666600723,0.012219186491820504,0.025221208253212564
2025-09-04,0.0496472510510261,0.035863615624374776,0.03433002041877309
2025-09-04,0.0178124760285251,0.038132006285864425,0.0335121454902511
2025-09-04,0.0461277057691812,0.03529981367047112,0.04044725620777327
2025-09-04,5.834621003218882e-05,-0.003467256434841068,0.001342131245686311
2025-09-04,0.0247483640363841,0.027844341748333924,0.030971304735946052
2025-09-04,0.0377382927585954,0.03416624347409997,0.034988755327360545
2025-09-04,0.0002211330340096,-0.00720991292646031,0.0010859495388888837
2025-09-04,0.0452662685202416,0.03178089818594157,0.03766873123563693
2025-09-04,0.0189374471025343,0.010033290784215412,0.0247304469210004
2025-09-05,0.049143798968539,0.033802687101087525,0.033493850658736474
2025-09-05,0.0181372906246663,0.036084041105309314,0.033367061166145504
2025-09-05,0.0463400571727571,0.033366429914810855,0.03856833972096943
2025-09-05,5.592244865907023e-05,-0.005755321177818712,0.001304431510061557
2025-09-05,0.0246234334368362,0.025842510902128836,0.03096486995231707
2025-09-05,0.0373166645265947,0.03216172066256133,0.03475529677970174
2025-09-05,0.0002262823277505,-0.00952506948855461,0.001085894492365552
2025-09-05,0.0454512920025875,0.02998413235309112,0.03766413532980406
2025-09-05,0.018938287701593,0.00826973055362325,0.02478055064940163
2025-09-06,0.0491012423241315,0.03661487177276844,0.036925388311562835
2025-09-06,0.018111909662253,0.03896279656486484,0.032636354039526236
2025-09-06,0.0462233132470629,0.03613631352282855,0.040697516593532664
2025-09-06,5.592788411165248e-05,-0.0029476989937016543,0.0012365301736491157
2025-09-06,0.0244468165943778,0.02861073773825533,0.03097148967563098
2025-09-06,0.0372940038912709,0.03491021431405193,0.03529549672649945
2025-09-06,0.0002212688307539,-0.006224961032815279,0.0010850670427328636
2025-09-06,0.0453802101947507,0.032785599787454794,0.03770862891924967
2025-09-06,0.0188655464976029,0.011120616660307909,0.025204245217182168
2025-09-07,0.0468384691423955,0.03692702864997695,0.0335715699090806
2025-09-07,0.0203499430574279,0.04029125701779651,0.032143121323684264
2025-09-07,0.0458977938508924,0.036318320965870635,0.036959383740986486
2025-09-07,5.632388027378787e-05,-0.002911403155010664,0.0013282305231795476
2025-09-07,0.0242707148629911,0.028885112425149836,0.030971304735946052
2025-09-07,0.0316326499062864,0.03439226140720841,0.03188310608637034
2025-09-07,0.0002239232242968,-0.006683936378875377,0.001075435944907691
2025-09-07,0.0442377650271912,0.032997483636275374,0.03770285278977338
2025-09-07,0.0183935569865234,0.011020566297743634,0.024710281546713692
2025-09-08,0.0475527978101286,0.03644673060593143,0.03591117661257098
2025-09-08,0.022538022490009,0.040488510258413754,0.03304800084873143
2025-09-08,0.0461539265325782,0.03603993205393208,0.0381558741241974
2025-09-08,5.387270015548794e-05,-0.0023241351237040173,0.001485260180556499
2025-09-08,0.0245226131366237,0.028565064301557253,0.03093589187416861
2025-09-08,0.0321043091640018,0.03417617136394002,0.033292551697612416
2025-09-08,0.0002327510664185,-0.006111631681642957,0.0010781293513632815
2025-09-08,0.0440387067823345,0.03265096347805778,0.037691252304473614
2025-09-08,0.018470082624672,0.010686263694159575,0.02463887574570226
2025-09-09,0.0224956146029723,0.041188472316699754,0.03190515664167071
2025-09-09,0.046421695808714,0.03667037006884798,0.04176458600213076
2025-09-09,5.2506422474536e-05,-0.001490110459674246,0.0014561253867940685
2025-09-09,0.0245435749565684,0.0294619923648052,0.030775609228146355
2025-09-09,0.0480422955244395,0.03694595346171593,0.043606455478756787
2025-09-09,0.0002314063576177,-0.005211465435969412,0.001090552658318145
2025-09-09,0.0426203968231188,0.03298742430352972,0.03761462223174335
2025-09-09,0.018553639976353,0.011317952583801593,0.024728878380042858
2025-09-09,0.0326020633574722,0.03481072230089148,0.03313038834284944
2025-09-10,0.0477375846180065,0.035331532723633596,0.04282636173800045
2025-09-10,0.0225403207095323,0.04091506141394706,0.03206806623752707
2025-09-10,0.0464308249731175,0.03597660977041542,0.04132143339587582
2025-09-10,5.524199989983994e-05,-0.0016690694826771713,0.0014118866469376168
2025-09-10,0.0245331386655479,0.02877608536496533,0.030961602817022038
2025-09-10,0.0325439682491718,0.03351666237930667,0.03331792419400497
2025-09-10,0.0002305590966405,-0.005914558029846757,0.0010878526723581067
2025-09-10,0.0426163452761524,0.03205894631782394,0.03733646694079147
2025-09-10,0.017961979627786,0.011139494316597127,0.024998329259127587
2025-09-11,0.0468953524809546,0.03495792859843791,0.0422245128891597
2025-09-11,0.0222692062571901,0.040256007911001604,0.031740136992399484
2025-09-11,0.0456572763306015,0.03545297498725809,0.04163391219429662
2025-09-11,5.741456567484608e-05,-0.0037312554845693874,0.0012375529830044813
2025-09-11,0.0246390749302697,0.028487214391712687,0.030510588242053
2025-09-11,0.0325766564928795,0.03332642313001331,0.03381448455673279
2025-09-11,0.0002342678045271,-0.007073110617076696,0.0010916095423374665
2025-09-11,0.0426259107216246,0.03204148822945757,0.03751295223147024
2025-09-11,0.0184721333263261,0.010382939496106487,0.025204245217182168
2025-09-12,0.0462740205452942,0.03530517647668907,0.04320277461158386
2025-09-12,0.0223632042596143,0.040618612510984586,0.032317055623416795
2025-09-12,0.0426691376422633,0.03558291641263027,0.04131402299951342
2025-09-12,5.693118723444719e-05,-0.0035364854294613196,0.0012309799228911351
2025-09-12,0.0240118687192502,0.028984533949497758,0.03076243352428955
2025-09-12,0.031882987406848,0.03363574484341181,0.032838536651860185
2025-09-12,0.0002291363421627,-0.0075084271356617854,0.0010634287318908309
2025-09-12,0.0398264156426189,0.0319354762634058,0.03720695418524055
2025-09-12,0.0185075792510785,0.010436064435757026,0.024892432742222095
2025-09-13,0.0219993780641301,0.041608949859448435,0.03259683343513736
2025-09-13,0.0430715927414927,0.03622734939145235,0.04328710272838793
2025-09-13,5.70780043109027e-05,-0.0024259785095551573,0.0012698713140948446
2025-09-13,0.024181859517026,0.029379651627664267,0.030313869058825625
2025-09-13,0.0476980897731322,0.035986521174495786,0.043861232955770504
2025-09-13,0.0002154050752735,-0.004712520387900321,0.001093072055811285
2025-09-13,0.0406297355288075,0.032396400266851366,0.03755813821391979
2025-09-13,0.0177453507107237,0.010844875241746887,0.025224740343171143
2025-09-13,0.0321431760056685,0.03355301373163702,0.0313479063765689
2025-09-14,0.0448820774730573,0.032908936366855726,0.05166484359298959
2025-09-14,0.0219653937617668,0.03717475460808933,0.03246327053257726
2025-09-14,0.0419509174729563,0.03229354016008992,0.042039152130953335
2025-09-14,5.7830311628544455e-05,-0.006156470094688872,0.0013120605351559728
2025-09-14,0.0241110343093651,0.024654188157567335,0.030289529743046495
2025-09-14,0.0300379910813472,0.029915632065825457,0.0322758412121661
2025-09-14,0.0002014740598566,-0.012509895708322394,0.001024810388579578
2025-09-14,0.0397898646957344,0.028408718185063648,0.037379101906027196
2025-09-14,0.0160076411752343,0.006858729795559553,0.024722228718510098
2025-09-15,0.0217415865221918,0.04064171423020528,0.03055145256898064
2025-09-15,0.041194116238,0.035666422777977616,0.043042320937003095
2025-09-15,5.824414563238487e-05,-0.002891308350446528,0.0012855730605004522
2025-09-15,0.0238673535564854,0.02805954755177504,0.03081919189096302
2025-09-15,0.045650661628647,0.03622209870435773,0.04608723687038341
2025-09-15,0.0002020510489889,-0.009103290710604423,0.0010275866307840025
2025-09-15,0.0395135756027374,0.03183965633566545,0.037414774966290955
2025-09-15,0.0159534321856315,0.010340586256171232,0.024694192938001062
2025-09-15,0.0305328485270981,0.03342798158999953,0.033301870728734924
2025-09-16,0.0217230137333585,0.040920598883814635,0.0321593338589452
2025-09-16,0.0416464772586592,0.036264116912574126,0.04364688076821983
2025-09-16,5.539367020416044e-05,-0.002269888879168555,0.001290519783130412
2025-09-16,0.0238828589301734,0.028450077404048327,0.030704906916034086
2025-09-16,0.0462996289278246,0.03683468392534957,0.04615814700988745
2025-09-16,0.0002114601049952,-0.008415667281499097,0.0010249316161705948
2025-09-16,0.0396819853901468,0.03241165196125456,0.03751582395321976
2025-09-16,0.0159499618295799,0.010794766335857967,0.025123912531270325
2025-09-16,0.0305456183082948,0.03381679892229526,0.0332731860659813
2025-09-17,0.0462249782347307,0.035483182902249874,0.04515694940436726
2025-09-17,0.0215120923810793,0.03960960570392372,0.03215682983074808
2025-09-17,0.0416603806749645,0.03481731141555079,0.042622003162304925
2025-09-17,5.539506457017986e-05,-0.0038425632323554754,0.0012885736863558095
2025-09-17,0.0245412172314862,0.026754764575510875,0.03048756840357093
2025-09-17,0.0002111771440712,-0.01003558951995099,0.0010195787267691218
2025-09-17,0.0396175853969328,0.031113063539877427,0.037540493788775144
2025-09-17,0.0161088081799203,0.008977047330586723,0.02478055064940163
2025-09-17,0.0306770600177239,0.0322714805483271,0.03291334508742742
2025-09-18,0.0453060521181873,0.03781751172509992,0.04818977157693554
2025-09-18,0.0214548084915478,0.041754490534766237,0.03786244449276075
2025-09-18,0.0406707624399839,0.037032332796396256,0.045515699151194425
2025-09-18,5.467359967543832e-05,-0.00114548281307425,0.0014220692610967763
2025-09-18,0.000208278395088,-0.007347275485266265,0.0010424309758566453
2025-09-18,0.0307368504334132,0.03442545301872117,0.03574742882547287
2025-09-18,0.0390720710528722,0.03333665693375086,0.0379523993820935
2025-09-18,0.015987626536369,0.011162581545759092,0.024739884227227445
2025-09-18,0.0251316506741978,0.029445348715693036,0.03377484565934775
2025-09-19,0.0435357740560618,0.0392126952769106,0.04791261555132829
2025-09-19,0.0217729234671428,0.04197150431519242,0.03815870566461447
2025-09-19,0.0397106641430465,0.037943185965098575,0.045527278120779696
2025-09-19,5.4848437656149325e-05,-7.385487579510824e-05,0.0014804469852652323
2025-09-19,0.0244268654985761,0.03088919879413849,0.03364753277977782
2025-09-19,0.027894907476273,0.0355962538919211,0.035776640681882514
2025-09-19,0.0001811306727384,-0.00280759754521262,0.00109321036486537
2025-09-19,0.0374049979379018,0.03453265590666797,0.03788951253785625
2025-09-19,0.0149444804054772,0.011697492652261336,0.024641364903785115
2025-09-20,0.0438374696054892,0.039349462517384665,0.04690117478916425
2025-09-20,0.0217992030082486,0.042101940440632216,0.037943942532591694
2025-09-20,0.039604529645873,0.03809199762295194,0.04456185627750713
2025-09-20,5.4801629666597216e-05,-0.0004639894555651114,0.0014785890499797042
2025-09-20,0.0226031454701296,0.031030735324246037,0.03368531638965631
2025-09-20,0.0278664064471243,0.03576616565195044,0.03644620479258751
2025-09-20,0.0001789435347638,-0.002000716406894809,0.001096596237513177
2025-09-20,0.0362014707158983,0.034772958295549466,0.037932530953994154
2025-09-20,0.0149886119801068,0.012088392716425807,0.02451659817542796
2025-09-21,0.0432457500007391,0.035539324638720615,0.04332191161596175
2025-09-21,0.0218658222007655,0.03795624403409113,0.03763823589659662
2025-09-21,0.038638890789951,0.034320401895035796,0.04116074886069701
2025-09-21,5.472700786444354e-05,-0.004595219176825524,0.0014084332081378075
2025-09-21,0.0233666445552824,0.028676546376948844,0.03460551935658083
2025-09-21,0.0270613134522369,0.03195363909387357,0.037441598921260595
2025-09-21,0.000168793675741,-0.004430765059940507,0.0012128617700678103
2025-09-21,0.0358707584053148,0.03080852326113943,0.03783284206644123
2025-09-21,0.0146562751214154,0.008006421758354237,0.02487204149055711
2025-09-22,0.0385472045389103,0.037606960646689086,0.03937064661090932
2025-09-22,0.0208116107847451,0.039608779458503274,0.029971512246511962
2025-09-22,0.0342938395892033,0.03627982736016161,0.0387588697753296
2025-09-22,5.215735555567152e-05,-0.007036712115083908,0.0013218795863960604
2025-09-22,0.0201534516922012,0.03162389343192843,0.03598570137405139
2025-09-22,0.023168807359205,0.033473424867211055,0.033181497334896295
2025-09-22,0.0001681345374213,-0.004734006898747312,0.0011049798277648604
2025-09-22,0.025831902402098,0.03337734295789398,0.03860091539308118
2025-09-22,0.012834465339712,0.00866613078307259,0.024682455791874756
2025-09-23,0.0412235497420651,0.039850632907668174,0.04504058252141255
2025-09-23,0.0207807355088787,0.04275080716156633,0.03223823698491538
2025-09-23,0.0369494708618048,0.03809262569850519,0.04162791253999774
2025-09-23,4.833004537534117e-05,-0.005416624405694008,0.0012401216275036541
2025-09-23,0.022492894487748,0.03360709024591214,0.03531789527098039
2025-09-23,0.0243105155159342,0.03599812331517459,0.03386992850001736
2025-09-23,0.00018198597848,0.0012424163248721323,0.001239863487323749
2025-09-23,0.0277367509122733,0.035963786139570283,0.03783807901134896
2025-09-23,0.0132958775058148,0.012371898814593944,0.025195552174747303
2025-09-24,0.0411883907174215,0.03872054368276116,0.04088637994820547
2025-09-24,0.0208413714319399,0.04133036650240762,0.03207123906566446
2025-09-24,0.0373514712898496,0.03642907115718222,0.04047424706381073
2025-09-24,5.151995855108567e-05,-0.006810276260132794,0.0012438621298118402
2025-09-24,0.0227473824209621,0.033009493966956314,0.03499327176379473
2025-09-24,0.0243226954574539,0.03459802640783044,0.0334523118307243
2025-09-24,0.0002104845797851,-0.0028678471584632215,0.0010964442911579023
2025-09-24,0.0277275565120502,0.03423594165240548,0.037738696482235705
2025-09-24,0.0129749074335928,0.01130801036680262,0.025112592093406227
2025-09-25,0.0226698305300581,0.060608748732544196,0.03964027218257883
2025-09-25,0.0365932688188553,0.04167709054439303,0.04303286849594941
2025-09-25,0.0184137372185367,0.04483163056372601,0.033725931082784974
2025-09-25,0.0327447764360204,0.039632468980916546,0.04051177625818435
2025-09-25,5.4828164948609165e-05,-0.005639190184556442,0.0012472229108501588
2025-09-25,0.0209969270975974,0.036652879290300144,0.03541472287150468
2025-09-25,0.0229996559077141,0.03668148847972941,0.033099442904310744
2025-09-25,0.0002069298301709,-0.0034193964367712354,0.0010920825177724313
2025-09-25,0.022996349251619,0.037578130648415115,0.03873218124537896
2025-09-25,0.0119868881681243,0.012636995986850672,0.02517637261775754
2025-09-26,0.0227019442625105,0.05837336840106043,0.03968331078887512
2025-09-26,0.0179308359915311,0.04302497508699214,0.03455381115459178
2025-09-26,0.0365463519946724,0.036366539473468615,0.04191882122210835
2025-09-26,5.381864514562125e-05,-0.006525234544907971,0.0012499115739981782
2025-09-26,0.0389880502425325,0.03852976158190578,0.04401386621912754
2025-09-26,0.0241765762764978,0.03375481379052939,0.034288397821268746
2025-09-26,0.0137524666318299,0.011567574453856384,0.025228401361298294
2025-09-26,0.0253318549613768,0.03155528248969315,0.033886579047947
2025-09-26,0.0002080765959105,-0.004025276901168343,0.0010841856480639227
2025-09-26,0.0242720075998153,0.03435486571468149,0.03784854687938944
2025-09-27,0.0378966151118725,0.03690694240670833,0.04172125628209034
2025-09-27,0.0137919615313408,0.012212375787979842,0.025204245217182168
2025-09-27,0.0256979454450903,0.03523610330250143,0.037811550327434766
2025-09-27,0.0002078680058844,-0.0034431543796619377,0.0010843759619851583
2025-09-27,0.0243442499852221,0.03463187618625414,0.034054832703644594
2025-09-27,0.0253482210783666,0.03241296695183571,0.031078162784265104
2025-09-27,5.093253046757223e-05,-0.006120140361276748,0.001220835063578058
2025-09-27,0.018049460372385,0.04383552902820796,0.034556515640128876
2025-09-27,0.0397927924585907,0.03932223961725814,0.04104838231282699
2025-09-27,0.0222178053823912,0.05871712893008105,0.0394258183910701
2025-09-28,0.0180665283481092,0.04159862760557438,0.029144538798089127
2025-09-28,0.0365363265271541,0.034904345509464696,0.03801504001049123
2025-09-28,0.0221260231353521,0.05593491103311768,0.03962875073354815
2025-09-28,0.0396397844562953,0.03729979743057635,0.034992057267947685
2025-09-28,5.0299354473206566e-05,-0.009379076427007305,0.0012814649361792467
2025-09-28,0.025142336580606,0.030488120801517943,0.03129171567892796
2025-09-28,0.0244074360409704,0.03233748536340662,0.033612892369123286
2025-09-28,0.0002090212732379,-0.005985180960451732,0.0010800736083649432
2025-09-28,0.0256792169822135,0.032898263327845345,0.037791297418946206
2025-09-28,0.013599558299205,0.009905076255279675,0.02463887574570226
2025-09-29,0.0196055108631841,0.05326907247126532,0.039369168642569695
2025-09-29,0.0388804241193574,0.03985747378138457,0.0360634791417414
2025-09-29,0.0177932322516291,0.04508171004516329,0.027421535774035458
2025-09-29,0.0361707423090902,0.036979973529719934,0.038068837433512144
2025-09-29,5.3090607404090656e-05,-0.00941706744602698,0.0011793054364697486
2025-09-29,0.0229720027234308,0.03513926787090314,0.03345525836638963
2025-09-29,0.0002098415023207,-0.0034858163535802095,0.0010878862918527433
2025-09-29,0.0258302743675199,0.03472410136186971,0.037726766246248114
2025-09-29,0.0124731909259945,0.011853946662378035,0.02472357890407766
2025-09-29,0.025250508656411,0.03213056072643883,0.031068362375696518
2025-09-30,5.5591616336709856e-05,-0.008625601560755189,0.0012451960949483357
2025-09-30,0.0389386477212969,0.03953255360123101,0.03807294937072899
2025-09-30,0.0178067637998171,0.04403280120548296,0.03149957807627037
2025-09-30,0.036130179768415,0.036089490267889476,0.040296111548648234
2025-09-30,0.0187851260820098,0.0495199877389116,0.03130899028643766
2025-09-30,0.0258671443217719,0.030468903681005917,0.031137080848490272
2025-09-30,0.0002123164449755,-0.005190205671452036,0.0010854451457455723
2025-09-30,0.0128990292809732,0.010467527151007263,0.025207087737202923
2025-09-30,0.0229866857486401,0.03435224755200049,0.033447454838004535
2025-09-30,0.026065328009683,0.03349224016988114,0.037724158390689676
2025-10-01,0.0128648521250858,0.011459503180013975,0.025207087737202923
2025-10-01,0.0262066983833179,0.034339245389361714,0.0377106064850147
2025-10-01,0.0002303960070648,-0.004746553131874241,0.0010894589443391901
2025-10-01,0.0229584658467609,0.035335941504139656,0.033460632340566294
2025-10-01,5.8442624615764615e-05,-0.007231395605671959,0.0012365337840598697
2025-10-01,0.0362990051841469,0.037043226978158775,0.04025968229497446
2025-10-01,0.0178747245611263,0.044739954753036396,0.03427518216582069
2025-10-01,0.0389486342761193,0.04046836751863017,0.03746508525004404
2025-10-01,0.0207785990045882,0.050289937950501365,0.033691230267115305
2025-10-01,0.026255326241179,0.03150263519238658,0.031151516323553795
2025-10-02,0.0213808157672621,0.047377331051249666,0.03195598331096654
2025-10-02,0.0375052130989289,0.035220521717955866,0.03977057770496623
2025-10-02,0.0402843936454339,0.03835730921846571,0.041029217323759214
2025-10-02,0.0183540676906931,0.04220791473308112,0.034222147871009426
2025-10-02,6.141526834767131e-05,-0.011022075192927208,0.0011568062102639998
2025-10-02,0.023681491476605,0.033864248078869716,0.033103293921210586
2025-10-02,0.0002439458451449,-0.009198539004922346,0.0010196648073898466
2025-10-02,0.0274489476613637,0.03194919987918278,0.03759516442996425
2025-10-02,0.0144787575423415,0.0094600713265123,0.02518497892578873
2025-10-02,0.02606990117279,0.030716258375056982,0.031219592398062827
2025-10-03,0.0216604063207771,0.04929896217815283,0.03351656530548805
2025-10-03,0.0411389338126809,0.039300442294676635,0.043212094341055746
2025-10-03,0.018360229038239,0.04337280425519846,0.03404316958989556
2025-10-03,0.0374010658474583,0.036413543229650194,0.04303108715993325
2025-10-03,5.933295136600483e-05,-0.010786621497798285,0.0011956077328482983
2025-10-03,0.0279079474490241,0.031274230712172134,0.03223749778624949
2025-10-03,0.0002435628831764,-0.008265300085561186,0.0010190155985845188
2025-10-03,0.0280327735484223,0.03263218947051598,0.0373110089121427
2025-10-03,0.0144508020631991,0.010306153111749105,0.02518497892578873
2025-10-03,0.0232939538227555,0.035038632635840616,0.03226868143524554
2025-10-04,0.037444236663618,0.036239584392736335,0.04328209405630742
2025-10-04,0.0410974431845481,0.039203138935724885,0.04271620746372603
2025-10-04,0.0183111568179698,0.04307671353942469,0.03429784768879114
2025-10-04,0.0215819021239386,0.04878549330395768,0.03350093116646947
2025-10-04,5.827322421016777e-05,-0.011735933855909014,0.0012905818101997895
2025-10-04,0.0002345585998321,-0.00870879709460888,0.0010190155985845188
2025-10-04,0.0232446329193696,0.034648528690775476,0.03182349149389449
2025-10-04,0.0275905794568818,0.03198879766246862,0.03703647976087283
2025-10-04,0.0145812037518847,0.009528112169875928,0.02520167008641069
2025-10-04,0.0314177250051782,0.03099009553215514,0.0335645514138628
2025-10-05,0.0408576920299589,0.03773237255039111,0.0394698393365791
2025-10-05,0.0180182727719331,0.041599354976681754,0.029869699548302896
2025-10-05,0.0369243425704991,0.03466022273252853,0.038927538345239286
2025-10-05,6.393708697407953e-05,-0.013397513495457501,0.0012451910186685692
2025-10-05,0.0205406010493784,0.04561830801470458,0.03362596770468171
2025-10-05,0.0234873913986631,0.03325106845863493,0.0329703579216575
2025-10-05,0.0002328760825395,-0.010502696568675751,0.001027129863734688
2025-10-05,0.0268171439315425,0.030163748333051913,0.03713711523022258
2025-10-05,0.0144139657830577,0.0074113113100596935,0.024652514760772282
2025-10-05,0.0322144590834379,0.029736912873766196,0.031197174045802557
2025-10-06,0.0198557564645384,0.04772913097749411,0.033658420558136386
2025-10-06,0.0406933923275625,0.039626378988783434,0.042192574674126
2025-10-06,0.0179064113111621,0.04368488861486031,0.03377191188246788
2025-10-06,0.0369250619427018,0.03675064159751136,0.04183716752570732
2025-10-06,6.394791443366639e-05,-0.011332756250838717,0.0012107136448996827
2025-10-06,0.0322146988081793,0.03177531434384332,0.030944896091847633
2025-10-06,0.0002342575588349,-0.007917876611557816,0.0010148418468995425
2025-10-06,0.0268307577715423,0.032294201477981135,0.03715477531659568
2025-10-06,0.0144324455532216,0.009495989929962725,0.025191913875037303
2025-10-06,0.023472964208456,0.035295264576400295,0.03318497442896021
2025-10-07,0.0368044279683538,0.037745838184436206,0.04205210505542959
2025-10-07,0.0414688477145754,0.0406363869743185,0.043671620487465375
2025-10-07,0.0150191989788453,0.04385354389526876,0.03350772975172302
2025-10-07,6.398023830354059e-05,-0.010739608629118061,0.001382938878290526
2025-10-07,0.0198457107581603,0.04882038325137843,0.03366564883663484
2025-10-07,0.0234808990726002,0.03624732452060701,0.032775235495339686
2025-10-07,0.0144035142932022,0.010219350350569065,0.02505898251546936
2025-10-07,0.0329877469367841,0.032576356679394014,0.03308202654705013
2025-10-07,0.0002323994913913,-0.00741321039853951,0.0010013601376662078
2025-10-07,0.0275614637951442,0.033232220000087714,0.03722354990088434
2025-10-08,0.0198462909384989,0.04788252368464398,0.033613445426175566
2025-10-08,0.0429059702522712,0.03848517641436289,0.04427312518653727
2025-10-08,0.0129337620901951,0.039691193939273575,0.032594294600900166
2025-10-08,6.691451728257182e-05,-0.01375961893441436,0.0014517310848113326
2025-10-08,0.0378577591822883,0.03616586981938408,0.041342962992619796
2025-10-08,0.02465023545867,0.03451568513613282,0.03361851684042562
2025-10-08,0.0002228382728028,-0.008424916921538642,0.0010163150628094647
2025-10-08,0.0292815343583922,0.03180320239471794,0.03544289530853671
2025-10-08,0.0154170579269385,0.009615578440260817,0.02523124388131905
2025-10-08,0.0345510065324303,0.0349055550131345,0.0374147145851279
2025-10-09,0.0201731719051956,0.047089075527099136,0.03299316124482848
2025-10-09,0.0420229678602887,0.03784213323426747,0.04170024728531253
2025-10-09,0.0130960980236154,0.039178591339278354,0.03307280670886226
2025-10-09,0.0378631946896502,0.035616411297822656,0.041901578420981446
2025-10-09,6.840739803744449e-05,-0.014411859066033955,0.0015255464315925475
2025-10-09,0.0345580679800383,0.034783391877049846,0.038053973932271175
2025-10-09,0.0002251097721413,-0.008480541385644483,0.0010193131342135788
2025-10-09,0.0294122549250362,0.031216981553349895,0.035422675967712015
2025-10-09,0.0155474593160487,0.008803693623344423,0.025173319981929867
2025-10-09,0.0240325389984911,0.03392268065201545,0.03346224724438476
2025-10-10,0.020290259331723,0.04865199168532677,0.03247432387972339
2025-10-10,0.0423597549374008,0.03875169474705947,0.037647337711751945
2025-10-10,0.0133545840928012,0.03941952877435301,0.029587706160697787
2025-10-10,0.0384319584859043,0.03631978935068152,0.03674464533726251
2025-10-10,6.880071712636138e-05,-0.011684737107618665,0.0011120755986917348
2025-10-10,0.0358290339598811,0.03533262924290506,0.036059494693117894
2025-10-10,0.0002317961977042,-0.006293057468017872,0.0009895891134586987
2025-10-10,0.0301942335811916,0.032268533088518694,0.034165724439482764
2025-10-10,0.0157901017427383,0.010240102795671783,0.024000669314101795
2025-10-10,0.0244578247980897,0.034883763450074726,0.031010321645315166
2025-10-11,0.0468985417178148,0.03608226180917801,0.038780755480034325
2025-10-11,0.0618959571369994,0.037184024134348015,0.043634462856177295
2025-10-11,0.0156481869158668,0.038449098423782566,0.029929687773607605
2025-10-11,6.678719545099851e-05,-0.008921071025877386,0.0010684759933883036
2025-10-11,0.0202704158101045,0.051031364930357245,0.03163031487291593
2025-10-11,0.0380936906571174,0.034849157374427106,0.036217581914734585
2025-10-11,0.0205575382164538,0.013163677187693009,0.024012650583416114
2025-10-11,0.0434288382933599,0.03212178690551964,0.03439928493397537
2025-10-11,0.0003105244351423,0.00595503204940704,0.0011427772470322917
2025-10-11,0.038406057401907,0.03257746171038357,0.03477287299858097
2025-10-12,0.0207308340905206,0.010214548006126301,0.02395686279100477
2025-10-12,0.0381331600096841,0.029318482967829938,0.034974824751817374
2025-10-12,0.0003117189226062,0.0018402587269411089,0.0011427772470322917
2025-10-12,0.0377866066248144,0.0321462928133842,0.038795881582087015
2025-10-12,0.0435375267415961,0.02933917787556338,0.034067461349019834
2025-10-12,6.861293842936709e-05,-0.011256920630257988,0.0011458762956825753
2025-10-12,0.047764024017573,0.03288736214760932,0.03774837374009601
2025-10-12,0.0153073142310982,0.035016776892353885,0.0293231765048282
2025-10-12,0.0615308226166697,0.034042182079535604,0.04267019994988934
2025-10-12,0.0197188175701789,0.04760222863437574,0.034484181356351104
2025-10-13,0.0192122439678976,0.04887070655885219,0.033240753702235906
2025-10-13,0.0636251685943647,0.03484152821301778,0.040172096473002315
2025-10-13,0.0157748150206741,0.035788742859898234,0.029705551230086027
2025-10-13,6.887508331797529e-05,-0.010506967880419812,0.0014173536279611103
2025-10-13,0.0503322247219491,0.033689235025529896,0.03604797119369291
2025-10-13,0.0393999553449548,0.03325877066867597,0.03302180545806516
2025-10-13,0.0219384132081961,0.010725882665915062,0.023916324515318485
2025-10-13,0.0490476666970091,0.029602181916029306,0.03300817868579208
2025-10-13,0.0003175978850389,0.004291826142730493,0.001207576138845719
2025-10-13,0.0417264309289698,0.02984763275987799,0.032457956786144895
2025-10-14,0.019111826205386,0.048565265787266165,0.03451145064894456
2025-10-14,0.0631215903639864,0.034320063514170426,0.03873614463132226
2025-10-14,0.015754732992819,0.03546786928875312,0.029534195688191704
2025-10-14,6.950361796272909e-05,-0.010921748963184784,0.0014390768340154425
2025-10-14,0.0515231623415169,0.033726281338834374,0.03751105696725594
2025-10-14,0.0398818831778751,0.033093041074946636,0.032355717085059146
2025-10-14,0.0003187624172545,0.003774849857461793,0.0012246639643137785
2025-10-14,0.0419573453374526,0.029448753597482082,0.032380964191786106
2025-10-14,0.021937126765469,0.010219567971351592,0.02388786243845957
2025-10-14,0.0491309415371955,0.029335331758241434,0.03319156926229888
2025-10-15,0.0191579545682266,0.0510608142858654,0.03382414371102245
2025-10-15,0.0632203371093845,0.036965452557067416,0.03970230456741776
2025-10-15,0.016019912235498,0.03804890236287381,0.029603810498696564
2025-10-15,0.0516483817022344,0.03644407277674741,0.03787969761783534
2025-10-15,7.149553163275382e-05,-0.008756133611026826,0.0014491666220261858
2025-10-15,0.0509338211155497,0.031957119289663,0.03342608907473779
2025-10-15,0.0003265799276465,0.005571897632635284,0.0012400628720197473
2025-10-15,0.0221634762360316,0.013420532441982099,0.023927649788674222
2025-10-15,0.0400981608388776,0.03571954704980905,0.035328633036613245
2025-10-15,0.0421717964011654,0.03234310176726268,0.03251840357969519
2025-10-16,0.0224981515217604,0.012081075565762423,0.024168705567535392
2025-10-16,0.0424993110544505,0.03063835784965833,0.032349878382642534
2025-10-16,0.0003202693400649,0.003726259142904309,0.00103316652748191
2025-10-16,0.0405236301941835,0.03402734196039302,0.03389214048076611
2025-10-16,0.0517136097331197,0.03008258178879327,0.032346591418179596
2025-10-16,0.0519769778791943,0.0346733957081487,0.036900253014981926
2025-10-16,0.0160699202476966,0.037090860670151285,0.02943686396253746
2025-10-16,0.0633223805412035,0.03524246447813638,0.03890560624611506
2025-10-16,0.0200064538241941,0.05067275458530432,0.029501925428041094
2025-10-16,7.394065146389376e-05,-0.011112953768662406,0.0010715510140592106
2025-10-17,0.0202830879394844,0.049365966985455145,0.02801126767247476
2025-10-17,7.393974340683067e-05,-0.013079571836364885,0.0014393462873169812
2025-10-17,0.0635026225334771,0.033268921778746144,0.04070806234824604
2025-10-17,0.0161622265126143,0.034803715677999975,0.029307223680773088
2025-10-17,0.0524268249502414,0.03267534879774113,0.037169975503729344
2025-10-17,0.0515485943533362,0.028161875238008463,0.0332792990263341
2025-10-17,0.0003254637900051,0.0008924626717668402,0.001224366886548551
2025-10-17,0.0426462426552643,0.0286885379245892,0.032229498652949114
2025-10-17,0.0227258847580039,0.010713516499865235,0.023897618649832957
2025-10-17,0.0406399790108805,0.03208528982396491,0.036910136426249046
2025-10-18,0.0211996073420051,0.05103525470846365,0.029753762965058342
2025-10-18,0.062581405164326,0.03537611321628932,0.03881473918648352
2025-10-18,0.016422144757773,0.03707840065303773,0.029307223680773088
2025-10-18,0.0518481108960268,0.03485535805065501,0.03737818217712569
2025-10-18,7.463188321921417e-05,-0.010186865868576304,0.0014385365103031164
2025-10-18,0.0527899849538078,0.03047950477200529,0.035335858143106975
2025-10-18,0.0003298287800613,0.003524611751207593,0.0012246639643137785
2025-10-18,0.0424379720391154,0.03103625554138528,0.03208455950924022
2025-10-18,0.0228429593651434,0.01340608008334888,0.02387575390011998
2025-10-18,0.0403924295148692,0.03436299881256552,0.03578033240452923
2025-10-19,0.021087729835688,0.05026704591125672,0.02988267982876119
2025-10-19,0.0629814271819555,0.03442325614805744,0.042754325135266794
2025-10-19,0.0160883880628832,0.03594398807442811,0.02982996276321741
2025-10-19,7.687887653254817e-05,-0.010517383060650684,0.0014845889062921928
2025-10-19,0.0522242722607545,0.03392036964857284,0.033886850353407154
2025-10-19,0.0409437542634587,0.0334493051489501,0.03476073878308094
2025-10-19,0.000330857807747,0.0020314138049558894,0.0012261535011402565
2025-10-19,0.0426021854049406,0.029825050508616686,0.031794875162821985
2025-10-19,0.0228536869404162,0.011968122618349047,0.023339939144119647
2025-10-19,0.0528250798673112,0.029403294487736986,0.030706410794675267
2025-10-20,0.0630470462513791,0.03482593238293061,0.04136957168614748
2025-10-20,0.0165242539416055,0.036434074075556294,0.02942054994227986
2025-10-20,0.0519659801821608,0.03444578259618915,0.03512807883802383
2025-10-20,7.681530597543923e-05,-0.010051102972755507,0.0015004024281468288
2025-10-20,0.0199191322127249,0.05109700277087098,0.029823792685545168
2025-10-20,0.0409510404123667,0.033861316597243216,0.0343890523070639
2025-10-20,0.0003305692178583,0.0025493997814176744,0.0012094303769803402
2025-10-20,0.0427480880577561,0.030187973589112984,0.03228945347522608
2025-10-20,0.0229697097728823,0.01217207173026753,0.024001209066955312
2025-10-20,0.0528679863415649,0.029796723558496885,0.030693512208337864
2025-10-21,0.0199223628869611,0.0517747845458269,0.02994129489345595
2025-10-21,0.0632712969828015,0.03535097129401042,0.04094460572792469
2025-10-21,0.0164968161674397,0.03684874005533344,0.030608432423681102
2025-10-21,0.052040839877844,0.03502472550295796,0.03651428791716694
2025-10-21,7.690631095749399e-05,-0.00926953453982117,0.0015204637273010416
2025-10-21,0.0518746285009309,0.03046119581435379,0.03213818386068852
2025-10-21,0.0003307595826018,0.003261366573705793,0.0012107787726811042
2025-10-21,0.0427335895262857,0.030985566066510036,0.032712847771246834
2025-10-21,0.0232619702359628,0.012411675766345293,0.024227806289217446
2025-10-21,0.0419048552430233,0.034310693970489775,0.03378488018412076
2025-10-22,0.0520973092155264,0.03319817183171957,0.03687333404771281
2025-10-22,0.0633074700213549,0.03349087375466667,0.0391323345918343
2025-10-22,0.0164134491657599,0.035015726711155465,0.02944677676495694
2025-10-22,7.690579480464084e-05,-0.011106089270039067,0.0014998219233977263
2025-10-22,0.0203729480762402,0.050530948278990434,0.03129267569308431
2025-10-22,0.0420694469349866,0.03241261815780051,0.03223480458119285
2025-10-22,0.0234882737987427,0.011238678402062958,0.02397211409037792
2025-10-22,0.0524136274181064,0.028467460740003586,0.03332158446608977
2025-10-22,0.000330607351511,0.0016699510312950944,0.001207576138845719
2025-10-22,0.042917771782902,0.02925835264687979,0.03257454059624871
2025-10-23,0.0206980089777248,0.05285715484799078,0.04450977922862242
2025-10-23,0.0619803464526756,0.03592818308065064,0.042164752046487626
2025-10-23,0.016370386653311,0.03744514449112113,0.03252724842963979
2025-10-23,7.692041956651082e-05,-0.008791505752496591,0.0015460596972065766
2025-10-23,0.0509200835956637,0.035664218699313105,0.03821218427136069
2025-10-23,0.0416969933673224,0.03488574402241683,0.036837017067931965
2025-10-23,0.0003229653188667,0.0032412429579481497,0.0011890900332554126
2025-10-23,0.0418094245744416,0.03172030913912473,0.03362212645698428
2025-10-23,0.0231884589990616,0.013641935485440033,0.025068738726842746
2025-10-23,0.0513957632457088,0.031100911444841076,0.031006634239423677
2025-10-24,0.02075826404566,0.0516113672241697,0.031319249236282876
2025-10-24,0.0622475893912498,0.034967363987099376,0.042767097869218104
2025-10-24,0.0168687008069161,0.03831079652985274,0.03317777591377564
2025-10-24,0.0522256987905225,0.03451986864759772,0.03822259050824286
2025-10-24,7.43305486237857e-05,-0.009674291001788349,0.0015877576609348663
2025-10-24,0.0520027149680117,0.02973574871158982,0.03388734840554883
2025-10-24,0.0003032597449045,0.0024568676120109434,0.0011928246779363677
2025-10-24,0.0419185939328084,0.030685863913912165,0.03348552468371938
2025-10-24,0.023574042386835,0.01196990229035801,0.025177513942294564
2025-10-24,0.0418441995722549,0.03392322303993291,0.036276735045806724
2025-10-25,0.1303925182768379,0.05638224269836917,0.040134152270936356
2025-10-25,0.0622648392449931,0.036150915290105695,0.04418823133510465
2025-10-25,0.0176629983570634,0.040846972447288285,0.033387971722410766
2025-10-25,0.0522652218218982,0.03554609178710602,0.03818148665731102
2025-10-25,7.336311924178831e-05,-0.008316358844734029,0.0016195196362916347
2025-10-25,0.0521251437719621,0.031034241980903016,0.030999080907159467
2025-10-25,0.0003024778547794,0.00381327440147778,0.0011928544188559956
2025-10-25,0.042116415036923,0.031665515701735134,0.03343895787833927
2025-10-25,0.0235280719413061,0.01292561097921133,0.02517952809351905
2025-10-25,0.0422373321606085,0.03521714324495681,0.036155282067166755
2025-10-26,0.0492103081016344,0.03307806858092688,0.03615264448936239
2025-10-26,0.0607331977651328,0.03354835498271576,0.04190585309944563
2025-10-26,0.0177885107771891,0.03883567363634517,0.032148671127219176
2025-10-26,7.51642070048017e-05,-0.010900177445163091,0.0016513670117907211
2025-10-26,0.1849476944298938,0.05256040803354897,0.03856366161843118
2025-10-26,0.0411866918770516,0.03280805983328523,0.03474315487962691
2025-10-26,0.0223934570702627,0.009963115410611501,0.024562734252317028
2025-10-26,0.0500022235120975,0.02892384737349779,0.03091708927329259
2025-10-26,0.0003016132603572,0.0007436160340042186,0.0011939193085108357
2025-10-26,0.0400230315340522,0.029015293375181984,0.03317694351500309
2025-10-27,0.0228134538871161,0.010353230245364085,0.024856554865403557
2025-10-27,0.0403275654850959,0.02942913656406616,0.03341508589758924
2025-10-27,0.0003031559067676,0.0021580411570289587,0.0011956714945666703
2025-10-27,0.0412349021583302,0.033660715148339196,0.03467715386914845
2025-10-27,0.0500093756626027,0.02985385438471115,0.030745866726140134
2025-10-27,7.700163313637283e-05,-0.010773491024384525,0.0015627425522821625
2025-10-27,0.0480341977149465,0.03354962107894251,0.03615257635376103
2025-10-27,0.0174976676110903,0.039257262881771546,0.032121454619266715
2025-10-27,0.0607808362409361,0.03426161720332145,0.04475090559472246
2025-10-27,0.184914780395455,0.05341319586752087,0.03875743820345751
2025-10-28,0.1848596672062834,0.05454873489662761,0.03874202694159306
2025-10-28,0.0609136244214287,0.035407672225674744,0.043906692858350804
2025-10-28,0.017509628365264,0.040380610434064865,0.0321123847601344
2025-10-28,7.618906490426111e-05,-0.009663842743248968,0.0015356342545261737
2025-10-28,0.048028720820177,0.03469989233211833,0.03744996915664532
2025-10-28,0.0411981235667434,0.03477636501440182,0.03461317427568225
2025-10-28,0.0228225360477305,0.011708197548670602,0.025173319981929867
2025-10-28,0.0500086622296158,0.031003394309583494,0.03302086951544719
2025-10-28,0.0003026632286379,0.003562905064370382,0.0011930250694476131
2025-10-28,0.0403584747194589,0.030693789716560536,0.03334656512303967
2025-10-29,0.1849538463701422,0.05471631629812275,0.03727035015975771
2025-10-29,0.0608242935881169,0.035497857140533565,0.04179170344176144
2025-10-29,0.0175289189032401,0.040299381933276535,0.03300847006471734
2025-10-29,7.505230223029972e-05,-0.009194415710903583,0.001594427417850876
2025-10-29,0.0477065810779621,0.03486330314572332,0.038289830200346923
2025-10-29,0.0410060464485023,0.03492416136582145,0.034458645693616854
2025-10-29,0.0003035824499762,0.0035845994854325006,0.0011914431228061122
2025-10-29,0.0404696786144979,0.030994499880610493,0.03341621696815082
2025-10-29,0.0225698430807131,0.012058316337959566,0.02510024727342434
2025-10-29,0.0503434233062043,0.031106166557702042,0.03249680297888343
2025-10-30,0.1848456543626432,0.05551843637334833,0.037401646982026464
2025-10-30,0.0608225715882413,0.036411824465369294,0.051717297278618436
2025-10-30,0.0174973860078938,0.04170579497077127,0.037616695158543774
2025-10-30,0.0476450066452029,0.035989616873563585,0.04162605174962768
2025-10-30,7.278429882803202e-05,-0.00941320806380179,0.0016247960673177297
2025-10-30,0.0499587638664548,0.03230868479851576,0.03488097451040213
2025-10-30,0.000301682206389,0.0047183967957964215,0.0011742657382902888
2025-10-30,0.0227719000534947,0.013414228363204505,0.02473124687357739
2025-10-30,0.0411040053852625,0.035731619432263786,0.038287402784251745
2025-10-30,0.040469392243442,0.03194717308653125,0.03727947021385701
2025-10-31,0.0229419080516723,0.012418413166916196,0.024687793175564833
2025-10-31,0.0405869622123678,0.03061547784440193,0.03753101624413893
2025-10-31,0.0002895011149357,0.003498380341303897,0.0011737042936694265
2025-10-31,0.0417887571231534,0.03435990345600515,0.04180665069998635
2025-10-31,7.09588165731332e-05,-0.011032588845651885,0.0015735555801662238
2025-10-31,0.0484061007745795,0.034587667945142425,0.04150214261958161
2025-10-31,0.0175293092200178,0.040201098523147474,0.03790850799903428
2025-10-31,0.0613740679242897,0.034977826496820366,0.05160725390775377
2025-10-31,0.3229785925727458,0.05207230527323854,0.03511953999032077
2025-10-31,0.0500463940454753,0.03080102868115049,0.035475033456926944
2025-11-01,0.4287555567286362,0.05034789861170509,0.028132770362068887
2025-11-01,0.0471257643518983,0.03411091996236537,0.040914384508798494
2025-11-01,0.0601291027967478,0.034431565970585415,0.05376668924137013
2025-11-01,0.016989175583644,0.04030633308395526,0.034725056511425406
2025-11-01,7.057978844371169e-05,-0.009426390425326156,0.0016415640995766335
2025-11-01,0.0416098844126148,0.03364704900236745,0.03996879825706809
2025-11-01,0.0002855801536559,0.006142554967829873,0.0011737898386230084
2025-11-01,0.0395886821987788,0.03003282849355445,0.03749556155211956
2025-11-01,0.0218258591746306,0.011521713832602112,0.024676134231705973
2025-11-01,0.0499914511261046,0.02985982921885027,0.035358173922503615
2025-11-02,0.4287703964130641,0.05179041624740652,0.02827149263598516
2025-11-02,0.0590023241766441,0.03597725844727047,0.049912903582555394
2025-11-02,0.0170012475392815,0.04184222255364334,0.03078902510622189
2025-11-02,0.0455344130100684,0.03564658566598419,0.04072047692594422
2025-11-02,7.212557017993733e-05,-0.008401032598687436,0.001651613849232479
2025-11-02,0.0487437597008913,0.03158409475808896,0.03418265353452966
2025-11-02,0.0002865657145072,0.007400862664627417,0.0011744359472429602
2025-11-02,0.0390664634648336,0.03139770630413155,0.038845302674542476
2025-11-02,0.021529741335691,0.012689599100825486,0.02434322974848171
2025-11-02,0.04105435495245,0.035202780471119924,0.04301333148940699
2025-11-03,0.0455885563400641,0.038496890056977776,0.04041486261164862
2025-11-03,0.4287703952564329,0.05480043738145099,0.028193193311588576
2025-11-03,0.0590134580929913,0.03883345334947043,0.06268875032511288
2025-11-03,0.0170486666771184,0.044752919792244286,0.03108232290182321
2025-11-03,7.127991113110177e-05,-0.005023739727322882,0.001706350757236249
2025-11-03,0.0458806966528692,0.03478518190488211,0.03428293433023443
2025-11-03,0.0411296353394924,0.038114883658078705,0.04049721377779432
2025-11-03,0.0002884707970907,0.01045916349460535,0.001227608042180074
2025-11-03,0.0390977655315598,0.034341118609224605,0.0387441149231918
2025-11-03,0.0213704350549448,0.015716883736543185,0.023069356470122454
2025-11-04,0.0616120740346544,0.03613476167533829,0.058477566829919364
2025-11-04,0.0197455708620814,0.0415460548878928,0.038093379169866055
2025-11-04,0.0500218409802916,0.035999840094226285,0.041504995981220275
2025-11-04,6.606041783394853e-05,-0.008096810875897809,0.0015098449066792033
2025-11-04,0.4287728048171772,0.052377935910446066,0.028475716115795316
2025-11-04,0.0438686095981178,0.035466405989553584,0.0427156783315239
2025-11-04,0.0002871390083688,0.007570134672946413,0.0011904954405838775
2025-11-04,0.0415895568148087,0.03230192443010296,0.037763289712792227
2025-11-04,0.0222668358331137,0.014264783303768739,0.024578432095920952
2025-11-04,0.0481370056771428,0.03158243039317932,0.03675060252257093
2025-11-05,0.4288016444347834,0.052402776556249905,0.028104415021274986
2025-11-05,0.0615085269606331,0.03677886257699163,0.04841934846687884
2025-11-05,0.0200740831202611,0.043772903440897196,0.0400273209947417
2025-11-05,0.0509149390617723,0.035903399042363754,0.04400539542228422
2025-11-05,6.632368647929825e-05,-0.008512698871044937,0.0012782574600787105
2025-11-05,0.0488565299617713,0.03128981774218487,0.03728828409149388
2025-11-05,0.0002866979822485,0.007517467584432731,0.0011914373643992107
2025-11-05,0.0440300506913863,0.03245571536705462,0.037821671377899754
2025-11-05,0.023397044381335,0.01528471957748628,0.024596096318457484
2025-11-05,0.0442420826909148,0.03558296285622406,0.04361703960948191
2025-11-06,0.0517136837955203,0.035702112008350176,0.04169350628883913
2025-11-06,0.0607650241693748,0.03671564490000305,0.04643341776627228
2025-11-06,0.0200173395375523,0.043566832707365985,0.03690271784358902
2025-11-06,6.735261966928324e-05,-0.007379693396529344,0.001322461636720904
2025-11-06,0.4288015397458919,0.05238385370422445,0.027934095353823813
2025-11-06,0.0458750400762291,0.035300193986587,0.04172104854332039
2025-11-06,0.0237761342879523,0.014523061613180583,0.024545308689383347
2025-11-06,0.0480124386690588,0.031225008909175803,0.03514918986101548
2025-11-06,0.0002859815055853,0.006880287888109925,0.0011924294099372233
2025-11-06,0.0440751660135335,0.03197852171366186,0.036936647792946926
2025-11-07,0.428801517990068,0.05215868109576137,0.028064196913166636
2025-11-07,0.0599272318072581,0.03659528883178986,0.04277579110851814
2025-11-07,0.0198831905617236,0.043434844031086495,0.0335521444210231
2025-11-07,6.378435524945821e-05,-0.006700208008347572,0.0015138766336161924
2025-11-07,0.0516530851118377,0.03552074694454574,0.04252916598380287
2025-11-07,0.0463593102176728,0.03517810875814316,0.04116011229618548
2025-11-07,0.0002971280514062,0.005038416922073921,0.001191291767050494
2025-11-07,0.0436555717121726,0.03186013026863026,0.0374633997726234
2025-11-07,0.0237327869924416,0.014748492785060869,0.024557016940688712
2025-11-07,0.0457660010547057,0.029194489187189948,0.034386566113492466
2025-11-08,0.4287863814347654,0.049777665315604944,0.028113758349267583
2025-11-08,0.0632443340979537,0.03422100949611326,0.04631417740938871
2025-11-08,0.02069264784153,0.04071213489159073,0.036393676142095696
2025-11-08,0.0519372749451159,0.03302783904928931,0.04169945114427918
2025-11-08,8.256522829040965e-05,-0.010759544466272877,0.0016039449779121078
2025-11-08,0.0468084594393667,0.02639039922023107,0.03510745584658243
2025-11-08,0.0002968220445365,0.0021138082315148993,0.0011906133462541014
2025-11-08,0.044250968159786,0.029252005887163052,0.03699134139080232
2025-11-08,0.0239130495719244,0.012085551914167495,0.024556567346207984
2025-11-08,0.0473794307643317,0.03252420074535145,0.04247777188976846
2025-11-09,0.4287918488017622,0.05074364953327097,0.028204600370281628
2025-11-09,0.0631758344744981,0.03520311298342675,0.04558703695035618
2025-11-09,0.0205722062849265,0.04174952969299599,0.032633307374630875
2025-11-09,0.0517705669345452,0.03399836158653778,0.04199894367879272
2025-11-09,8.891978723250006e-05,-0.010109941864861603,0.0016170154813434326
2025-11-09,0.0464779043740456,0.027395789320277794,0.03449195252955585
2025-11-09,0.000291331906622,0.002614533496023065,0.0011921751319395413
2025-11-09,0.043967215586818,0.030126292478983078,0.03782466418355827
2025-11-09,0.0238880909759631,0.012984588045006445,0.02450524047950624
2025-11-09,0.0472557914987835,0.033502003813024386,0.04164142940664982
2025-11-10,0.0452669414407079,0.034678495119455005,0.03999568620633343
2025-11-10,0.0449097550733688,0.03619330766134554,0.03821294369099851
2025-11-10,0.0190331951240774,0.044157056249596385,0.03037846167761221
2025-11-10,9.060374905234634e-05,-0.009205165906361785,0.0016816838337585464
2025-11-10,0.4287910311058894,0.050440635108996226,0.028286982641404727
2025-11-10,0.0375553309280794,0.03420692671569671,0.04058692844270059
2025-11-10,0.0208945616468489,0.012695410841933864,0.024626489858830126
2025-11-10,0.0411538203059546,0.028914631576080367,0.03443205558138016
2025-11-10,0.0001857543447196,-0.0052772260616889555,0.001071414320234757
2025-11-10,0.0387585469507586,0.030391746522525697,0.037567758434569165
2025-11-11,0.0207483874562201,0.013783867429286816,0.02469580285344601
2025-11-11,0.0385667104449937,0.03187351980216484,0.03760002818673731
2025-11-11,0.000186188151161,-0.0033521996533099896,0.0010769733836411722
2025-11-11,0.0394704794012623,0.03542046388868571,0.03910607057274806
2025-11-11,0.0408147601113685,0.029541034373438788,0.03451726795665067
2025-11-11,9.092077886298193e-05,-0.009049753766122423,0.0016223895948445173
2025-11-11,0.0441093097437096,0.03598565915944503,0.04091191127559119
2025-11-11,0.0191664575044243,0.04553221608899381,0.03745637487241898
2025-11-11,0.0443402381580503,0.03757812629860591,0.04278014480211072
2025-11-11,0.4287511188435502,0.0517875790427032,0.02828539144784501
2025-11-12,0.4287520878555848,0.05268393282536704,0.0281273031062734
2025-11-12,0.040104925369193,0.038955875904936446,0.0420473249027596
2025-11-12,0.0184506691026898,0.04830831810644505,0.03927949020992214
2025-11-12,9.196422070281842e-05,-0.008223806704129817,0.0015864160631285297
2025-11-12,0.0420671524880995,0.03735874258138551,0.04251173312468875
2025-11-12,0.039318335006226,0.03654679733682381,0.041096646862816444
2025-11-12,0.0198776359390648,0.015429127719160416,0.024717421961962274
2025-11-12,0.0319672759139014,0.030865761996908145,0.03453274962403309
2025-11-12,0.0001799336703177,-0.0058705055683689195,0.0010164475805485762
2025-11-12,0.033696011305442,0.033062347173671514,0.03754107158705498
2025-11-13,0.4287691861992437,0.05042907545667273,0.02804387016614844
2025-11-13,0.0395088269327709,0.0366148141674167,0.03784417986743049
2025-11-13,0.0184735940243335,0.04600877636069889,0.0383469718959774
2025-11-13,9.282129152305437e-05,-0.009869689516312972,0.0016283124212797522
2025-11-13,0.0404114383494346,0.03470017030983304,0.041971485739370124
2025-11-13,0.0388906403298467,0.03428853865657715,0.03978658744191532
2025-11-13,0.0002027757340601,-0.007101515113229331,0.0010722190871279272
2025-11-13,0.0333184924078156,0.03081169551782507,0.037653375466307364
2025-11-13,0.0199501260441534,0.013397463015944609,0.024507749634262787
2025-11-13,0.0319671590629665,0.028770532814240316,0.03429618762075974
2025-11-14,0.4287812540890507,0.05207019218671316,0.027977888496990153
2025-11-14,0.0392328389588204,0.03824857750310984,0.04424998347837773
2025-11-14,0.0182445565745942,0.04790404048867318,0.03838561308932872
2025-11-14,0.0411143521214753,0.03633667966695425,0.0433017059857557
2025-11-14,9.136038009119808e-05,-0.007852286312964474,0.0015073169125145668
2025-11-14,0.0304758608146377,0.03025404730749734,0.0341496181515948
2025-11-14,0.0002071801280441,-0.005318922760787853,0.0010658523977243686
2025-11-14,0.019943262091242,0.015571265475559929,0.024536066464223013
2025-11-14,0.0384798150071495,0.035967376738537005,0.04199768793979
2025-11-14,0.0341259689306833,0.03284006169188794,0.037876703323873946
2025-11-15,0.0217347302726782,0.017138620924160863,0.02477992144320889
2025-11-15,0.0342714746263636,0.03396140449914829,0.03675424287866577
2025-11-15,0.0002163727436413,-0.002258756961474623,0.00104941262449974
2025-11-15,0.03839294938924,0.03700874069209832,0.041851359945913914
2025-11-15,0.0298090347722263,0.0322309836493096,0.03541170740671993
2025-11-15,0.0410832148193976,0.03749510847076301,0.04843864516810977
2025-11-15,0.0181433813686235,0.04865303927523863,0.03886635540132883
2025-11-15,0.0391303969496041,0.03923252821777698,0.04670488706394882
2025-11-15,0.4287434114660454,0.05272379491029093,0.027919612601197515
2025-11-15,8.95652622187061e-05,-0.006265927671481528,0.0013011106397978743
2025-11-16,0.428733204387326,0.05131420040190639,0.027954956678012892
2025-11-16,8.957191666624196e-05,-0.007782419218958711,0.001367729910307933
2025-11-16,0.0392525128716723,0.03786399855965411,0.03669007745964868
2025-11-16,0.0181158307500689,0.047333996474795,0.0332788102402847
2025-11-16,0.0405150122879687,0.0361802975498841,0.04253327608177177
2025-11-16,0.0300682968255668,0.0306620905569888,0.03414410452840297
2025-11-16,0.0002104949190743,-0.0033262259202471584,0.0010570637208567215
2025-11-16,0.0345293279674708,0.032273213547173926,0.03685352736400744
2025-11-16,0.021634923658173,0.015096385954236648,0.02442607215572567
2025-11-16,0.0378680704201647,0.03592092500220716,0.03814597212576692
2025-11-17,0.4286603475652277,0.04987595406070108,0.028107925433630537
2025-11-17,0.0393881263330535,0.03640481569466897,0.0379197226919792
2025-11-17,0.0178293600031455,0.04604930772056187,0.03873255281228219
2025-11-17,0.0405212740066584,0.03469725027063583,0.045176794541761656
2025-11-17,8.762267061626313e-05,-0.009730419563036143,0.0017504538714856227
2025-11-17,0.0279753729039207,0.02888211231575155,0.03423598590488768
2025-11-17,0.0002071595657762,-0.005438057998829071,0.0009736960923242371
2025-11-17,0.034605215624032,0.03094225901623193,0.03712675466261002
2025-11-17,0.0215802254407544,0.014088285760781836,0.025049523381198414
2025-11-17,0.0378267884829633,0.034480882610799304,0.03945783562799222
2025-11-18,0.0405106252812087,0.03437772428755988,0.04644975368219798
2025-11-18,0.0396633118090998,0.03606045986702189,0.04274152895078033
2025-11-18,0.0176120887165659,0.04602967132629744,0.038227749771057175
2025-11-18,8.584638558556297e-05,-0.010373964980254419,0.0011541077699513465
2025-11-18,0.4286603963770642,0.04964970021078255,0.027890458822225215
2025-11-18,0.0376988135329612,0.03425323760318735,0.038684554653250554
2025-11-18,0.0002157383398805,-0.006687965381456523,0.0009687036267262585
2025-11-18,0.0345166446302387,0.030886184954892353,0.034855676210017665
2025-11-18,0.0218287890213541,0.014469882453271844,0.022637915337307947
2025-11-18,0.027800525553005,0.028617064488225707,0.032896413974426844
2025-11-19,0.0411756741264215,0.039932270056987504,0.04367375294991377
2025-11-19,0.0169490134745586,0.05029446012562876,0.04035765307586809
2025-11-19,0.0433565533800243,0.03827431156075696,0.044454193233077005
2025-11-19,8.579205781099768e-05,-0.00670159663357333,0.0011527441774336108
2025-11-19,0.4286604595714017,0.0532228193749297,0.02810335169107204
2025-11-19,0.0379263556302867,0.037743678816008985,0.04104361831580651
2025-11-19,0.0002469443592285,-0.0042266090321296385,0.0009692133848521437
2025-11-19,0.0347671880934275,0.03446301953545379,0.0365643833366531
2025-11-19,0.0216978193079099,0.017964444496261663,0.024705054449667734
2025-11-19,0.0282043375033759,0.03223994685343966,0.03528086037839412
2025-11-20,0.4286598797630245,0.05251198458597338,0.027813767842512778
2025-11-20,0.041406313474651,0.03938702100241956,0.04025046490435563
2025-11-20,0.0169134430662138,0.049864359949904416,0.04058915249201198
2025-11-20,0.0433187257056057,0.03756639076443878,0.04465352260129044
2025-11-20,9.129785560095608e-05,-0.007901431563887229,0.0011311480835228566
2025-11-20,0.0289185238490198,0.03129588847812064,0.030776971290747388
2025-11-20,0.0002557907481505,-0.005486190286209544,0.0009490072354328486
2025-11-20,0.0350203629588384,0.03367060606776605,0.03497569548746665
2025-11-20,0.021318807746365,0.017476156593919778,0.023064554597063292
2025-11-20,0.0379399588627316,0.037408298216839886,0.0386763000056783
2025-11-21,0.0433140927588516,0.03879740473500763,0.05162699264521409
2025-11-21,0.0414752512405501,0.04015981091737271,0.04349859628728711
2025-11-21,0.0172138188865976,0.049135129906794764,0.03890661480141489
2025-11-21,9.233922005183812e-05,-0.006190989850886536,0.0011496688002268795
2025-11-21,0.4286518050352189,0.052912843044890356,0.028043270055388793
2025-11-21,0.038690286818193,0.03770996450152442,0.04009407365303543
2025-11-21,0.0228523388743152,0.018754311297046158,0.024698601903769987
2025-11-21,0.0286498950233132,0.03167508514631738,0.03391005131558516
2025-11-21,0.000257596876485,-0.006056864862125463,0.0009725836655276064
2025-11-21,0.0362897390670403,0.034084157149456326,0.037587830001368096
2025-11-22,0.4286413367652164,0.05370576681637794,0.028014174687280395
2025-11-22,0.0426071525041311,0.04100079215991666,0.04719345253312379
2025-11-22,0.0172763109786753,0.049772601740137645,0.04026223985250851
2025-11-22,9.236121520505682e-05,-0.005362682717582293,0.001144967768720675
2025-11-22,0.0434593125345911,0.03951931070996299,0.05380130076242385
2025-11-22,0.0386907064091893,0.03843957079552607,0.04042031831218385
2025-11-22,0.000287224145343,-0.003803847705151006,0.0009589816880705142
2025-11-22,0.0363365681000132,0.03498132086601183,0.037935620214733096
2025-11-22,0.0229424957971541,0.020118767192680433,0.024800234584561286
2025-11-22,0.0291097406606043,0.03240292972857475,0.03613870106341878
2025-11-23,0.4286394853254541,0.05202739412864722,0.02818121253354651
2025-11-23,0.0421585625505555,0.039499844314262136,0.03680981902847079
2025-11-23,0.0168451632988642,0.04658297074881933,0.03815519811044827
2025-11-23,0.041257670901549,0.03816571727384878,0.045216532855490585
2025-11-23,9.23446316828581e-05,-0.00700367267137296,0.0017655512064348024
2025-11-23,0.0269678590435337,0.031181214936590533,0.0340813463400787
2025-11-23,0.00028671591575,-0.006009438166051248,0.0009428441074554731
2025-11-23,0.0361115818388231,0.0330409590596583,0.03832684994417542
2025-11-23,0.022238835553391,0.01792540404667375,0.024474452414410305
2025-11-23,0.0385395727843163,0.036654418916689135,0.0376772719235385
2025-11-24,0.4074390989423985,0.05234497978490833,0.03363662894574776
2025-11-24,0.0426713206243031,0.04064043553732341,0.03651941079294224
2025-11-24,0.0160387339126777,0.04627711450180684,0.03393430549203457
2025-11-24,0.0416263752559803,0.03937930931748705,0.04592659952447322
2025-11-24,9.11326644287455e-05,-0.005245570341580602,0.0013342720059033213
2025-11-24,0.0272204686836029,0.03206287780848584,0.034272387472868704
2025-11-24,0.0002896232379396,-0.0053782370867754,0.001020947243353033
2025-11-24,0.0358897266178231,0.034539046323431494,0.03769766264009157
2025-11-24,0.0228480961258495,0.01892699017924847,0.024854730931287292
2025-11-24,0.0386313283432843,0.03768036693507748,0.0385951229801438
2025-11-25,0.0434124300215008,0.03792777031610027,0.04909957424069203
2025-11-25,0.0438900347120397,0.03908433050200327,0.03900582548966963
2025-11-25,0.0156186727380064,0.04426203547879824,0.03800267748067006
2025-11-25,9.000260717145604e-05,-0.006714859862423997,0.0013333819836691297
2025-11-25,0.3872406226573712,0.0516727553413832,0.028206320585655958
2025-11-25,0.0414001609774391,0.0364850560591406,0.042334751248809324
2025-11-25,0.0231605493258771,0.01748230455100801,0.02487755329092967
2025-11-25,0.0277858755084725,0.03058921293545145,0.03399209861199468
2025-11-25,0.000290408548636,-0.006739958025371945,0.0010048331828365253
2025-11-25,0.0376930236928414,0.03318905565981811,0.037347948448872834
2025-11-26,0.0223024711726013,0.018392451000586788,0.025080197695274392
2025-11-26,0.0359403382817475,0.03413052632498029,0.03672761686482973
2025-11-26,0.0002899210054748,-0.006895651045304138,0.0010325156545405575
2025-11-26,0.0411411578565331,0.037151059342446696,0.04085363516316156
2025-11-26,0.0273582191776477,0.03160434536807659,0.03418116602747682
2025-11-26,8.801644698703588e-05,-0.004884414741265525,0.0014178203673944555
2025-11-26,0.0427976821761232,0.038907001256375834,0.0442970419569976
2025-11-26,0.0153739456543405,0.045503051707641906,0.03882534315209563
2025-11-26,0.0428006380389444,0.04024863680886638,0.03890173512170339
2025-11-26,0.387269203842528,0.0523342110019428,0.04644021969501877
2025-11-27,0.3873054415088136,0.05147128689741266,0.028410391776308615
2025-11-27,0.0428442804010527,0.03954592113052398,0.038822694933507165
2025-11-27,0.0154810213734861,0.0442312485874508,0.034091591444023406
2025-11-27,9.02524621600627e-05,-0.007570299286976445,0.0017070705916735751
2025-11-27,0.0434061623192968,0.03794972204853486,0.04536815226952256
2025-11-27,0.0412656882645631,0.03671816298217355,0.04055799779851836
2025-11-27,0.0237267162949216,0.01680037827766975,0.02500677159119309
2025-11-27,0.0283991575263752,0.03011930056195855,0.03422733537053776
2025-11-27,0.0002934595746691,-0.00873866376212594,0.0010316479318055569
2025-11-27,0.0365243965341819,0.03319061471536386,0.03634487044054665
2025-11-28,0.3872653118053522,0.05149501424930267,0.028853677149088448
2025-11-28,0.0425802698798438,0.03970430535106345,0.038520618084788766
2025-11-28,0.0157118501112709,0.04403459492552081,0.03434531942825086
2025-11-28,9.165062471230358e-05,-0.006966087117418383,0.0017266110906445772
2025-11-28,0.0433592361263561,0.038143627263741806,0.04362579467549091
2025-11-28,0.0412657145936075,0.03694214366771101,0.03961707522951586
2025-11-28,0.000291695863882,-0.008985333591577452,0.0010498752625085388
2025-11-28,0.0362448202906596,0.03318222491472608,0.03606704804062249
2025-11-28,0.0239102234024875,0.016593411221726324,0.025023970927564212
2025-11-28,0.0280921277003549,0.029973228799187436,0.03429835621766931
2025-11-29,0.3872241552549012,0.05295564418542814,0.0287319340367115
2025-11-29,0.0426065787572574,0.04100781077454704,0.038564919036250485
2025-11-29,0.0157253170650518,0.045234950487170966,0.037594148520268184
2025-11-29,0.043385467616766,0.039344140774998024,0.05035795169201649
2025-11-29,9.16507920150436e-05,-0.005559665638510972,0.0017365541622871151
2025-11-29,0.0280316925355662,0.031018805425709395,0.034379745365223584
2025-11-29,0.0002950285435823,-0.0075166206854851425,0.0010557481729865596
2025-11-29,0.0236467221707261,0.018135727575066884,0.024847787184323254
2025-11-29,0.041162892019264,0.038421277597811415,0.04136804345974087
2025-11-29,0.0362689670992042,0.03461108701942453,0.03627438874761955
2025-11-30,0.0235845275398399,0.016561589301848586,0.02470118898962707
2025-11-30,0.0361547263764613,0.033241105873583435,0.035774741129368015
2025-11-30,0.0002943194990883,-0.009101810577436198,0.0010556917454923812
2025-11-30,0.0405159348697051,0.03692508166624525,0.03854258473429386
2025-11-30,0.0278649189663177,0.029722765637324282,0.03446788958296048
2025-11-30,0.0426893682039263,0.037900145037831415,0.04476425882654226
2025-11-30,0.0155905154175547,0.04389446625628558,0.030082462286807582
2025-11-30,0.0418178756770072,0.039597592941408646,0.03836969966924055
2025-11-30,0.2735055007064185,0.0518528794662062,0.028745889134200467
2025-11-30,9.437021722421516e-05,-0.007101611726204077,0.0017283890802781952
2025-12-01,0.013633077094152,0.054914877644378454,0.03710977087242757
2025-12-01,9.279075313058909e-05,-0.007115788232768552,0.0017106350748663588
2025-12-01,0.0415049872895487,0.0403463911268549,0.03791220083151484
2025-12-01,0.0153764242397501,0.04478212126586774,0.030442139661630986
2025-12-01,0.0424031962478106,0.03861654981119349,0.046518031213129404
2025-12-01,0.0277844069206654,0.030452510964634645,0.03447231957445894
2025-12-01,0.0002868168446208,-0.009338805858622873,0.0010431734850370401
2025-12-01,0.0360008452086999,0.03389768915062194,0.03600797026905179
2025-12-01,0.0233379116699703,0.017258402961741793,0.024663010494084012
2025-12-01,0.0401299860473623,0.037714096901855204,0.038506375988785015
2025-12-02,0.0127762009858372,0.054420457699545385,0.03720664677428227
2025-12-02,0.0433081715980534,0.03955282906741271,0.04195006442992476
2025-12-02,0.0155607642501548,0.04407753225887695,0.03911880174924279
2025-12-02,0.0433104491133696,0.03812590158842431,0.05329216074578506
2025-12-02,9.162161108283132e-05,-0.007163797919628789,0.0017251766104613218
2025-12-02,0.02923341563824,0.029760501514724876,0.034134130016996535
2025-12-02,0.0002871817815704,-0.009345995805633417,0.001039235924800999
2025-12-02,0.0374245191826212,0.03377198898695784,0.03729680524986129
2025-12-02,0.0243707212234767,0.01811768404428891,0.025022701242364085
2025-12-02,0.0415431892877373,0.037138502645152074,0.0402011329579522
2025-12-03,0.0471357759339342,0.03673051480309367,0.04696503881654338
2025-12-03,0.0459445554773611,0.038219286064250804,0.039344163545692395
2025-12-03,0.0158285653402734,0.04303960468340372,0.0384571922604526
2025-12-03,9.33024334405462e-05,-0.00912666070992,0.0016740223348521762
2025-12-03,0.0127872267842793,0.05345509844993786,0.03763082352848381
2025-12-03,0.0432380508804604,0.036212638404396216,0.04123553001230558
2025-12-03,0.0270284055586678,0.016397327854139433,0.02506780834769836
2025-12-03,0.0316981805190544,0.028267025501147812,0.03413492971201969
2025-12-03,0.0002903195172031,-0.011010698534983654,0.0010399319307756163
2025-12-03,0.0399489334606476,0.032556611294653454,0.0368615218060102
2025-12-04,0.0269187593969073,0.014417332577364276,0.02506780834769836
2025-12-04,0.039627396082473,0.030819771529956793,0.0368570954372505
2025-12-04,0.0002895767776954,-0.012009003008748,0.0010395628262857483
2025-12-04,0.0403143869267621,0.034720785747427,0.04085778514221939
2025-12-04,0.0295054370661958,0.026276724200473424,0.03462064429866218
2025-12-04,9.329327927819328e-05,-0.010587651801580292,0.0016922123070483872
2025-12-04,0.043265048731469,0.03485199450693778,0.044385989508855035
2025-12-04,0.0115802578104808,0.04166617167077197,0.038654868943548616
2025-12-04,0.0425433404604735,0.03657487616556625,0.03937556393447988
2025-12-04,0.0139818489713727,0.05457458417861527,0.03791839291106912
2025-12-05,0.0129782192151961,0.05484508975055874,0.039332919474039316
2025-12-05,0.0426254497618604,0.03894997074154394,0.038996180737156834
2025-12-05,0.011774840008559,0.04299874896807379,0.03722539025484962
2025-12-05,0.0423733150611855,0.037762990628826876,0.04339899752049134
2025-12-05,9.48582266398701e-05,-0.008037190703450811,0.001677831010562433
2025-12-05,0.0406110654858066,0.03757266386831341,0.04024572501713598
2025-12-05,0.0002899647121599,-0.010189059306363074,0.0010485531847621544
2025-12-05,0.0364505850966875,0.0336312458283429,0.03653131084068635
2025-12-05,0.025796232044291,0.017240915796753967,0.025113239970082517
2025-12-05,0.0281038384065438,0.029252606518238924,0.03425844219327785
2025-12-06,0.0147244642983881,0.057892507507534136,0.03833419716430617
2025-12-06,0.0432513368562505,0.04001056621056254,0.038854941817312506
2025-12-06,0.0115402449885689,0.044595226893487966,0.03755196638275253
2025-12-06,0.0419226434335636,0.03896972851296747,0.048087988198486815
2025-12-06,9.568402565063552e-05,-0.008165688113871479,0.0016371288080880696
2025-12-06,0.0279081394334398,0.03050517264037994,0.034359043058512874
2025-12-06,0.0002900396642698,-0.00881653445097915,0.00104970079522232
2025-12-06,0.0361385005641456,0.034920425014578926,0.036619187450549144
2025-12-06,0.0258353142247891,0.018824860347885723,0.023738891565224702
2025-12-06,0.0392759423699991,0.03882309944401949,0.03961425126818136
2025-12-07,0.0148479268878022,0.055748205861096675,0.03799622252764336
2025-12-07,0.0428484127469072,0.03782967376521436,0.038704823723634874
2025-12-07,0.0110616050756589,0.04258651371462323,0.033162901833239875
2025-12-07,9.691904554902318e-05,-0.010512676019476072,0.001611830541959082
2025-12-07,0.041150146702625,0.03679225746894116,0.04169544998348204
2025-12-07,0.0378413516164255,0.03657657485980374,0.03861775232131332
2025-12-07,0.0255700260968479,0.016405358270153058,0.024680552549707004
2025-12-07,0.027913605879256,0.028214671649965967,0.034663486485441417
2025-12-07,0.0002764141499362,-0.010775284467576612,0.0010539345837401798
2025-12-07,0.035693559962074,0.032580653115490396,0.036029847304954864
2025-12-08,0.025303140554052,0.015155953602378449,0.024682082791812585
2025-12-08,0.0349192898742553,0.0315959902486935,0.03626504500462533
2025-12-08,0.0002762651998449,-0.011534214865209183,0.0010506750514802869
2025-12-08,0.0366763080972572,0.035610109883975824,0.03911478977081885
2025-12-08,0.0265945777095603,0.027153134247275626,0.03456396505507103
2025-12-08,8.086402892055993e-05,-0.010691207670410693,0.0016490707786353145
2025-12-08,0.0400698865280839,0.035886677545995394,0.04712057316896504
2025-12-08,0.009563860353182,0.041736698649389586,0.03496177227344997
2025-12-08,0.0375203017259463,0.036246363681724264,0.038732215336982685
2025-12-08,0.0148449662544358,0.054556586703008336,0.03754179134187211
2025-12-09,0.0144853990225916,0.05340481753440633,0.037348931402576495
2025-12-09,0.0381911934309871,0.035400609446518266,0.03866390735269741
2025-12-09,0.0101360159923573,0.04198973453488196,0.03452984472080268
2025-12-09,7.296160135895231e-05,-0.011475388132402696,0.0016622146806987616
2025-12-09,0.0400975803472624,0.034942720078575365,0.048907649730693045
2025-12-09,0.0368191019250287,0.03465516475520607,0.039684040462971464
2025-12-09,0.0253341616829557,0.014224462563623256,0.02484216485265643
2025-12-09,0.0266360632493985,0.026168633325144006,0.03461190489796763
2025-12-09,0.0002772081188884,-0.01224328855030827,0.0010598361298961075
2025-12-09,0.0352528561780634,0.030654465718760186,0.03618045485637813
2025-12-10,0.01449913244631,0.05549731747840739,0.03806745546657534
2025-12-10,0.0388674415569414,0.0375125498050526,0.04004486854188927
2025-12-10,0.0101606164449373,0.043889368470045056,0.03905363478903695
2025-12-10,7.067828025085916e-05,-0.010376464018225395,0.0016059139555523636
2025-12-10,0.0399857220730705,0.03718552737704996,0.04746838052421959
2025-12-10,0.036328994699684,0.03702631106497889,0.04080216741232168
2025-12-10,0.0002770062301346,-0.009951003651074791,0.0010397851344460612
2025-12-10,0.0358777817306415,0.03281578930153138,0.03607306530132684
2025-12-10,0.0253188608100816,0.01609977698853614,0.025040848509800567
2025-12-10,0.0265938513821682,0.0285034658293824,0.03398629689624947
2025-12-11,0.0144112161142863,0.05412885053056096,0.037602319360893505
2025-12-11,0.0388861472658506,0.03677945813200048,0.0394797818996447
2025-12-11,0.0095041480055384,0.04312477484772241,0.03900235705704597
2025-12-11,0.0397004314216405,0.03640059744776704,0.05022617265649733
2025-12-11,0.0001956852455137,-0.007587069524038738,0.0016657033710186645
2025-12-11,0.0265952995934389,0.027522846628100547,0.034222636302054604
2025-12-11,0.0002760954427987,-0.011103649115150771,0.0010391530579082337
2025-12-11,0.0251570649045073,0.015386968471581466,0.025037999161972066
2025-12-11,0.034141473627322,0.035911178543781105,0.04017950624344275
2025-12-11,0.0358833646269306,0.03183203921764506,0.03616734885752178
2025-12-12,0.024817692250855,0.016909090749258473,0.025037999161972066
2025-12-12,0.0354105268783601,0.03403683568925868,0.03608568772157312
2025-12-12,0.0002713100039546,-0.008912972290369706,0.0010421255348877776
2025-12-12,0.0328627387631777,0.037680233132171045,0.03998328648274725
2025-12-12,0.0259492341151523,0.029420797895502837,0.03426669246788763
2025-12-12,0.0002848553884465,-0.006084888823854301,0.0016746514505760843
2025-12-12,0.0370757927842314,0.037979803071686,0.05010580643461929
2025-12-12,0.0094850757638587,0.04413427135975545,0.038421801312134705
2025-12-12,0.0378796943922922,0.03873220859778803,0.03952936390238997
2025-12-12,0.014490891004259,0.055261361614061325,0.03767355229982548
2025-12-13,0.0373628267332125,0.035342247208286895,0.04998082108189437
2025-12-13,0.0140080776238377,0.05312486784748524,0.03767355229982548
2025-12-13,0.0380158683441573,0.03613512702280282,0.03885548515758546
2025-12-13,0.0103224789681912,0.04148643814202653,0.0339789492469058
2025-12-13,0.0002843636416706,-0.008791100536119707,0.0016818696775109494
2025-12-13,0.032888274489285,0.03512496144451853,0.03870985323929088
2025-12-13,0.0002585596858726,-0.012351735143027787,0.0010485278691338517
2025-12-13,0.0363891405652546,0.031534259311258556,0.03626299535879105
2025-12-13,0.0250257740589526,0.014905421913190432,0.02506026218499938
2025-12-13,0.0259481613008194,0.026991298953562996,0.034534159335553684
2025-12-14,0.0257478220702048,0.029062400405939312,0.034681946381411685
2025-12-14,0.0248932147526297,0.016667584636554326,0.024701136270015623
2025-12-14,0.0352522432932798,0.03323710749430951,0.03560811620966541
2025-12-14,0.000243461604887,-0.010226133915379076,0.0010792489751251327
2025-12-14,0.0328164155160704,0.03713572049159042,0.03859030835788348
2025-12-14,0.0002846753840882,-0.006863755830069512,0.0017311232457765044
2025-12-14,0.0362315301192759,0.037201780934103715,0.04149037709169058
2025-12-14,0.0104081784873361,0.043645738494493144,0.03135828311281812
2025-12-14,0.0378760685253023,0.03818061581376715,0.03530001653502717
2025-12-14,0.0146158302526526,0.05470616061658014,0.037663481258754745
2025-12-15,0.035740097704446,0.03871871908140276,0.04452665862771744
2025-12-15,0.0002849182398507,-0.005356101576494285,0.0017369208421697778
2025-12-15,0.037773979665834,0.039474898466726444,0.03883668013932229
2025-12-15,0.0113645795215434,0.04671549351875649,0.03462080929280104
2025-12-15,0.0146164317991992,0.05620304875839914,0.03774964881908117
2025-12-15,0.0259623356545254,0.029717032750852405,0.03575107729492509
2025-12-15,0.0002371077133933,-0.011049887331236435,0.001058268233805126
2025-12-15,0.023275902944551,0.01862489746934162,0.02467417910789621
2025-12-15,0.0324403067296049,0.038575183951015474,0.03829528070337684
2025-12-15,0.0345819942477948,0.03483226402979364,0.03599136064919984
2025-12-16,0.0233730898794815,0.01907377778796943,0.02491590889005878
2025-12-16,0.0348644739694802,0.034984468203021896,0.03633821941812803
2025-12-16,0.0002376848454847,-0.011164928542722982,0.0010539002375519917
2025-12-16,0.0332188711044789,0.03841289995420839,0.03932951368834864
2025-12-16,0.0260482863280904,0.02968763887593443,0.03577920266530122
2025-12-16,0.0357857950916394,0.03870298969456795,0.04978756423637504
2025-12-16,0.0113151174380562,0.04723760763834954,0.039244262550056856
2025-12-16,0.0374233092795928,0.03939319247109535,0.039017958173011784
2025-12-16,0.0156302932872697,0.057005338800137056,0.03801824305581312
2025-12-16,0.0002849183286308,-0.005334873011631033,0.0016818275131865142
2025-12-17,0.0156324629337665,0.05727615271993511,0.037308165085802626
2025-12-17,0.0002851291910141,-0.005104854647291088,0.0016500318321330757
2025-12-17,0.0374686004301006,0.039706402479323125,0.037560476062869615
2025-12-17,0.0114094845064562,0.04735994725315876,0.034588586889187006
2025-12-17,0.035770548723136,0.039072476445908624,0.04617290041332063
2025-12-17,0.0263409720478565,0.029897418861752366,0.042501675474358
2025-12-17,0.0002332340166812,-0.01011500563094192,0.0010288766124917888
2025-12-17,0.0346687356161069,0.0354589574714443,0.036546853708538246
2025-12-17,0.0235838740527015,0.01911575405829664,0.02485527770341796
2025-12-17,0.0334700906946788,0.0386359447032813,0.03832031070826381
2025-12-18,0.0166511766729446,0.05497985439600342,0.03713255323928621
2025-12-18,0.037336864536704,0.03860787580978553,0.03923678701286455
2025-12-18,0.0114081882035851,0.04618170919912455,0.038700811522294556
2025-12-18,0.0355345520571617,0.038025631748385594,0.05040282350914193
2025-12-18,0.0002873647320302,-0.006593811349129189,0.00168549653910067
2025-12-18,0.0268310514561203,0.02885007567236509,0.03514713161981368
2025-12-18,0.0002216080850968,-0.010656720560295749,0.0010597046126310109
2025-12-18,0.0353844355735679,0.034506490701738904,0.036477059416845696
2025-12-18,0.0234254038901876,0.018289511915566155,0.02491590889005878
2025-12-18,0.0337257601150841,0.037484038533633704,0.039142328594031967
2025-12-19,0.0167825833570122,0.0553825881716862,0.037359908734258644
2025-12-19,0.035288797358396,0.038377336956073815,0.040378648725224744
2025-12-19,0.0114037046644903,0.046332778539586464,0.03884093440295939
2025-12-19,0.0002880805258347,-0.006402228431110893,0.0016688359769809103
2025-12-19,0.0329027102624627,0.037529977157226155,0.05213506784543162
2025-12-19,0.0335431918235143,0.037807815796726874,0.03964783937076155
2025-12-19,0.0001967705809295,-0.010329643138551788,0.0010439602854053927
2025-12-19,0.0348196205560305,0.03475618962746556,0.03663541347618222
2025-12-19,0.0233527925785163,0.018735406316705918,0.025034483736415616
2025-12-19,0.0263301200898832,0.029032684589187598,0.041381997571267856
2025-12-20,0.0381758178470178,0.03856562916431984,0.03965373646896585
2025-12-20,0.0112072772191876,0.04686541101059402,0.03798482042473083
2025-12-20,0.0343224056263808,0.03761517456141075,0.050359034876910506
2025-12-20,0.0002862313371675,-0.005839547190827972,0.0016674697363355377
2025-12-20,0.0168615584267252,0.05613256191395462,0.03764437847874109
2025-12-20,0.0342493503373518,0.03771959475897378,0.03988535494663099
2025-12-20,0.0001836821916138,-0.008689928022274244,0.001039947786041023
2025-12-20,0.0357682654082305,0.034684343763756495,0.0363193125414168
2025-12-20,0.023985925844693,0.01841878329919536,0.025018700042933523
2025-12-20,0.0261566145107879,0.028976486298512225,0.043680308214067334
2025-12-21,0.0169562780519767,0.05522361953946149,0.03799622252764336
2025-12-21,0.0378470804128494,0.03548113249470705,0.04217969621813284
2025-12-21,0.0105276163356295,0.04629153313369669,0.029303962390519214
2025-12-21,0.0341473261591055,0.03425318121416089,0.050991371707562565
2025-12-21,0.0002877800777066,-0.009065172247069528,0.0017263237227309104
2025-12-21,0.0255226573941365,0.026345018798672112,0.05201386756956596
2025-12-21,0.0001833829553343,-0.009904412219367859,0.0010856344422302702
2025-12-21,0.0337291478073405,0.03240142613186148,0.035646338606654344
2025-12-21,0.0219073349308963,0.01566678486126787,0.025030418014256782
2025-12-21,0.033111028922826,0.03543424328162585,0.03892467016596709
2025-12-22,0.0334254163711395,0.03747733932420225,0.05086805507520409
2025-12-22,0.0361398034157845,0.03862519644632301,0.045602059416142184
2025-12-22,0.0110395428059089,0.05048072294146114,0.03873794370291075
2025-12-22,0.0002877847441116,-0.0059306743379541685,0.0017730685290763203
2025-12-22,0.0168000714783036,0.05795881999271149,0.038777964738028824
2025-12-22,0.0328053287976389,0.03869987226672858,0.0391679727381579
2025-12-22,0.0216043883555399,0.018817382103471576,0.024541690059912132
2025-12-22,0.0243082043453316,0.02944310715147927,0.05165175172894336
2025-12-22,0.0001396278386577,-0.01081859752644821,0.0010795682483886288
2025-12-22,0.033393070321673,0.03562478570345849,0.03606242982250725
2025-12-23,0.0170034579541452,0.0574755696478505,0.03846000220562051
2025-12-23,0.0362074084365337,0.038075452544102176,0.04585356990674212
2025-12-23,0.0112634503147314,0.05007296077498101,0.040793992896028725
2025-12-23,0.0002890224421746,-0.006470056734147828,0.0017193914917074536
2025-12-23,0.0334072507262405,0.03691702916469121,0.05203892197145818
2025-12-23,0.0328592573185219,0.03812057806371297,0.03990028551688757
2025-12-23,0.0001468189706782,-0.011008329658350968,0.001072958393390325
2025-12-23,0.0333930838269114,0.035100786080594776,0.036416416228369546
2025-12-23,0.0215824370469131,0.018399315763347978,0.024836150734475943
2025-12-23,0.0243064711562309,0.028835870495708266,0.04998418812495635
2025-12-24,0.0170810733911973,0.05779031611656121,0.0387579706924622
2025-12-24,0.0358083751256616,0.038675476191055796,0.04621690357516955
2025-12-24,0.0112850306980236,0.050515312894300834,0.029715800654634587
2025-12-24,0.0331507629077787,0.037476312628186945,0.05197218362874053
2025-12-24,0.0002903724739114,-0.006159881294188915,0.0016865523837549532
2025-12-24,0.0244287221518915,0.029257489609732575,0.05116003542181515
2025-12-24,0.00014221760377,-0.009904438456549022,0.0010755387405582944
2025-12-24,0.0334831732772124,0.03548950159304343,0.0368681282271388
2025-12-24,0.0212719808190201,0.01918343724156756,0.02503854520077143
2025-12-24,0.0316735990981504,0.03880381842346761,0.03972375961858751
2025-12-25,0.0172145948272064,0.05808592950342378,0.03852833804334039
2025-12-25,0.034549011503252,0.03885806560771855,0.04583398559806557
2025-12-25,0.0114998354286429,0.050783074410001974,0.03514591446782241
2025-12-25,0.0313366377192725,0.03746896349567423,0.05738079234206757
2025-12-25,0.0002961140517259,-0.0061349773908583455,0.0017516934098528332
2025-12-25,0.0239814302720979,0.029502725138712146,0.05205595739095692
2025-12-25,0.0001410204484807,-0.009531733484492579,0.0010770729153629617
2025-12-25,0.0320640655885744,0.035605508465969216,0.03671080058168797
2025-12-25,0.0210557822100555,0.019230540628643374,0.024785505478929163
2025-12-25,0.0270851601780614,0.03776579023758485,0.04461531853582304
2025-12-26,0.0314314967413208,0.0341956539497949,0.057071095460729394
2025-12-26,0.0350117259174364,0.03566836492821271,0.04487329522366967
2025-12-26,0.0115526482857438,0.04768546453686588,0.02916520025663609
2025-12-26,0.0003041887014919,-0.009337840695415003,0.0017451264336397407
2025-12-26,0.0165580748031271,0.055558555920681346,0.03827109344780695
2025-12-26,0.027135947957325,0.03466439456586508,0.044567394470438525
2025-12-26,0.0209853316294107,0.016164817786292456,0.024688125863623303
2025-12-26,0.0242701719100771,0.026482107362636523,0.051783816593966005
2025-12-26,0.0001375575679631,-0.012453506000235398,0.0010830794116943759
2025-12-26,0.0321679071777363,0.03245822697141687,0.03664740421325011
2025-12-27,0.0198810984295446,0.018492607228874056,0.024959923244157155
2025-12-27,0.0318688831893423,0.03447162804653728,0.03697800384892309
2025-12-27,0.0001322279480771,-0.008212176900777884,0.0010673887054501391
2025-12-27,0.0270353359479769,0.036568741843719804,0.04335999528691702
2025-12-27,0.0233955390572038,0.028865113289621505,0.051045899566152075
2025-12-27,0.0003052847205356,-0.0069108619006413435,0.0017058223289238945
2025-12-27,0.0311128862654678,0.03642458332407253,0.056964897895173366
2025-12-27,0.0114796805851891,0.05032678182772128,0.029210966648944982
2025-12-27,0.0348583309426315,0.037433724354724834,0.045014156084016356
2025-12-27,0.0158376904984386,0.06032979257344226,0.03830935742275637
2025-12-28,0.0157448432604676,0.0589872368801856,0.03827109344780695
2025-12-28,0.0351729875195758,0.03559269429074444,0.0468037566787792
2025-12-28,0.0116592684515202,0.04874309035255418,0.030408842767604492
2025-12-28,0.0003112148970055,-0.008976548168978069,0.0017289921365871612
2025-12-28,0.0313879609258683,0.03451163182813918,0.058877577661164346
2025-12-28,0.0273341944875621,0.03474258179369524,0.04488372336348567
2025-12-28,0.0198346802420773,0.016471563194755897,0.02462188809280027
2025-12-28,0.0235196342863626,0.02714888266911185,0.05232619286450385
2025-12-28,0.0001335689286223,-0.010218732877022685,0.0011075063197786568
2025-12-28,0.031902958267118,0.03254248915096884,0.03564791312733175
2025-12-29,0.0157115121754016,0.059219470301219115,0.0380269324441887
2025-12-29,0.0351340283982415,0.03578162080961193,0.046970206058343796
2025-12-29,0.0116520448304492,0.048911218945156695,0.029198067759059747
2025-12-29,0.0003139945190005,-0.008700329218254317,0.0017375390353059838
2025-12-29,0.0311903702256722,0.034622383245727514,0.05448940923299791
2025-12-29,0.027324020068878,0.034942814855051615,0.044602223707436474
2025-12-29,0.0001253230292528,-0.010457368050791158,0.0011051300291245346
2025-12-29,0.0318792432855869,0.032716477897893406,0.03652619990952333
2025-12-29,0.0198314949016158,0.016675695224682003,0.02504098625401827
2025-12-29,0.0237199128959886,0.02746079285070909,0.05234410691241506
2025-12-30,0.0157285811937488,0.06072916749099373,0.037959693833796354
2025-12-30,0.0351243549699437,0.03711142973938936,0.045839673507208994
2025-12-30,0.0116550754636762,0.05020778159561942,0.04170066254803412
2025-12-30,0.0312668267182385,0.0359512186628165,0.05456536042786402
2025-12-30,0.0003166773850636,-0.007452964747504301,0.0016701215510810876
2025-12-30,0.0236084928904008,0.028659495158297535,0.05061006722513196
2025-12-30,0.0001465592082472,-0.008680628843538533,0.0010529796523940551
2025-12-30,0.0198664376024325,0.018388425053823144,0.02504102333558575
2025-12-30,0.0271771820557278,0.03617932258678837,0.04421312997608234
2025-12-30,0.0317940894344265,0.034134529649478246,0.03698068667970461
2025-12-31,0.0200589922328583,0.018044379888381836,0.02475075425706487
2025-12-31,0.0318793873401039,0.0340446110266453,0.036812994265094864
2025-12-31,0.0001474510076122,-0.009198159751840101,0.0010483969059201352
2025-12-31,0.0273445120489904,0.03612453925703149,0.04791296911107309
2025-12-31,0.023683174044394,0.02860209969213319,0.04960606644942265
2025-12-31,0.0313901519261741,0.03594595098320609,0.05390998218516085
2025-12-31,0.0116863112913083,0.050027736126500605,0.03363561981886695
2025-12-31,0.0351574732773711,0.037185105448662215,0.04363649258025422
2025-12-31,0.0157615500525408,0.06050352907291026,0.037992940435225483
2025-12-31,0.0003170794361366,-0.007553357925865409,0.0016533777499959153
2026-01-01,0.0157561672852357,0.0603699139059591,0.03803448650259278
2026-01-01,0.0003173231578364,-0.007855822153713304,0.001365530945840884
2026-01-01,0.0335418874337552,0.03786732655431588,0.04258520532621616
2026-01-01,0.0113276761176148,0.05191086383667391,0.03572974176970025
2026-01-01,0.0294583340906958,0.03633484097152817,0.05476408436557156
2026-01-01,0.0209654572994182,0.02953030969228892,0.03397835312224274
2026-01-01,0.0001577857136611,-0.009043575394384974,0.0010490830805104895
2026-01-01,0.0292911242154757,0.034703773692760856,0.036192696983923335
2026-01-01,0.0181952314566606,0.018389076936698275,0.02465182684102446
2026-01-01,0.025136879089418,0.03669007677686967,0.04334103968475519
2026-01-02,0.0160384635684766,0.06238690828344365,0.038065196419138116
2026-01-02,0.0338014780744728,0.03872240495988136,0.039751050807936686
2026-01-02,0.0111198849272102,0.0537240208045712,0.10037223743739641
2026-01-02,0.0242951602328043,0.03688154168198604,0.04745123023459737
2026-01-02,0.0003171911107826,-0.008379456356535323,0.001363495718067109
2026-01-02,0.018055842321413,0.03093350142111266,0.034369465852012976
2026-01-02,0.0001523713655845,-0.005763074056995346,0.0011085970112279342
2026-01-02,0.0265927410323771,0.03500973149803839,0.03569369967159073
2026-01-02,0.0149889436023466,0.017932538916357096,0.024690558299591252
2026-01-02,0.022577319340611,0.03710036614725494,0.043882325695171163
2026-01-03,0.0240532108532327,0.037033619403742585,0.04971941439410933
2026-01-03,0.0391855530886177,0.03963974518166824,0.05012701728038333
2026-01-03,0.0111826695824947,0.05274730466470283,0.1062744789101747
2026-01-03,0.0003171920206144,-0.008670981048218833,0.0013514841243562727
2026-01-03,0.0150397597750023,0.05953720724725742,0.037959693833796354
2026-01-03,0.0257211172228807,0.03774101984261416,0.040429565539560994
2026-01-03,0.0144610970554263,0.017729756649849795,0.024961994728382904
2026-01-03,0.0157916747023157,0.030978436072762475,0.03389874380987656
2026-01-03,0.0002085341372233,-0.007935890339539918,0.0010532687508614125
2026-01-03,0.0248460950015628,0.035039461677776496,0.035964180041379606
2026-01-04,0.014275897100893,0.015182813513762949,0.024683127314186402
2026-01-04,0.0245945312436898,0.032865897299606345,0.03570585912771604
2026-01-04,0.000208405035608,-0.01035374376729075,0.0010666448602848818
2026-01-04,0.0242244688176502,0.03553996925410892,0.0388961055567334
2026-01-04,0.0151992806631378,0.029092219528086403,0.034177543579820245
2026-01-04,0.0003170054488473,-0.010896643332842529,0.0013843165619412514
2026-01-04,0.0229672089339727,0.034777904108821506,0.047412711864674176
2026-01-04,0.0113755183844691,0.04856594515809043,0.0354158706898742
2026-01-04,0.0389055769652141,0.03748573711383653,0.040406654160784046
2026-01-04,0.015251327356322,0.05774681701128338,0.0380269324441887
2026-01-05,0.0136054657978502,0.05417592528444594,0.037602319360893505
2026-01-05,0.0382900061972504,0.03792577171553031,0.04559518259157374
2026-01-05,0.0114126603740801,0.04893393710314177,0.039633932989095726
2026-01-05,0.0216192403856038,0.03529206926078411,0.04766367362191868
2026-01-05,0.000316437285918,-0.010623797363488056,0.0015058595310362972
2026-01-05,0.024507034332855,0.03575351685139544,0.04048637983877077
2026-01-05,0.0002079536564774,-0.011067904241225598,0.0010496728792816709
2026-01-05,0.023642525221259,0.033311929200999,0.03650013548173641
2026-01-05,0.0131307070236177,0.015218789110288487,0.02478349360313537
2026-01-05,0.0151812936209611,0.029363743692890333,0.03421982469213246
2026-01-06,0.0136809358167363,0.055668941655183934,0.0379849292459751
2026-01-06,0.0383942593004499,0.041097852842562524,0.0429017887572371
2026-01-06,0.0114214199435361,0.05264753932901366,0.05176659357074521
2026-01-06,0.0223058382081135,0.03779945270372913,0.04582412436440091
2026-01-06,0.0003179740886218,-0.006762908638614486,0.0016624939211306662
2026-01-06,0.0154791317839586,0.031688904350481883,0.033854751729149035
2026-01-06,0.0002185792756963,-0.00983152505733452,0.001053668047237863
2026-01-06,0.0241346017715531,0.03589691666938774,0.03608482111198819
2026-01-06,0.0140068722671023,0.01759324954639428,0.025040848509800567
2026-01-06,0.0327711403124076,0.03857213731023265,0.04391379076794639
2026-01-07,0.013685914048741,0.0557047070756814,0.03795421932942975
2026-01-07,0.0383734873168483,0.04081209719882818,0.045238800124790285
2026-01-07,0.0114595085637391,0.05264765221396679,0.04596748585437573
2026-01-07,0.0003187425854024,-0.006566552915362865,0.0016496054975490898
2026-01-07,0.0225615006682869,0.03797374213559339,0.04582388907769126
2026-01-07,0.0331338633270983,0.038533089808814536,0.04433497226331766
2026-01-07,0.0139348199151097,0.01765717591048344,0.025040848509800567
2026-01-07,0.0155214868333376,0.03180761548588057,0.033945531713713235
2026-01-07,0.0002249017474982,-0.009998217085201627,0.0010470176176835483
2026-01-07,0.0243668223280162,0.03610377574052047,0.03773243354855688
2026-01-08,0.0147764188437996,0.01600540386247738,0.024952988784664405
2026-01-08,0.025248390326923,0.03369916874780979,0.03595156295301942
2026-01-08,0.0002434844291749,-0.014136894690157574,0.0010608848606841004
2026-01-08,0.0352431710665427,0.036081008487828276,0.04090313865187228
2026-01-08,0.015966065823421,0.029446190024257413,0.034030440139503314
2026-01-08,0.0003185750878626,-0.008354066982144914,0.001388875101853406
2026-01-08,0.0234620516673463,0.03568090973080808,0.04705439141686645
2026-01-08,0.0110352883446022,0.051667578066115855,0.11441900259314042
2026-01-08,0.0384500386970399,0.03874241255920778,0.039221438451808706
2026-01-08,0.0136842458019145,0.05362155620976583,0.03762981765916486
2026-01-09,0.0136745027524139,0.05606230247147491,0.03814001350902342
2026-01-09,0.0381548487310795,0.041225217720883,0.04020044439750277
2026-01-09,0.0112713226296737,0.053802083933725056,0.11425506673545179
2026-01-09,0.0003186625031902,-0.006331158101294143,0.0013837499848287937
2026-01-09,0.0227301857806684,0.038337633936702004,0.04640961311717202
2026-01-09,0.0352911365174047,0.03806647723004748,0.042869793524098664
2026-01-09,0.0141460743394131,0.018278854743928933,0.025034769191944983
2026-01-09,0.0160380688550161,0.03114253514593012,0.033963460744680866
2026-01-09,0.000243806734431,-0.012194290535167455,0.0010684884575894453
2026-01-09,0.0227201074456915,0.03629588358571535,0.03740013835863066
2026-01-10,0.0134737223140982,0.05563036009910195,0.03756579066704649
2026-01-10,0.0377795348818087,0.04052339507786311,0.039362675892974534
2026-01-10,0.0112662351644918,0.0535249594776506,0.11718027889468631
2026-01-10,0.0002556471404403,-0.006593158838210919,0.0014020080116891925
2026-01-10,0.0228813542233368,0.03766979339906994,0.049821762271692306
2026-01-10,0.0349164956899966,0.03732266748199306,0.040945871102576165
2026-01-10,0.0002525218585346,-0.013320926238174158,0.0010741893211818887
2026-01-10,0.0227254196720755,0.03542337771985744,0.036136480450277134
2026-01-10,0.01410986074029,0.01759883834248099,0.02489275451396378
2026-01-10,0.0160279176858959,0.030528819777284978,0.03432237810479563
2026-01-11,0.014641482140955,0.0552517665188892,0.037633029277438855
2026-01-11,0.0375854325411919,0.03963758235084783,0.033806987155499124
2026-01-11,0.0114349054332563,0.052928890690859834,0.11044088731168482
2026-01-11,0.0228812668314126,0.03697895634134932,0.04243357955375056
2026-01-11,0.0001744184237565,-0.006991339298409199,0.0014498475976886178
2026-01-11,0.0160691621683296,0.02971222054247881,0.03434719715162692
2026-01-11,0.0002527765318665,-0.014204375197350128,0.0011119975693563038
2026-01-11,0.0140665484998338,0.01679464732499623,0.024430729205804694
2026-01-11,0.034908516645081,0.03660259482289582,0.03896996388637291
2026-01-11,0.0222334342746941,0.033947823954363715,0.03487882840734146
2026-01-12,0.0133889743662976,0.017672347095639713,0.025024456317084876
2026-01-12,0.0205702044045241,0.03518100657021615,0.03535980171737746
2026-01-12,0.0002527213399542,-0.0138718396840262,0.0010885176142381803
2026-01-12,0.0348628489613973,0.03718729491354618,0.04379933988688547
2026-01-12,0.0160734647124956,0.030247230931025562,0.034625957577927136
2026-01-12,0.000193810556244,-0.005187634452411598,0.0014248464631850836
2026-01-12,0.0226802114047105,0.038238354283437276,0.041967507389387156
2026-01-12,0.0104151114390871,0.057103836199701094,0.11726643221228691
2026-01-12,0.0373903349815361,0.04058725827805228,0.038460614994339344
2026-01-12,0.0146399826157859,0.056018290989641714,0.03764058333584293
2026-01-13,0.0226787230774628,0.03763727684863967,0.045911170889190306
2026-01-13,0.0151131177840168,0.055025858358931715,0.03767045880603464
2026-01-13,0.0373010137900699,0.03992473738714544,0.038749375862493975
2026-01-13,0.0101308565222553,0.05656269127580098,0.11450084075501328
2026-01-13,0.0001943406154102,-0.005695451431863799,0.001368589501397107
2026-01-13,0.0157859922490281,0.02922352295903685,0.0345388936112743
2026-01-13,0.0348866594739146,0.03661654731376249,0.04139229725633538
2026-01-13,0.0002579958739965,-0.014221089443536061,0.001065941931847925
2026-01-13,0.0205672802430626,0.03470061578038808,0.03594820795832988
2026-01-13,0.0134014271370368,0.017139517545819338,0.024938205818592983
2026-01-14,0.0151486460762891,0.05586165715452307,0.037098948618068825
2026-01-14,0.0393786144694135,0.03922720556374652,0.040382969700854636
2026-01-14,0.0103177976558095,0.049937031141066304,0.04223122563727052
2026-01-14,0.0231615342033297,0.03765540479655356,0.0447347457303738
2026-01-14,0.0001941692214495,-0.005275447995422164,0.0013578857720121678
2026-01-14,0.0168196143279339,0.02867354242447051,0.03541365996390162
2026-01-14,0.0357676236733575,0.03668643892984326,0.04095305493407334
2026-01-14,0.0002900487941842,-0.017269431637014776,0.001463655970406638
2026-01-14,0.0241668090294412,0.033417515895791616,0.03599411269251028
2026-01-14,0.014925029512549,0.01639920505092825,0.02504117455408862
2026-01-15,0.0387519449892556,0.03938229084825225,0.03971684583157648
2026-01-15,0.0105344127913225,0.050217853147812574,0.04710656612428409
2026-01-15,0.0229329246572814,0.03728731379037338,0.0446344678683911
2026-01-15,0.014235634173521,0.05359675123518917,0.03764777682824125
2026-01-15,0.0001946134589277,-0.0061568578104247845,0.0016410273719361095
2026-01-15,0.0347659112135989,0.03707798636822994,0.04150732903065439
2026-01-15,0.0145121895758986,0.015618627305412237,0.02504449348790453
2026-01-15,0.0161390692603018,0.02865874284542093,0.03391081745538523
2026-01-15,0.0002983491551161,-0.018291543574760788,0.0014653428452638857
2026-01-15,0.0232173331370841,0.033268189134769796,0.036030062119484646
2026-01-16,0.0143388492048176,0.055704986256834316,0.037890072297273085
2026-01-16,0.0399297930578854,0.040492242789104835,0.03931345127093874
2026-01-16,0.0111492253738994,0.053777450405122065,0.1171117776737092
2026-01-16,0.0001940661273295,-0.004458648938847065,0.0016557603153181332
2026-01-16,0.0238036623294579,0.03841032031383257,0.042684050922740614
2026-01-16,0.0351913239596202,0.0383893116810267,0.040382822280423614
2026-01-16,0.0002995416171928,-0.01784254005137062,0.0014653428452638857
2026-01-16,0.02338138148182,0.034388616904730926,0.036178889802535356
2026-01-16,0.0147054699242969,0.017272817561708096,0.025040848509800567
2026-01-16,0.0163829568453904,0.030022600512278105,0.03433717957752115
2026-01-17,0.0130700600322411,0.05908252591792755,0.03835932794140822
2026-01-17,0.0391719130577231,0.041326424695395575,0.039034340618733745
2026-01-17,0.01128710242939,0.05483714387693052,0.11599227977173619
2026-01-17,0.0220700410007926,0.039560914663137506,0.04199045606502151
2026-01-17,0.0003895867029995,-0.0014445955933920715,0.0017101973922387093
2026-01-17,0.0146306258400966,0.030958913329009484,0.03463126087857418
2026-01-17,0.0002998646123637,-0.017847792108515476,0.001473666050127716
2026-01-17,0.021430908614151,0.03513572312310452,0.03609578854691178
2026-01-17,0.0140696455295541,0.017726559898376616,0.024684173082253635
2026-01-17,0.0344740768534007,0.0391367203214307,0.03863417455941733
2026-01-18,0.0141512574251947,0.05618762676048543,0.03806745546657534
2026-01-18,0.0385690316097832,0.04001713027571205,0.0364775921746258
2026-01-18,0.0122086489109358,0.054497875536312024,0.12354189969972554
2026-01-18,0.0212080125851958,0.037989108970436,0.039085792041695995
2026-01-18,0.0004947412966481,-0.004249814134794805,0.0017486062685405073
2026-01-18,0.0339358030195726,0.03778598517580033,0.03814072945037177
2026-01-18,0.0002979549134253,-0.0192762333589417,0.0014913841243002868
2026-01-18,0.0214085844790713,0.033576594259591475,0.03580311327991958
2026-01-18,0.0140058421592465,0.01620986524721878,0.025088268522025944
2026-01-18,0.0141797365818926,0.029815937167000733,0.03451727334253863
2026-01-19,0.0205183838651167,0.03857057866099829,0.04037807330931941
2026-01-19,0.036641193990901,0.0406562963668432,0.03629653485806042
2026-01-19,0.0140208826016235,0.055265744035256914,0.036760867112453806
2026-01-19,0.0122304199120971,0.05396132711404403,0.12095146547119157
2026-01-19,0.0004975266005539,-0.00464724232316327,0.0016844766460567685
2026-01-19,0.0196138495238283,0.03423907374467128,0.03600621062713368
2026-01-19,0.0333026235585216,0.03810378102533937,0.03746761057660043
2026-01-19,0.0002968040615869,-0.020580762705605084,0.0014753510836625354
2026-01-19,0.0134033119106097,0.01660790456486368,0.02440479352053596
2026-01-19,0.0135857956299076,0.03031668886128719,0.03436240847891248
2026-01-20,0.0368660845349537,0.040620908309241435,0.038829078755189636
2026-01-20,0.0130440789477534,0.052692572930761086,0.11221713123432409
2026-01-20,0.021827241071423,0.03850751521023446,0.048685591232272035
2026-01-20,0.0004963166817697,-0.004605332190227636,0.0016866936349496432
2026-01-20,0.0144043888513414,0.05672567127263428,0.0370371184593443
2026-01-20,0.0332364684799595,0.0383557261610112,0.039344438683402615
2026-01-20,0.0002968992607851,-0.02058096143897148,0.0014664762784377318
2026-01-20,0.0205577210922963,0.03439658771193686,0.03642742131462465
2026-01-20,0.0136747822219311,0.017030343145967377,0.02458276704395058
2026-01-20,0.0138351846758962,0.030116861666280963,0.034234888524128905
2026-01-21,0.0144043888513414,0.054658023258784244,0.037348931402576495
2026-01-21,0.0377977794636749,0.038968630712661836,0.038433653135706965
2026-01-21,0.0155972537602665,0.04498057950252134,0.03898128385816808
2026-01-21,0.0244875453003207,0.03578294778720931,0.0504890375982736
2026-01-21,0.0004962851714567,-0.006217239019122273,0.0014239538487549035
2026-01-21,0.0160278915535817,0.027153944672802924,0.03470724043247134
2026-01-21,0.0003101515383091,-0.022315626117559148,0.0014661122457380624
2026-01-21,0.025601056764344,0.03197783209859613,0.03702853730898142
2026-01-21,0.0162872757790862,0.016134745620560848,0.02501760615417926
2026-01-21,0.0346125851693609,0.036542540589975955,0.039833407013657035
2026-01-22,0.0249991628063828,0.03660892977024964,0.05077293421793129
2026-01-22,0.0380716237511412,0.039705556613895104,0.03910945865829456
2026-01-22,0.0153850575660736,0.04567149714859699,0.03929694074569398
2026-01-22,0.0004957289520701,-0.005314423255246767,0.0014142472813965452
2026-01-22,0.0142058721983361,0.05525940822190238,0.03804394161420863
2026-01-22,0.0349793719700797,0.03730096554741237,0.04050351688246112
2026-01-22,0.0164281635748165,0.01682110538095476,0.024901205963511436
2026-01-22,0.0160393772683598,0.028317806394760107,0.034556273826535956
2026-01-22,0.0003125829102948,-0.021602396048828514,0.0014653428452638857
2026-01-22,0.0257342471102438,0.032804735318259226,0.036911730783183695
2026-01-23,0.0142551995112778,0.056842432768556383,0.03792998978656995
2026-01-23,0.0379674038114789,0.04109316984272798,0.038582177393241865
2026-01-23,0.0157014975832763,0.047165767282438084,0.03886941391076667
2026-01-23,0.0004950255678052,-0.003911243982693061,0.001357763837450301
2026-01-23,0.0248917636906585,0.03794359441167279,0.046090346182776055
2026-01-23,0.0349328933037843,0.0386168387620118,0.03875262568197049
2026-01-23,0.0003127226928282,-0.02069398170253013,0.0014736026532876875
2026-01-23,0.0256706704530257,0.0340290288531893,0.03691805121670374
2026-01-23,0.0162533662901679,0.017884269032797755,0.024737695624517178
2026-01-23,0.0157085122182768,0.029627940681693214,0.0345700958683254
2026-01-24,0.014630034982861,0.05587502973973994,0.03799722839696232
2026-01-24,0.0379682059565396,0.04013408524362323,0.03858481999233992
2026-01-24,0.0163303993994307,0.04640206891353413,0.03916258446221122
2026-01-24,0.0248432517555789,0.03690506266915279,0.04712807204141021
2026-01-24,0.000491443839123,-0.004819051367319624,0.0013904062408264654
2026-01-24,0.0157123397246567,0.028686682732406044,0.03470384987331141
2026-01-24,0.0003160418815824,-0.021417481175594465,0.001472356618385369
2026-01-24,0.0256435017362887,0.03303515253450101,0.0368818586566207
2026-01-24,0.0162504026694094,0.016968706033178748,0.024883365566965146
2026-01-24,0.0349100092049942,0.03763128700704234,0.03875262568197049
2026-01-25,0.014649446269893,0.05463313997323252,0.03799722839696232
2026-01-25,0.037247555442632,0.03878144285265828,0.03291021630162873
2026-01-25,0.0163683057792474,0.045150724946672105,0.0330292612389199
2026-01-25,0.0245124215911234,0.03554088131038671,0.04129729199919836
2026-01-25,0.0004869229357855,-0.005966178301230002,0.001355200350918863
2026-01-25,0.0151685193865993,0.027060491135333833,0.03235061469152359
2026-01-25,0.0003180404566603,-0.023056066264007274,0.0014927002891534649
2026-01-25,0.0255012337458835,0.03165953360529351,0.036321574981644414
2026-01-25,0.0162315070173537,0.015535288330719602,0.024942563149785945
2026-01-25,0.0347648260549267,0.03635355756048379,0.03793514763316748
2026-01-26,0.0272987582409745,0.037983522064077846,0.050008879217988536
2026-01-26,0.0378842195312399,0.04129344330268464,0.03846862792126595
2026-01-26,0.0163661934963414,0.048284381923303046,0.03432105287747673
2026-01-26,0.0004860049129049,-0.002920788136454959,0.001366846589781078
2026-01-26,0.0144651909809854,0.057335344028454235,0.037954544747418946
2026-01-26,0.0356853464316636,0.038927369810635354,0.03909643064196994
2026-01-26,0.0171648804188845,0.018954648924813005,0.02458667784040955
2026-01-26,0.0159161685377613,0.029514838940642163,0.050204917577053094
2026-01-26,0.0003284636007391,-0.01689538972956197,0.001473845166447755
2026-01-26,0.0268792527715657,0.03444569988415712,0.03762724536984114
2026-01-27,0.017536299153976,0.017322207047909616,0.02492715337708856
2026-01-27,0.0278619503408697,0.03292393600968084,0.0377907830557131
2026-01-27,0.0003277736337995,-0.01774108677117968,0.0014649828891339651
2026-01-27,0.0362532967829786,0.03735913305394106,0.03932825106409874
2026-01-27,0.0160277371029445,0.028011264797232524,0.050713232096463175
2026-01-27,0.0004812670175286,-0.004112606662524179,0.0013398631895170344
2026-01-27,0.0282556759139567,0.03643211670095099,0.04856843715248957
2026-01-27,0.0160995897019338,0.04705004106278743,0.033552350394870194
2026-01-27,0.0380235594193832,0.039844525073271395,0.038638461897355446
2026-01-27,0.0144564121598524,0.05556776101806017,0.03751773896316918
2026-01-28,0.014457039181931,0.056088251320719595,0.03751773896316918
2026-01-28,0.0384211243341727,0.04031495088488407,0.03865982158189405
2026-01-28,0.0161826139087249,0.0478937371799498,0.03297624803169059
2026-01-28,0.0004798981519059,-0.0034561903710249448,0.0012519180247881425
2026-01-28,0.0285731647933122,0.03693133645751556,0.047996316393455994
2026-01-28,0.03625270483496,0.037923389670090624,0.0384821667631582
2026-01-28,0.0176293778252167,0.017639653373757263,0.024857913162669432
2026-01-28,0.0162113561962261,0.028335624955001915,0.050623792097206334
2026-01-28,0.0003306942341533,-0.01677555630481447,0.0014758763198889201
2026-01-28,0.028452609983917,0.03340381641175354,0.03758446081154284
2026-01-29,0.014215147650326,0.05667122647348033,0.03727423227333762
2026-01-29,0.0384216958483333,0.04125490170588192,0.03837664892108136
2026-01-29,0.0161784715442892,0.04883467925310317,0.03880350165104385
2026-01-29,0.00047786341594,-0.002447923052508058,0.001304182585726356
2026-01-29,0.0285703332808069,0.03797017808145883,0.04763566422183457
2026-01-29,0.0362175587644708,0.03885863947601112,0.03826975303090219
2026-01-29,0.0003206655600646,-0.01586870478251009,0.0014773412245050839
2026-01-29,0.0284532785472117,0.03429030616346189,0.03759638530689764
2026-01-29,0.0175638098542009,0.018587593216875118,0.024891255167568873
2026-01-29,0.016097242240544,0.029281142143302533,0.050695825382460875
2026-01-30,0.0142467222990789,0.058303756110306276,0.03770660034445158
2026-01-30,0.040193990121122,0.041124614436807524,0.03921955740136549
2026-01-30,0.0161637536246737,0.049952762464797004,0.03927991570863053
2026-01-30,0.0305747693887129,0.03811578209380673,0.05066662843279098
2026-01-30,0.0004775590661201,-0.0019724926205869076,0.0013081776248126905
2026-01-30,0.0175569853054464,0.029307784684978383,0.04198596541000371
2026-01-30,0.0003200070245427,-0.013778013870284087,0.0014845705131289449
2026-01-30,0.0199028120216358,0.020062898858149835,0.02505173698202627
2026-01-30,0.0375250756303761,0.039252356443708336,0.04006401286764708
2026-01-30,0.0307535779333742,0.034780223019808126,0.03819659546299599
2026-01-31,0.0198478506466488,0.01994400295137314,0.02503800786632376
2026-01-31,0.031625958449713,0.034977572225770415,0.038848636975727324
2026-01-31,0.0003136494692118,-0.013823814813065799,0.0014830043567117313
2026-01-31,0.0380861519486113,0.039241585719310274,0.04033954062256748
2026-01-31,0.017688703036239,0.028985934509293952,0.04356146065428267
2026-01-31,0.0305747410604887,0.037810432729398546,0.05254777001388712
2026-01-31,0.0161212433412381,0.049762257845135674,0.03950601318552107
2026-01-31,0.0392203919404247,0.04077533717420238,0.039032812552305514
2026-01-31,0.0142352884243026,0.0581840124176405,0.037615865679620816
2026-01-31,0.0004774285109693,-0.0021877999406993975,0.0012941365791229872
2026-02-01,0.0158148945878002,0.05168945212093491,0.03296493667659718
2026-02-01,0.0004779521872498,-0.003252268167085591,0.0012346470674217199
2026-02-01,0.0411087189784107,0.038988790930545955,0.047476673263196274
2026-02-01,0.0167819235306481,0.04749409780639528,0.039267539252542755
2026-02-01,0.0358718904180399,0.03676493173822587,0.060872710188145523
2026-02-01,0.0246368194452477,0.02818484473562763,0.052684667873472216
2026-02-01,0.0003212928316901,-0.009606255183641756,0.0010166137724064335
2026-02-01,0.0361385028090077,0.03435073314158245,0.03907489648367369
2026-02-01,0.022922447323151,0.020461122800106295,0.024718718728802734
2026-02-01,0.0389450633651689,0.03907138487252279,0.0414479394285903
2026-02-02,0.0156019094948061,0.053053585476133314,0.03263708365710584
2026-02-02,0.0346632177509219,0.03885455028597737,0.04315606511839738
2026-02-02,0.0167503455922596,0.04844529432078877,0.03914133272680493
2026-02-02,0.0353416431519926,0.037568876991537326,0.05834540882629026
2026-02-02,0.0004788472383692,-0.0022028426598315193,0.0013425219540800356
2026-02-02,0.0246532744854084,0.029100881711635523,0.056552616396782975
2026-02-02,0.0002903769985523,-0.008223051001966047,0.0010439942809642635
2026-02-02,0.0370481189634304,0.0356062222992696,0.03753316478361466
2026-02-02,0.0229328155343391,0.02157115766940364,0.02482092556839002
2026-02-02,0.036781815282279,0.039766531368877395,0.04050930907218669
2026-02-03,0.0361117608890489,0.03641395439732381,0.05857574207987074
2026-02-03,0.035340165879443,0.03767083637620028,0.045106559807303305
2026-02-03,0.0165617823660653,0.05029725500163289,0.03334636829102552
2026-02-03,0.0004785680588724,-0.0032095713254951252,0.0012326046382365387
2026-02-03,0.0162065920909172,0.04804998040630429,0.039530745349739285
2026-02-03,0.0369687043620413,0.038671668972036624,0.04007857137377632
2026-02-03,0.0002946757306451,-0.009544350464482779,0.0010134611359258155
2026-02-03,0.0378277316538119,0.03442679995875102,0.037940995590009685
2026-02-03,0.0234217129220764,0.02032046680160415,0.024606818669526763
2026-02-03,0.0251627665731546,0.02787256141061646,0.053456614105488735
2026-02-04,0.0165664617963116,0.050778051393479476,0.033647724809299166
2026-02-04,0.034007492109897,0.038029799804212006,0.043814965434657537
2026-02-04,0.0162943341361919,0.04903763183207635,0.03869159988445072
2026-02-04,0.0376505632791989,0.03650660481016653,0.0552994506375344
2026-02-04,0.0004786244566007,-0.0028954307862646272,0.0012086573382364813
2026-02-04,0.0251870831424682,0.0281027774355532,0.05625864816946152
2026-02-04,0.0362872606972954,0.03896890096185737,0.03954205074929417
2026-02-04,0.0003068584236149,-0.010604674898775021,0.0010085936163152702
2026-02-04,0.0384867926254634,0.0346955209115755,0.03793142692630448
2026-02-04,0.0241688747570004,0.021036475947714604,0.024579641407146084
2026-02-05,0.0173607878981436,0.050684457392340024,0.03548859858214488
2026-02-05,0.0335517053526477,0.03870968188075949,0.03930214476619384
2026-02-05,0.0163420718490286,0.04858682705879376,0.03845911073630594
2026-02-05,0.0376760793770965,0.03689207847752529,0.05499390437922467
2026-02-05,0.0004775263789362,-0.0028591793269637372,0.00107471693311234
2026-02-05,0.0277438775497039,0.029077231581651486,0.042613219165555924
2026-02-05,0.0270797617296369,0.037851163163853965,0.03940766721349158
2026-02-05,0.0003254516249191,-0.010367056093961852,0.0009820108313013925
2026-02-05,0.0379595006358837,0.03520195929274128,0.03778519905436193
2026-02-05,0.0237744687798728,0.02187651837906884,0.02454011784769262
2026-02-06,0.0173548016256962,0.053115885115387465,0.03434788592971766
2026-02-06,0.0431791274549983,0.03844211818698838,0.0657377957215325
2026-02-06,0.0184521936521022,0.045431958919760776,0.03763474505600113
2026-02-06,0.0458167355072863,0.037561053843510245,0.057152950110327914
2026-02-06,0.0004768824298952,-0.0014828544032232174,0.0011980703479292235
2026-02-06,0.0464247908694117,0.03733905897194548,0.055522105535520144
2026-02-06,0.0003277574516138,-0.003739973454041909,0.0010096687695235157
2026-02-06,0.0466465926092388,0.03611625164372266,0.03934347879503254
2026-02-06,0.0353618672593982,0.025217064733982306,0.024609113985224723
2026-02-06,0.0370511881435731,0.029094087776522407,0.05231692199639766
2026-02-07,0.0513864187911942,0.034057607484017816,0.05868733952227471
2026-02-07,0.0180960623851976,0.04740111109477255,0.03350619258728854
2026-02-07,0.0487026303449109,0.03476784567459629,0.05976591511149495
2026-02-07,0.0185774595721356,0.041634493973382675,0.03746053229983174
2026-02-07,0.0004772023596151,-0.004495348200565047,0.0012433617222860783
2026-02-07,0.0410299910499478,0.02562915336922124,0.05221525284964037
2026-02-07,0.059553145520798,0.033515615884393654,0.0543104604671543
2026-02-07,0.0003826944159576,-0.012604107350400545,0.0010160514073396022
2026-02-07,0.0533127804432975,0.0323585989736218,0.041390106337357506
2026-02-07,0.0423176774097501,0.020332931547174044,0.02437661790088469
2026-02-08,0.0181161261491954,0.04780818975336314,0.033466113712949046
2026-02-08,0.0486452473198608,0.03509767126810026,0.062150792165029986
2026-02-08,0.0187892946548939,0.04221835189400695,0.037160266444804205
2026-02-08,0.0511767859207733,0.03439336266873083,0.05586779804773201
2026-02-08,0.0004774666368616,-0.004174130398097831,0.0012702751872630898
2026-02-08,0.0410364189366539,0.0259879804720618,0.056628547299601095
2026-02-08,0.0596304587580215,0.03384076478898211,0.05404601643088026
2026-02-08,0.000382710215618,-0.012897993939678443,0.0010202800284480687
2026-02-08,0.0535617322489819,0.03267195413043829,0.03996253141283558
2026-02-08,0.0423348049844711,0.020511386396322554,0.024392953953359844
2026-02-09,0.0181152664816952,0.05031861511812316,0.03343943439255064
2026-02-09,0.0486471022219325,0.037721149993577494,0.06454814048559525
2026-02-09,0.0186437576857176,0.044669479956967115,0.03343334878188405
2026-02-09,0.0511949215405638,0.03691672876407616,0.05473370106069888
2026-02-09,0.0004776790470556,-0.0018137197862574117,0.0013669687286073852
2026-02-09,0.0597416592987156,0.036306525547145266,0.05399911393130066
2026-02-09,0.0003737157690711,-0.011043217974195343,0.0010372225775318476
2026-02-09,0.0536215057046394,0.03501607124102053,0.0414494073185204
2026-02-09,0.0426152492152317,0.022534823011010886,0.024327938151051803
2026-02-09,0.0409388664512487,0.028554425621193077,0.057228440532981
2026-02-10,0.0407030450013417,0.02867142142325458,0.057132040947477564
2026-02-10,0.0425929357280512,0.022895661311619794,0.02445074736144255
2026-02-10,0.0536648591385529,0.035238650152913095,0.03982009697323036
2026-02-10,0.0003738312225385,-0.01073185545967606,0.001028876482852897
2026-02-10,0.0597766141201198,0.03648782960858325,0.053374806770768425
2026-02-10,0.0004712895345826,-0.0015325005533876127,0.0013572107086711033
2026-02-10,0.0511753741188284,0.03709453579608907,0.05383586452644437
2026-02-10,0.0184492559483535,0.044791908835660935,0.03708630783302551
2026-02-10,0.048645694635586,0.03788252523018901,0.06498263692358361
2026-02-10,0.0170196854856423,0.049804330830248225,0.033341728808575374
2026-02-11,0.0184179352552489,0.044244300616201326,0.03316548769835011
2026-02-11,0.0508853710088149,0.03661462419752434,0.05518225357607694
2026-02-11,0.048841618592433,0.03741621439088737,0.06719612208824596
2026-02-11,0.0170247223619938,0.04931471852545494,0.03352117526846295
2026-02-11,0.0004641571558304,-0.00210209104238801,0.0012897395005118646
2026-02-11,0.0537080535167541,0.03489547779854013,0.039368388272509526
2026-02-11,0.0598363481964963,0.036029125005351145,0.055148840472148505
2026-02-11,0.0003738333864172,-0.011394640456974178,0.001035999933928794
2026-02-11,0.0425651860363945,0.022621163956477053,0.02418662716092818
2026-02-11,0.0407641435866021,0.028242928400296352,0.057526871548634
2026-02-12,0.0157599410053513,0.047907358584372506,0.034866113036661206
2026-02-12,0.0488395635639067,0.03587845152397054,0.06697037569635172
2026-02-12,0.0184107336177963,0.042773704661839815,0.0363037592058181
2026-02-12,0.0510343768358847,0.03508343784271448,0.054512815589466454
2026-02-12,0.0004641257602261,-0.0038188970252657495,0.0013088785219711524
2026-02-12,0.0406791485277559,0.02672091907072221,0.056401081804861114
2026-02-12,0.0598587435716043,0.03449624001225958,0.05411091524774414
2026-02-12,0.0003723071028408,-0.012851419224792673,0.0010190530736597626
2026-02-12,0.0539005764804839,0.03341420311109132,0.039594400194592046
2026-02-12,0.0426163880258485,0.02151189008458181,0.02444370495709827
2026-02-13,0.0157540767053455,0.048301000177364786,0.03473101926113766
2026-02-13,0.046160825243577,0.036975937443853454,0.06592908879222227
2026-02-13,0.0177538469782735,0.0443419582538703,0.03659663710496138
2026-02-13,0.0497424455690903,0.03604757854814554,0.0536978477985177
2026-02-13,0.0004641438183028,-0.003049685852267753,0.0012963028960730183
2026-02-13,0.0586804392890006,0.03542591470019267,0.05349407182414463
2026-02-13,0.0003504306788819,-0.010958159731749698,0.0010191760647512646
2026-02-13,0.051475919831729,0.03437463832448724,0.04020763578599428
2026-02-13,0.0413521071528302,0.02250628416287057,0.02421284797401257
2026-02-13,0.0396996975787473,0.027807170106820822,0.05736813971172565
2026-02-14,0.0397229990849355,0.027698172051276358,0.05761191258644406
2026-02-14,0.042060758296252,0.02172248246200034,0.024085105430161277
2026-02-14,0.0527471678524727,0.03397545744361079,0.04016892250224882
2026-02-14,0.0003448768403388,-0.011117650671378577,0.0010195421883454916
2026-02-14,0.0593153827741063,0.0350862226120191,0.05753183395459594
2026-02-14,0.0004640196456593,-0.0032638118162305607,0.0013666939371070413
2026-02-14,0.0523853207137514,0.03584174469781087,0.053047789488000846
2026-02-14,0.0178432519086364,0.04368069191603377,0.03631891676294983
2026-02-14,0.0471123860303926,0.03660593380366613,0.06372863709397829
2026-02-14,0.0156378385025072,0.048145188011182366,0.034843147025515685
2026-02-15,0.0157344319301598,0.04872887016461676,0.03485991697483731
2026-02-15,0.0535979840054775,0.03609160787485026,0.05303722214131087
2026-02-15,0.0543630277595397,0.03831497355016002,0.03822266441890776
2026-02-15,0.0171800164258504,0.04327207969897223,0.03220769554694355
2026-02-15,0.0004640271033946,-0.00307933517075102,0.0013568318966655332
2026-02-15,0.0003432854892837,-0.01110322439368859,0.001019778715742644
2026-02-15,0.0611973193407454,0.035396380442176925,0.053090700911783986
2026-02-15,0.0531270194589906,0.034062900705894905,0.040869064874672255
2026-02-15,0.0422969330806226,0.02169091254362306,0.023953026432065084
2026-02-15,0.0402952391172934,0.027878955001938807,0.058760685866599625
2026-02-16,0.0157315421200826,0.04942162086435596,0.035021638526230324
2026-02-16,0.0558776905627049,0.039367729689055775,0.04602543766367267
2026-02-16,0.0171692069931614,0.04386959859968824,0.03329533561252993
2026-02-16,0.0532402292273982,0.0367442730450373,0.052604353560942924
2026-02-16,0.0003056828507481,-0.0012701684958473167,0.0016762331349534506
2026-02-16,0.0402354313193095,0.028598025300914133,0.058370484808688526
2026-02-16,0.0003428322621804,-0.010356265223573663,0.000985024861206098
2026-02-16,0.0537128569361467,0.035166037267188144,0.03835606622022605
2026-02-16,0.0422639632226978,0.02262465460095126,0.024208045710474427
2026-02-16,0.0612309745135397,0.036117760839039365,0.0518402789749937
2026-02-17,0.0558672059684858,0.03932568815214693,0.03717103522250962
2026-02-17,0.0163904178651086,0.04316657555529026,0.03444975082697964
2026-02-17,0.0533878420752089,0.03664234026741492,0.05290689406448128
2026-02-17,8.207654368681133e-05,-0.0001266692171332101,0.0013623666759538685
2026-02-17,0.0003428340343428,-0.010615703296874085,0.0010200271221923638
2026-02-17,0.0613345158452351,0.035993554730867294,0.052522491676977416
2026-02-17,0.053984606249892,0.034960670147249226,0.0395322899940901
2026-02-17,0.042322611231946,0.022438444600040134,0.02387470304279379
2026-02-17,0.0404970101562705,0.02850471879224612,0.0587527395531975
2026-02-18,0.055547168222811,0.039606322902579844,0.03710482570962129
2026-02-18,0.0423581768361893,0.023044167161876444,0.023919135946654298
2026-02-18,0.0540026101356587,0.03534826289297249,0.03812220217300854
2026-02-18,0.0003428599995236,-0.010270960885962716,0.00101981274579559
2026-02-18,0.0611952953072262,0.036306825873049065,0.05313128296756836
2026-02-18,0.0404978322446627,0.028842191840487107,0.05876411132474011
2026-02-18,6.530674634180042e-05,0.0013171401111657169,0.001547672745474762
2026-02-18,0.0532631537047772,0.036953259949129735,0.053024688235271546
2026-02-18,0.0163982290913293,0.04343995517076858,0.03427695033175239
2026-02-18,0.0147688734654926,0.04905566171853647,0.034029642124671855
