event_id,event_date,event_month,event_family,source_type,release_id,title,url,regulator,jurisdiction,is_probable_crypto_event,raw_date_text,ingested_at_utc
SEC-000001,2020-12-16,2020-12-01,press_release,sec_press_release,2020-320,SEC Adopts Clearing Agency Rule to Limit Potential for Overlapping or Duplicative Regulation,https://www.sec.gov/newsroom/press-releases/2020-320,SEC,US,false,"Dec. 16, 2020",2026-03-24T00:56:40Z
SEC-000002,2020-12-17,2020-12-01,press_release,sec_press_release,2020-322,SEC Approves 2021 PCAOB Budget and Accounting Support Fee,https://www.sec.gov/newsroom/press-releases/2020-322,SEC,US,false,"Dec. 17, 2020",2026-03-24T00:56:40Z
SEC-000003,2020-12-17,2020-12-01,press_release,sec_press_release,2020-321,SEC Charges Robinhood Financial With Misleading Customers About Revenue Sources and Failing to Satisfy Duty of Best Execution,https://www.sec.gov/newsroom/press-releases/2020-321,SEC,US,false,"Dec. 17, 2020",2026-03-24T00:56:40Z
SEC-000004,2020-12-18,2020-12-01,press_release,sec_press_release,2020-323,"SEC Announces the Creation of the Security-Based Swaps Joint Venture, Led by Division of Examinations and Division of Trading and Markets",https://www.sec.gov/newsroom/press-releases/2020-323,SEC,US,false,"Dec. 18, 2020",2026-03-24T00:56:40Z
SEC-000005,2020-12-18,2020-12-01,press_release,sec_press_release,2020-327,SEC Charges Biotech Company and CEO With Fraud Concerning COVID-19 Blood Testing Device,https://www.sec.gov/newsroom/press-releases/2020-327,SEC,US,false,"Dec. 18, 2020",2026-03-24T00:56:40Z
SEC-000006,2020-12-18,2020-12-01,press_release,sec_press_release,2020-325,SEC Issues Multiple Whistleblower Awards Totaling Over $3.6 Million,https://www.sec.gov/newsroom/press-releases/2020-325,SEC,US,false,"Dec. 18, 2020",2026-03-24T00:56:40Z
SEC-000007,2020-12-18,2020-12-01,press_release,sec_press_release,2020-326,SEC Releases 2020 Office of Credit Rating Reports,https://www.sec.gov/newsroom/press-releases/2020-326,SEC,US,false,"Dec. 18, 2020",2026-03-24T00:56:40Z
SEC-000008,2020-12-18,2020-12-01,press_release,sec_press_release,2020-324,Small Business Advocate Releases Annual Report for Fiscal Year 2020,https://www.sec.gov/newsroom/press-releases/2020-324,SEC,US,false,"Dec. 18, 2020",2026-03-24T00:56:40Z
SEC-000009,2020-12-21,2020-12-01,press_release,sec_press_release,2020-328,S.P. Kothari to Conclude Tenure As SEC Chief Economist and Division of Economic and Risk Analysis Director,https://www.sec.gov/newsroom/press-releases/2020-328,SEC,US,false,"Dec. 21, 2020",2026-03-24T00:56:40Z
SEC-000010,2020-12-21,2020-12-01,press_release,sec_press_release,2020-329,SEC Charges Company and CEO for $119 Million Securities Fraud Targeting Members of the South Asian American Community,https://www.sec.gov/newsroom/press-releases/2020-329,SEC,US,false,"Dec. 21, 2020",2026-03-24T00:56:40Z
SEC-000011,2020-12-21,2020-12-01,press_release,sec_press_release,2020-330,SEC Names John Moses as Deputy Director of Office of Investor Education and Advocacy,https://www.sec.gov/newsroom/press-releases/2020-330,SEC,US,false,"Dec. 21, 2020",2026-03-24T00:56:40Z
SEC-000012,2020-12-22,2020-12-01,press_release,sec_press_release,2020-337,Charles Koretke Named Managing Executive of Division of Examinations,https://www.sec.gov/newsroom/press-releases/2020-337,SEC,US,false,"Dec. 22, 2020",2026-03-24T00:56:40Z
SEC-000013,2020-12-22,2020-12-01,press_release,sec_press_release,2020-335,Dalia Blass to Conclude Tenure as Director of the Division of Investment Management,https://www.sec.gov/newsroom/press-releases/2020-335,SEC,US,false,"Dec. 22, 2020",2026-03-24T00:56:40Z
SEC-000014,2020-12-22,2020-12-01,press_release,sec_press_release,2020-334,SEC Adopts Modernized Marketing Rule for Investment Advisers,https://www.sec.gov/newsroom/press-releases/2020-334,SEC,US,false,"Dec. 22, 2020",2026-03-24T00:56:40Z
SEC-000015,2020-12-22,2020-12-01,press_release,sec_press_release,2020-333,SEC Awards Over $1.6 Million to Whistleblower,https://www.sec.gov/newsroom/press-releases/2020-333,SEC,US,false,"Dec. 22, 2020",2026-03-24T00:56:40Z
SEC-000016,2020-12-22,2020-12-01,press_release,sec_press_release,2020-338,SEC Charges Ripple and Two Executives with Conducting $1.3 Billion Unregistered Securities Offering,https://www.sec.gov/newsroom/press-releases/2020-338,SEC,US,true,"Dec. 22, 2020",2026-03-24T00:56:40Z
SEC-000017,2020-12-22,2020-12-01,press_release,sec_press_release,2020-332,SEC Issues Substituted Compliance Order for Germany and Notice of Substituted Compliance Application and Proposed Substituted Compliance Order for France,https://www.sec.gov/newsroom/press-releases/2020-332,SEC,US,false,"Dec. 22, 2020",2026-03-24T00:56:40Z
SEC-000018,2020-12-22,2020-12-01,press_release,sec_press_release,2020-336,SEC Proposes Amendments to Rule 144 and Form 144,https://www.sec.gov/newsroom/press-releases/2020-336,SEC,US,false,"Dec. 22, 2020",2026-03-24T00:56:40Z
SEC-000019,2020-12-22,2020-12-01,press_release,sec_press_release,2020-331,SEC and CONSOB Sign New Supervisory Cooperation Arrangement,https://www.sec.gov/newsroom/press-releases/2020-331,SEC,US,false,"Dec. 22, 2020",2026-03-24T00:56:40Z
SEC-000020,2020-12-23,2020-12-01,press_release,sec_press_release,2020-339,SEC Chief of Staff Sean Memon Announces Plans to Conclude Tenure,https://www.sec.gov/newsroom/press-releases/2020-339,SEC,US,false,"Dec. 23, 2020",2026-03-24T00:56:40Z
SEC-000021,2020-12-23,2020-12-01,press_release,sec_press_release,2020-340,SEC Issues Statement and Requests Comment Regarding the Custody of Digital Asset Securities by Special Purpose Broker-Dealers,https://www.sec.gov/newsroom/press-releases/2020-340,SEC,US,true,"Dec. 23, 2020",2026-03-24T00:56:40Z
SEC-000022,2020-12-28,2020-12-01,press_release,sec_press_release,2020-342,Elad Roisman Named Acting Chairman of the SEC,https://www.sec.gov/newsroom/press-releases/2020-342,SEC,US,false,"Dec. 28, 2020",2026-03-24T00:56:40Z
SEC-000023,2020-12-28,2020-12-01,press_release,sec_press_release,2020-341,"SEC Obtains Emergency Asset Freeze, Charges Crypto Fund Manager with Fraud",https://www.sec.gov/newsroom/press-releases/2020-341,SEC,US,true,"Dec. 28, 2020",2026-03-24T00:56:40Z
SEC-000024,2020-12-30,2020-12-01,press_release,sec_press_release,2020-344,Jed Hickman Named SEC’s EDGAR Business Office Director,https://www.sec.gov/newsroom/press-releases/2020-344,SEC,US,false,"Dec. 30, 2020",2026-03-24T00:56:40Z
SEC-000025,2020-12-30,2020-12-01,press_release,sec_press_release,2020-343,SEC Charges Jewelry Wholesaler with Fraudulent Securities Offering Targeting Current and Retired Police Officers and Firefighters,https://www.sec.gov/newsroom/press-releases/202-343,SEC,US,false,"Dec. 30, 2020",2026-03-24T00:56:40Z
SEC-000026,2021-11-29,2021-11-01,press_release,sec_press_release,2021-246,"SEC Staff Issues Accounting Guidance on ""Spring-Loaded"" Compensation Awards to Executives",https://www.sec.gov/newsroom/press-releases/2021-246,SEC,US,false,"Nov. 29, 2021",2026-03-24T00:56:40Z
SEC-000027,2021-12-01,2021-12-01,press_release,sec_press_release,2021-247,SEC Updates List of Firms Using Inaccurate Information to Solicit Investors,https://www.sec.gov/newsroom/press-releases/2021-247,SEC,US,false,"Dec. 1, 2021",2026-03-24T00:56:40Z
SEC-000028,2021-12-02,2021-12-01,press_release,sec_press_release,2021-250,SEC Adopts Amendments to Finalize Rules Relating to the Holding Foreign Companies Accountable Act,https://www.sec.gov/newsroom/press-releases/2021-250,SEC,US,false,"Dec. 2, 2021",2026-03-24T00:56:40Z
SEC-000029,2021-12-02,2021-12-01,press_release,sec_press_release,2021-248,SEC Charges Latvian Citizen With Digital Asset Fraud,https://www.sec.gov/newsroom/press-releases/2021-248,SEC,US,true,"Dec. 2, 2021",2026-03-24T00:56:40Z
SEC-000030,2021-12-02,2021-12-01,press_release,sec_press_release,2021-249,SEC Charges Pharma CFO and Former Partner with Insider Trading,https://www.sec.gov/newsroom/press-releases/2021-249,SEC,US,false,"Dec. 2, 2021",2026-03-24T00:56:40Z
SEC-000031,2021-12-03,2021-12-01,press_release,sec_press_release,2021-251,Ernesto A. Lanza Named Acting Director of SEC Office of Municipal Securities,https://www.sec.gov/newsroom/press-releases/2021-251,SEC,US,false,"Dec. 3, 2021",2026-03-24T00:56:40Z
SEC-000032,2021-12-06,2021-12-01,press_release,sec_press_release,2021-252,SEC Charges Dialysis Provider and Three Former Senior Executives with Revenue Manipulation Scheme,https://www.sec.gov/newsroom/press-releases/2021-252,SEC,US,false,"Dec. 6, 2021",2026-03-24T00:56:40Z
SEC-000033,2021-12-06,2021-12-01,press_release,sec_press_release,2021-253,SEC Issues Whistleblower Nearly $5 Million Award,https://www.sec.gov/newsroom/press-releases/2021-253,SEC,US,false,"Dec. 6, 2021",2026-03-24T00:56:40Z
SEC-000034,2021-12-09,2021-12-01,press_release,sec_press_release,2021-254,Report From SEC Small Business Advocate Details Capital Raising During Past Year,https://www.sec.gov/newsroom/press-releases/2021-254,SEC,US,false,"Dec. 9, 2021",2026-03-24T00:56:40Z
SEC-000035,2021-12-10,2021-12-01,press_release,sec_press_release,2021-255,SEC Charges Three Canadian Citizens in Fraudulent Penny Stock Scheme,https://www.sec.gov/newsroom/press-releases/2021-255,SEC,US,false,"Dec. 10, 2021",2026-03-24T00:56:40Z
SEC-000036,2021-12-15,2021-12-01,press_release,sec_press_release,2021-260,SEC Approves 2022 PCAOB Budget and Accounting Support Fee,https://www.sec.gov/newsroom/press-releases/2021-260,SEC,US,false,"Dec. 15, 2021",2026-03-24T00:56:40Z
SEC-000037,2021-12-15,2021-12-01,press_release,sec_press_release,2021-256,SEC Proposes Amendments Regarding Rule 10b5-1 Insider Trading Plans and Related Disclosures,https://www.sec.gov/newsroom/press-releases/2021-256,SEC,US,false,"Dec. 15, 2021",2026-03-24T00:56:40Z
SEC-000038,2021-12-15,2021-12-01,press_release,sec_press_release,2021-258,SEC Proposes Amendments to Money Market Fund Rules,https://www.sec.gov/newsroom/press-releases/2021-258,SEC,US,false,"Dec. 15, 2021",2026-03-24T00:56:40Z
SEC-000039,2021-12-15,2021-12-01,press_release,sec_press_release,2021-257,SEC Proposes New Share Repurchase Disclosure Rules,https://www.sec.gov/newsroom/press-releases/2021-257,SEC,US,false,"Dec. 15, 2021",2026-03-24T00:56:40Z
SEC-000040,2021-12-15,2021-12-01,press_release,sec_press_release,2021-259,"SEC Proposes Rules to Prevent Fraud in Connection With Security-Based Swaps Transactions, to Prevent Undue Influence over CCOs and to Require Reporting of Large Security-Based Swap Positions",https://www.sec.gov/newsroom/press-releases/2021-259,SEC,US,false,"Dec. 15, 2021",2026-03-24T00:56:40Z
SEC-000041,2021-12-15,2021-12-01,press_release,sec_press_release,2021-261,Wedbush Securities Charged with Unregistered Sales of Microcap Securities and Failing to Report Suspicious Transactions,https://www.sec.gov/newsroom/press-releases/2021-261,SEC,US,false,"Dec. 15, 2021",2026-03-24T00:56:40Z
SEC-000042,2021-12-17,2021-12-01,press_release,sec_press_release,2021-262,JPMorgan Admits to Widespread Recordkeeping Failures and Agrees to Pay $125 Million Penalty to Resolve SEC Charges,https://www.sec.gov/newsroom/press-releases/2021-262,SEC,US,false,"Dec. 17, 2021",2026-03-24T00:56:40Z
SEC-000043,2021-12-17,2021-12-01,press_release,sec_press_release,2021-263,James E. Grimes Named Chief Administrative Law Judge at SEC,https://www.sec.gov/newsroom/press-releases/2021-263,SEC,US,false,"Dec. 17, 2021",2026-03-24T00:56:40Z
SEC-000044,2021-12-20,2021-12-01,press_release,sec_press_release,2021-264,SEC Charges Clinical Drug Trial Investigator with Insider Trading,https://www.sec.gov/newsroom/press-releases/2021-264,SEC,US,false,"Dec. 20, 2021",2026-03-24T00:56:40Z
SEC-000045,2021-12-20,2021-12-01,press_release,sec_press_release,2021-265,SEC Charges Five Russians in $80 Million Hacking and Trading Scheme,https://www.sec.gov/newsroom/press-releases/2021-265,SEC,US,false,"Dec. 20, 2021",2026-03-24T00:56:40Z
SEC-000046,2021-12-20,2021-12-01,press_release,sec_press_release,2021-266,SEC Charges Private Equity Fund Adviser with Fee and Expense Disclosure Failures,https://www.sec.gov/newsroom/press-releases/2021-266,SEC,US,false,"Dec. 20, 2021",2026-03-24T00:56:40Z
SEC-000047,2021-12-21,2021-12-01,press_release,sec_press_release,2021-267,Nikola Corporation to Pay $125 Million to Resolve Fraud Charges,https://www.sec.gov/newsroom/press-releases/2021-267,SEC,US,false,"Dec. 21, 2021",2026-03-24T00:56:40Z
SEC-000048,2021-12-21,2021-12-01,press_release,sec_press_release,2021-268,William Birdthistle Named Director of Division of Investment Management,https://www.sec.gov/newsroom/press-releases/2021-268,SEC,US,false,"Dec. 21, 2021",2026-03-24T00:56:40Z
SEC-000049,2021-12-29,2021-12-01,press_release,sec_press_release,2021-269,SEC Charges Financial Company and Its President with Engaging in Fraudulent Schemes to Boost Stock Price,https://www.sec.gov/newsroom/press-releases/2021-269,SEC,US,false,"Dec. 29, 2021",2026-03-24T00:56:40Z
SEC-000050,2021-12-30,2021-12-01,press_release,sec_press_release,2021-270,Chair Gensler Announces Additions to Executive Staff,https://www.sec.gov/newsroom/press-releases/2021-270,SEC,US,false,"Dec. 30, 2021",2026-03-24T00:56:40Z
SEC-000051,2022-12-01,2022-12-01,press_release,sec_press_release,2022-213,"SEC Investor Advisory Committee to Discuss Investor Account Statements, Corporate Tax Transparency, and Single-Stock ETFs on Dec 8",https://www.sec.gov/newsroom/press-releases/2022-213,SEC,US,false,"Dec. 1, 2022",2026-03-24T00:56:40Z
SEC-000052,2022-12-03,2022-12-01,press_release,sec_press_release,2022-214,ABB Settles SEC Charges That It Engaged in Bribery Scheme in South Africa,https://www.sec.gov/newsroom/press-releases/2022-214,SEC,US,false,"Dec. 3, 2022",2026-03-24T00:56:40Z
SEC-000053,2022-12-05,2022-12-01,press_release,sec_press_release,2022-215,AT&T Settles SEC Charge of Selectively Disclosing Material Information to Wall St. Analysts,https://www.sec.gov/newsroom/press-releases/2022-215,SEC,US,false,"Dec. 5, 2022",2026-03-24T00:56:40Z
SEC-000054,2022-12-07,2022-12-01,press_release,sec_press_release,2022-217,SEC Charges Vika Ventures and its CEO in $6 Million Fraudulent Offering,https://www.sec.gov/newsroom/press-releases/2022-217,SEC,US,false,"Dec. 7, 2022",2026-03-24T00:56:40Z
SEC-000055,2022-12-07,2022-12-01,press_release,sec_press_release,2022-216,SEC Reopens Comment Period for Proposed Rule on Share Repurchase Disclosure Modernization,https://www.sec.gov/newsroom/press-releases/2022-216,SEC,US,false,"Dec. 7, 2022",2026-03-24T00:56:40Z
SEC-000056,2022-12-12,2022-12-01,press_release,sec_press_release,2022-218,SEC Awards More Than $20 Million to Whistleblower,https://www.sec.gov/newsroom/press-releases/2022-218,SEC,US,false,"Dec. 12, 2022",2026-03-24T00:56:40Z
SEC-000057,2022-12-13,2022-12-01,press_release,sec_press_release,2022-220,SEC Charges Danske Bank with Fraud for Misleading Investors about Its Anti-Money Laundering Compliance Failures in Estonia,https://www.sec.gov/newsroom/press-releases/2022-220,SEC,US,false,"Dec. 13, 2022",2026-03-24T00:56:40Z
SEC-000058,2022-12-13,2022-12-01,press_release,sec_press_release,2022-219,SEC Charges Samuel Bankman-Fried with Defrauding Investors in Crypto Asset Trading Platform FTX,https://www.sec.gov/newsroom/press-releases/2022-219,SEC,US,true,"Dec. 13, 2022",2026-03-24T00:56:40Z
SEC-000059,2022-12-14,2022-12-01,press_release,sec_press_release,2022-222,SEC Adopts Amendments to Modernize Rule 10b5-1 Insider Trading Plans and Related Disclosures,https://www.sec.gov/newsroom/press-releases/2022-222,SEC,US,false,"Dec. 14, 2022",2026-03-24T00:56:40Z
SEC-000060,2022-12-14,2022-12-01,press_release,sec_press_release,2022-221,SEC Charges Eight Social Media Influencers in $100 Million Stock Manipulation Scheme Promoted on Discord and Twitter,https://www.sec.gov/newsroom/press-releases/2022-221,SEC,US,false,"Dec. 14, 2022",2026-03-24T00:56:40Z
SEC-000061,2022-12-14,2022-12-01,press_release,sec_press_release,2022-228,SEC Charges Financial Services Professional and Associate in $47 Million Front-Running Scheme,https://www.sec.gov/newsroom/press-releases/2022-228,SEC,US,false,"Dec. 14, 2022",2026-03-24T00:56:40Z
SEC-000062,2022-12-14,2022-12-01,press_release,sec_press_release,2022-227,SEC Charges Four Individuals in Crypto Pyramid Scheme that Targeted Spanish-Speaking Communities,https://www.sec.gov/newsroom/press-releases/2022-227,SEC,US,true,"Dec. 14, 2022",2026-03-24T00:56:40Z
SEC-000063,2022-12-14,2022-12-01,press_release,sec_press_release,2022-223,SEC Proposes Amendments to Enhance Disclosure of Order Execution Information,https://www.sec.gov/newsroom/press-releases/2022-223,SEC,US,false,"Dec. 14, 2022",2026-03-24T00:56:40Z
SEC-000064,2022-12-14,2022-12-01,press_release,sec_press_release,2022-226,SEC Proposes Regulation Best Execution,https://www.sec.gov/newsroom/press-releases/2022-226,SEC,US,false,"Dec. 14, 2022",2026-03-24T00:56:40Z
SEC-000065,2022-12-14,2022-12-01,press_release,sec_press_release,2022-225,SEC Proposes Rule to Enhance Competition for Individual Investor Order Execution,https://www.sec.gov/newsroom/press-releases/2022-225,SEC,US,false,"Dec. 14, 2022",2026-03-24T00:56:40Z
SEC-000066,2022-12-14,2022-12-01,press_release,sec_press_release,2022-224,SEC Proposes Rules to Amend Minimum Pricing Increments and Access Fee Caps and to Enhance the Transparency of Better Priced Orders,https://www.sec.gov/newsroom/press-releases/2022-224,SEC,US,false,"Dec. 14, 2022",2026-03-24T00:56:40Z
SEC-000067,2022-12-16,2022-12-01,press_release,sec_press_release,2022-229,SEC Small Business Advocacy Office Releases Annual Report on Capital Raising,https://www.sec.gov/newsroom/press-releases/2022-229,SEC,US,false,"Dec. 16, 2022",2026-03-24T00:56:40Z
SEC-000068,2022-12-19,2022-12-01,press_release,sec_press_release,2022-231,SEC Awards More Than $37 Million to Whistleblower,https://www.sec.gov/newsroom/press-releases/2022-231,SEC,US,false,"Dec. 19, 2022",2026-03-24T00:56:40Z
SEC-000069,2022-12-19,2022-12-01,press_release,sec_press_release,2022-230,SEC Charges Honeywell with Bribery Schemes in Algeria and Brazil,https://www.sec.gov/newsroom/press-releases/2022-230,SEC,US,false,"Dec. 19, 2022",2026-03-24T00:56:40Z
SEC-000070,2022-12-20,2022-12-01,press_release,sec_press_release,2022-232,"SEC Charges Former CEO of Biotech Company CytoDyn with Fraud, Insider Trading",https://www.sec.gov/newsroom/press-releases/2022-232,SEC,US,false,"Dec. 20, 2022",2026-03-24T00:56:40Z
SEC-000071,2022-12-21,2022-12-01,press_release,sec_press_release,2022-234,SEC Charges Caroline Ellison and Gary Wang with Defrauding Investors in Crypto Asset Trading Platform FTX,https://www.sec.gov/newsroom/press-releases/2022-234,SEC,US,true,"Dec. 21, 2022",2026-03-24T00:56:40Z
SEC-000072,2022-12-21,2022-12-01,press_release,sec_press_release,2022-233,Sarah ten Siethoff Named Deputy Director of the Division of Investment Management,https://www.sec.gov/newsroom/press-releases/2022-233,SEC,US,false,"Dec. 21, 2022",2026-03-24T00:56:40Z
SEC-000073,2022-12-22,2022-12-01,press_release,sec_press_release,2022-235,SEC Announces Departure of Dan Berkovitz; Megan Barbero Named General Counsel,https://www.sec.gov/newsroom/press-releases/2022-235,SEC,US,false,"Dec. 22, 2022",2026-03-24T00:56:40Z
SEC-000074,2022-12-23,2022-12-01,press_release,sec_press_release,2022-236,SEC Approves the 2023 Public Company Accounting Oversight Board Budget and Accounting Support Fee,https://www.sec.gov/newsroom/press-releases/2022-236,SEC,US,false,"Dec. 23, 2022",2026-03-24T00:56:40Z
SEC-000075,2022-12-27,2022-12-01,press_release,sec_press_release,2022-237,Antonia Apps Named Director of New York Regional Office,https://www.sec.gov/newsroom/press-releases/2022-237,SEC,US,false,"Dec. 27, 2022",2026-03-24T00:56:40Z
SEC-000076,2023-11-14,2023-11-01,press_release,sec_press_release,2023-235,Charter Communications to Pay $25 Million Penalty for Stock Buyback Controls Violations,https://www.sec.gov/newsroom/press-releases/2023-235,SEC,US,false,"Nov. 14, 2023",2026-03-24T00:56:40Z
SEC-000077,2023-11-16,2023-11-01,press_release,sec_press_release,2023-236,SEC Adopts Rules to Improve Clearing Agency Governance and Mitigate Conflicts of Interest,https://www.sec.gov/newsroom/press-releases/2023-236,SEC,US,false,"Nov. 16, 2023",2026-03-24T00:56:40Z
SEC-000078,2023-11-20,2023-11-01,press_release,sec_press_release,2023-237,"SEC Charges Kraken for Operating as an Unregistered Securities Exchange, Broker, Dealer, and Clearing Agency",https://www.sec.gov/newsroom/press-releases/2023-237,SEC,US,true,"Nov. 20, 2023",2026-03-24T00:56:40Z
SEC-000079,2023-11-21,2023-11-01,press_release,sec_press_release,2023-238,SEC Charges New York Businessman with Fraud and Unregistered Sales of Securities to Investors Seeking Permanent Residency in the U.S.,https://www.sec.gov/newsroom/press-releases/2023-238,SEC,US,false,"Nov. 21, 2023",2026-03-24T00:56:40Z
SEC-000080,2023-11-22,2023-11-01,press_release,sec_press_release,2023-239,SEC Small Business Advisory Committee to Discuss the Accredited Investor Definition and the Role of Diversity in the Investment Process,https://www.sec.gov/newsroom/press-releases/2023-239,SEC,US,true,"Nov. 22, 2023",2026-03-24T00:56:40Z
SEC-000081,2023-11-27,2023-11-01,press_release,sec_press_release,2023-240,SEC Adopts Rule to Prohibit Conflicts of Interest in Certain Securitizations,https://www.sec.gov/newsroom/press-releases/2023-240,SEC,US,false,"Nov. 27, 2023",2026-03-24T00:56:40Z
SEC-000082,2023-11-29,2023-11-01,press_release,sec_press_release,2023-242,SEC Charges Phoenix-Area Real Estate Fund Adviser Jonathan Larmore with $35 Million Fraud,https://www.sec.gov/newsroom/press-releases/2023-242,SEC,US,false,"Nov. 29, 2023",2026-03-24T00:56:40Z
SEC-000083,2023-11-29,2023-11-01,press_release,sec_press_release,2023-241,SEC Names Kate E. Zoladz as Regional Director of Los Angeles Office,https://www.sec.gov/newsroom/press-releases/2023-241,SEC,US,false,"Nov. 29, 2023",2026-03-24T00:56:40Z
SEC-000084,2023-11-30,2023-11-01,press_release,sec_press_release,2023-243,SEC Investor Advisory Committee to Examine Use of Complex Investment Products and Strategies by Self-Directed Investors and Discuss Practical Applications for Enhancing Financial Literacy at December 7 Meeting,https://www.sec.gov/newsroom/press-releases/2023-243,SEC,US,false,"Nov. 30, 2023",2026-03-24T00:56:40Z
SEC-000085,2023-12-05,2023-12-01,press_release,sec_press_release,2023-244,SEC Office of the Investor Advocate Publishes Its Policy Recommendations on Mandatory Arbitration and Registered Index-Linked Annuities Research,https://www.sec.gov/newsroom/press-releases/2023-244,SEC,US,false,"Dec. 5, 2023",2026-03-24T00:56:40Z
SEC-000086,2023-12-07,2023-12-01,press_release,sec_press_release,2023-246,"Daniel R. Gregus, Director of the Chicago Regional Office, to Depart the SEC",https://www.sec.gov/newsroom/press-releases/2023-246,SEC,US,false,"Dec. 7, 2023",2026-03-24T00:56:40Z
SEC-000087,2023-12-07,2023-12-01,press_release,sec_press_release,2023-245,"SEC Charges Five Unregistered Brokers, Four Companies in Widespread Pre-IPO Fraud Scheme",https://www.sec.gov/newsroom/press-releases/2023-245,SEC,US,false,"Dec. 7, 2023",2026-03-24T00:56:40Z
SEC-000088,2023-12-13,2023-12-01,press_release,sec_press_release,2023-249,Credit Suisse Entities to Pay $10 Million for Providing Prohibited Mutual Fund Services,https://www.sec.gov/newsroom/press-releases/2023-249,SEC,US,false,"Dec. 13, 2023",2026-03-24T00:56:40Z
SEC-000089,2023-12-13,2023-12-01,press_release,sec_press_release,2023-247,SEC Adopts Rules to Improve Risk Management in Clearance and Settlement and Facilitate Additional Central Clearing for the U.S. Treasury Market,https://www.sec.gov/newsroom/press-releases/2023-247,SEC,US,false,"Dec. 13, 2023",2026-03-24T00:56:40Z
SEC-000090,2023-12-13,2023-12-01,press_release,sec_press_release,2023-248,SEC Approves 2024 PCAOB Budget and Accounting Support Fee,https://www.sec.gov/newsroom/press-releases/2023-248,SEC,US,false,"Dec. 13, 2023",2026-03-24T00:56:40Z
SEC-000091,2023-12-14,2023-12-01,press_release,sec_press_release,2023-251,SEC Charges Titanium Capital and Founder Henry Abdo with Operating Ponzi Scheme,https://www.sec.gov/newsroom/press-releases/2023-251,SEC,US,false,"Dec. 14, 2023",2026-03-24T00:56:40Z
SEC-000092,2023-12-14,2023-12-01,press_release,sec_press_release,2023-250,SEC Obtains Emergency Relief to Halt $191 Million Cattle Ponzi Scheme,https://www.sec.gov/newsroom/press-releases/2023-250,SEC,US,false,"Dec. 14, 2023",2026-03-24T00:56:40Z
SEC-000093,2023-12-14,2023-12-01,press_release,sec_press_release,2023-252,SEC Small Business Advocacy Office Delivers Report to Congress on Capital Raising from Startups to Small Public Companies,https://www.sec.gov/newsroom/press-releases/2023-252,SEC,US,false,"Dec. 14, 2023",2026-03-24T00:56:40Z
SEC-000094,2023-12-15,2023-12-01,press_release,sec_press_release,2023-253,SEC Issues Staff Report on Accredited Investor Definition,https://www.sec.gov/newsroom/press-releases/2023-253,SEC,US,true,"Dec. 15, 2023",2026-03-24T00:56:40Z
SEC-000095,2023-12-19,2023-12-01,press_release,sec_press_release,2023-255,SEC Charges Former CEO of Medical Device Startup Stimwave with $41 Million Fraud,https://www.sec.gov/newsroom/press-releases/2023-255,SEC,US,false,"Dec. 19, 2023",2026-03-24T00:56:40Z
SEC-000096,2023-12-19,2023-12-01,press_release,sec_press_release,2023-254,"SEC Charges Tingo Mobile Founder, Three Companies with Massive Fraud and Obtains Emergency Relief",https://www.sec.gov/newsroom/press-releases/2023-254,SEC,US,false,"Dec. 19, 2023",2026-03-24T00:56:40Z
SEC-000097,2023-12-22,2023-12-01,press_release,sec_press_release,2023-258,BarnBridge DAO Agrees to Stop Unregistered Offer and Sale of Structured Finance Crypto Product,https://www.sec.gov/newsroom/press-releases/2023-258,SEC,US,true,"Dec. 22, 2023",2026-03-24T00:56:40Z
SEC-000098,2023-12-22,2023-12-01,press_release,sec_press_release,2023-259,Dean C. Metry Named Chief Administrative Law Judge at SEC,https://www.sec.gov/newsroom/press-releases/2023-259,SEC,US,false,"Dec. 22, 2023",2026-03-24T00:56:40Z
SEC-000099,2023-12-22,2023-12-01,press_release,sec_press_release,2023-257,SEC Awards More Than $28 Million to Seven Whistleblowers,https://www.sec.gov/newsroom/press-releases/2023-257,SEC,US,false,"Dec. 22, 2023",2026-03-24T00:56:40Z
SEC-000100,2023-12-22,2023-12-01,press_release,sec_press_release,2023-256,SEC Charges UAE-Based Brooge Energy and Former Executives with Fraud,https://www.sec.gov/newsroom/press-releases/2023-256,SEC,US,false,"Dec. 22, 2023",2026-03-24T00:56:40Z
SEC-000101,2024-11-27,2024-11-01,press_release,sec_press_release,2024-188,SEC Updates List of Firms Using Inaccurate Information to Solicit Investors,https://www.sec.gov/newsroom/press-releases/2024-188,SEC,US,false,"Nov. 27, 2024",2026-03-24T00:56:40Z
SEC-000102,2024-12-03,2024-12-01,press_release,sec_press_release,2024-189,SEC Charges Kiromic BioPharma and Two Former C-Suite Executives with Misleading Investors about Status of FDA Reviews,https://www.sec.gov/newsroom/press-releases/2024-189,SEC,US,false,"Dec. 3, 2024",2026-03-24T00:56:40Z
SEC-000103,2024-12-03,2024-12-01,press_release,sec_press_release,2024-190,SEC Investor Advisory Committee to Examine Mandatory Arbitration Clauses in Adviser Agreements and Alternative Assets and Retail Investors at December 10 Meeting,https://www.sec.gov/newsroom/press-releases/2024-190,SEC,US,false,"Dec. 3, 2024",2026-03-24T00:56:40Z
SEC-000104,2024-12-09,2024-12-01,press_release,sec_press_release,2024-191,SEC Announces Departure of Trading and Markets Division Director Haoxiang Zhu,https://www.sec.gov/newsroom/press-releases/2024-191,SEC,US,false,"Dec. 9, 2024",2026-03-24T00:56:40Z
SEC-000105,2024-12-09,2024-12-01,press_release,sec_press_release,2024-192,SEC Charges Ian Bell with Defrauding Professional Athletes and Others in Fraudulent Day-Trading Scheme,https://www.sec.gov/newsroom/press-releases/2024-192,SEC,US,false,"Dec. 9, 2024",2026-03-24T00:56:40Z
SEC-000106,2024-12-09,2024-12-01,press_release,sec_press_release,2024-193,SEC Charges Morgan Stanley Smith Barney for Policy Deficiencies that Resulted in Failure to Prevent and Detect its Financial Advisors’ Theft of Investor Funds,https://www.sec.gov/newsroom/press-releases/2024-193,SEC,US,true,"Dec. 9, 2024",2026-03-24T00:56:40Z
SEC-000107,2024-12-11,2024-12-01,press_release,sec_press_release,2024-195,"SEC Charges Ken Peterman, Former Comtech CEO, with Insider Trading in Advance of Negative Earnings Announcement",https://www.sec.gov/newsroom/press-releases/2024-195,SEC,US,false,"Dec. 11, 2024",2026-03-24T00:56:40Z
SEC-000108,2024-12-11,2024-12-01,press_release,sec_press_release,2024-194,SEC Charges Three Individuals with Impersonating Financial Professionals in Fraud Scheme Targeting Retail Investors,https://www.sec.gov/newsroom/press-releases/2024-194,SEC,US,false,"Dec. 11, 2024",2026-03-24T00:56:40Z
SEC-000109,2024-12-12,2024-12-01,press_release,sec_press_release,2024-199,SEC Charges Cantor Fitzgerald Over Misleading SPAC Disclosures,https://www.sec.gov/newsroom/press-releases/2024-199,SEC,US,false,"Dec. 12, 2024",2026-03-24T00:56:40Z
SEC-000110,2024-12-12,2024-12-01,press_release,sec_press_release,2024-198,SEC Charges Former Representative of Advisory Firm SeaCrest with Cherry-Picking,https://www.sec.gov/newsroom/press-releases/2024-198,SEC,US,false,"Dec. 12, 2024",2026-03-24T00:56:40Z
SEC-000111,2024-12-12,2024-12-01,press_release,sec_press_release,2024-196,SEC Office of the Investor Advocate Issues Report on Nationally Representative Survey of Investors and Continues Focus on Investment Fraud,https://www.sec.gov/newsroom/press-releases/2024-196,SEC,US,false,"Dec. 12, 2024",2026-03-24T00:56:40Z
SEC-000112,2024-12-12,2024-12-01,press_release,sec_press_release,2024-197,SEC Small Business Advocacy Office Delivers Report to Congress on Capital Raising for Startups to Small Public Companies,https://www.sec.gov/newsroom/press-releases/2024-197,SEC,US,false,"Dec. 12, 2024",2026-03-24T00:56:40Z
SEC-000113,2024-12-13,2024-12-01,press_release,sec_press_release,2024-200,SEC Announces Departure of Corporation Finance Division Director Erik Gerding,https://www.sec.gov/newsroom/press-releases/2024-200,SEC,US,false,"Dec. 13, 2024",2026-03-24T00:56:40Z
SEC-000114,2024-12-16,2024-12-01,press_release,sec_press_release,2024-201,Becton Dickinson to Pay $175 Million for Misleading Investors About Alaris Infusion Pump,https://www.sec.gov/newsroom/press-releases/2024-201,SEC,US,false,"Dec. 16, 2024",2026-03-24T00:56:40Z
SEC-000115,2024-12-16,2024-12-01,press_release,sec_press_release,2024-202,"SEC Modernizes the Submission of Certain Forms, Filings, and Materials Under the Securities Exchange Act of 1934",https://www.sec.gov/newsroom/press-releases/2024-202,SEC,US,false,"Dec. 16, 2024",2026-03-24T00:56:40Z
SEC-000116,2024-12-17,2024-12-01,press_release,sec_press_release,2024-203,"SEC Charges Express, Inc. with Failing to Disclose Nearly $1 Million in Perks Provided to Former CEO",https://www.sec.gov/newsroom/press-releases/2024-203,SEC,US,false,"Dec. 17, 2024",2026-03-24T00:56:40Z
SEC-000117,2024-12-18,2024-12-01,press_release,sec_press_release,2024-204,SEC Approves 2025 PCAOB Budget and Accounting Support Fee,https://www.sec.gov/newsroom/press-releases/2024-204,SEC,US,false,"Dec. 18, 2024",2026-03-24T00:56:40Z
SEC-000118,2024-12-19,2024-12-01,press_release,sec_press_release,2024-205,Global Aerospace Company AAR and Former Executive of its Subsidiary Settle Charges for Bribing Nepalese and South African Officials,https://www.sec.gov/newsroom/press-releases/2024-205,SEC,US,false,"Dec. 19, 2024",2026-03-24T00:56:40Z
SEC-000119,2024-12-20,2024-12-01,press_release,sec_press_release,2024-208,Deutsche Bank Subsidiary to Pay $4 Million for Untimely Filing Certain Suspicious Activity Reports,https://www.sec.gov/newsroom/press-releases/2024-208,SEC,US,false,"Dec. 20, 2024",2026-03-24T00:56:40Z
SEC-000120,2024-12-20,2024-12-01,press_release,sec_press_release,2024-211,SEC Adopts Rule Amendments to the Broker-Dealer Customer Protection Rule,https://www.sec.gov/newsroom/press-releases/2024-211,SEC,US,false,"Dec. 20, 2024",2026-03-24T00:56:40Z
SEC-000121,2024-12-20,2024-12-01,press_release,sec_press_release,2024-209,SEC Charges Silver Point Capital with Policy Failures Regarding Receipt of Material Nonpublic Information About Bonds Issued by Puerto Rico,https://www.sec.gov/newsroom/press-releases/2024-209,SEC,US,false,"Dec. 20, 2024",2026-03-24T00:56:40Z
SEC-000122,2024-12-20,2024-12-01,press_release,sec_press_release,2024-206,SEC Charges Utility Company Entergy Corp. with Internal Accounting Controls Violations,https://www.sec.gov/newsroom/press-releases/2024-206,SEC,US,false,"Dec. 20, 2024",2026-03-24T00:56:40Z
SEC-000123,2024-12-20,2024-12-01,press_release,sec_press_release,2024-210,SEC Files Settled Charges Against Multiple Entities for Failing to Timely File Forms D in Connection With Securities Offerings,https://www.sec.gov/newsroom/press-releases/2024-210,SEC,US,false,"Dec. 20, 2024",2026-03-24T00:56:40Z
SEC-000124,2024-12-20,2024-12-01,press_release,sec_press_release,2024-212,Tai Mo Shan to Pay $123 Million for Negligently Misleading Investors About Stability of Terra USD,https://www.sec.gov/newsroom/press-releases/2024-212,SEC,US,false,"Dec. 20, 2024",2026-03-24T00:56:40Z
SEC-000125,2024-12-20,2024-12-01,press_release,sec_press_release,2024-207,Wells Fargo and LPL Financial Charged for Submitting Deficient Trading Data to SEC,https://www.sec.gov/newsroom/press-releases/2024-207,SEC,US,true,"Dec. 20, 2024",2026-03-24T00:56:40Z
SEC-000126,2025-10-31,2025-10-01,press_release,sec_press_release,2025-130,SEC Issues Exemptive Order Regarding Compliance with Certain Rules Under Regulation NMS,https://www.sec.gov/newsroom/press-releases/2025-130-sec-issues-exemptive-order-regarding-compliance-certain-rules-under-regulation-nms,SEC,US,false,"Oct. 31, 2025",2026-03-24T00:56:40Z
SEC-000127,2025-11-13,2025-11-01,press_release,sec_press_release,2025-131,Deputy Director of Enforcement Antonia M. Apps to Conclude Her Tenure at the SEC,https://www.sec.gov/newsroom/press-releases/2025-131-deputy-director-enforcement-antonia-m-apps-conclude-her-tenure-sec,SEC,US,false,"Nov. 13, 2025",2026-03-24T00:56:40Z
SEC-000128,2025-11-17,2025-11-01,press_release,sec_press_release,2025-132,SEC Division of Examinations Announces 2026 Priorities,https://www.sec.gov/newsroom/press-releases/2025-132-sec-division-examinations-announces-2026-priorities,SEC,US,false,"Nov. 17, 2025",2026-03-24T00:56:40Z
SEC-000129,2025-11-21,2025-11-01,press_release,sec_press_release,2025-134,SEC Announces New Date and Time for Roundtable on Financial Surveillance and Privacy,https://www.sec.gov/newsroom/press-releases/2025-134-sec-announces-new-date-time-roundtable-financial-surveillance-privacy,SEC,US,false,"Nov. 21, 2025",2026-03-24T00:56:40Z
SEC-000130,2025-11-21,2025-11-01,press_release,sec_press_release,2025-133,SEC Announces Roundtable on Rule 611 of Regulation NMS at the University of Austin,https://www.sec.gov/newsroom/press-releases/2025-133-sec-announces-roundtable-rule-611-regulation-nms-university-austin,SEC,US,false,"Nov. 21, 2025",2026-03-24T00:56:40Z
SEC-000131,2025-11-25,2025-11-01,press_release,sec_press_release,2025-136,Cristina Martin Firvida to Conclude Tenure as Investor Advocate,https://www.sec.gov/newsroom/press-releases/2025-136-cristina-martin-firvida-conclude-tenure-investor-advocate,SEC,US,false,"Nov. 25, 2025",2026-03-24T00:56:40Z
SEC-000132,2025-11-25,2025-11-01,press_release,sec_press_release,2025-135,"SEC Investor Advisory Committee to Host Dec. 4 Meeting on Regulatory Changes in Corporate Governance, the Tokenization of Equity Securities",https://www.sec.gov/newsroom/press-releases/2025-135-sec-investor-advisory-committee-host-dec-4-meeting-regulatory-changes-corporate-governance,SEC,US,false,"Nov. 25, 2025",2026-03-24T00:56:40Z
SEC-000133,2025-12-05,2025-12-01,press_release,sec_press_release,2025-138,SEC Announces Agenda and Panelists for Roundtable on Financial Surveillance and Privacy,https://www.sec.gov/newsroom/press-releases/2025-138-sec-announces-agenda-panelists-roundtable-financial-surveillance-privacy,SEC,US,false,"Dec. 5, 2025",2026-03-24T00:56:40Z
SEC-000134,2025-12-05,2025-12-01,press_release,sec_press_release,2025-137,SEC to Host Webinar for Transfer Agents on Regulation S-P,https://www.sec.gov/newsroom/press-releases/2025-137-sec-host-webinar-transfer-agents-regulation-s-p,SEC,US,false,"Dec. 5, 2025",2026-03-24T00:56:40Z
SEC-000135,2025-12-08,2025-12-01,press_release,sec_press_release,2025-139,SEC Announces Departure of OIEA Director Lori J. Schock,https://www.sec.gov/newsroom/press-releases/2025-139-sec-announces-departure-oiea-director-lori-j-schock,SEC,US,false,"Dec. 8, 2025",2026-03-24T00:56:40Z
SEC-000136,2025-12-10,2025-12-01,press_release,sec_press_release,2025-140,SEC Announces Agenda and Panelists for Roundtable on Rule 611 of Regulation NMS,https://www.sec.gov/newsroom/press-releases/2025-140-sec-announces-agenda-panelists-roundtable-rule-611-regulation-nms,SEC,US,false,"Dec. 10, 2025",2026-03-24T00:56:40Z
SEC-000137,2025-12-10,2025-12-01,press_release,sec_press_release,2025-141,SEC Charges Canadian Citizen With Fraud Schemes That Targeted Retail Investors on Discord,https://www.sec.gov/newsroom/press-releases/2025-141-sec-charges-canadian-citizen-fraud-schemes-targeted-retail-investors-discord,SEC,US,false,"Dec. 10, 2025",2026-03-24T00:56:40Z
SEC-000138,2025-12-17,2025-12-01,press_release,sec_press_release,2025-143,Joshua T. White Named SEC Chief Economist,https://www.sec.gov/newsroom/press-releases/2025-143-joshua-t-white-named-sec-chief-economist,SEC,US,false,"Dec. 17, 2025",2026-03-24T00:56:40Z
SEC-000139,2025-12-17,2025-12-01,press_release,sec_press_release,2025-142,SEC Office of the Investor Advocate Delivers to Congress Report on Activities for Fiscal Year 2025,https://www.sec.gov/newsroom/press-releases/2025-142-sec-office-investor-advocate-delivers-congress-report-activities-fiscal-year-2025,SEC,US,false,"Dec. 17, 2025",2026-03-24T00:56:40Z
SEC-000140,2025-12-22,2025-12-01,press_release,sec_press_release,2025-144,SEC Charges Three Purported Crypto Asset Trading Platforms and Four Investment Clubs with Scheme That Targeted Retail Investors on Social Media,https://www.sec.gov/newsroom/press-releases/2025-144-sec-charges-three-purported-crypto-asset-trading-platforms-four-investment-clubs-scheme-targeted,SEC,US,true,"Dec. 22, 2025",2026-03-24T00:56:40Z
SEC-000141,2025-12-29,2025-12-01,press_release,sec_press_release,2025-146,Deputy Director of Enforcement Nekia Hackworth Jones Concludes Her Tenure at the SEC,https://www.sec.gov/newsroom/press-releases/2025-146-deputy-director-enforcement-nekia-hackworth-jones-concludes-her-tenure-sec,SEC,US,false,"Dec. 29, 2025",2026-03-24T00:56:40Z
SEC-000142,2025-12-29,2025-12-01,press_release,sec_press_release,2025-145,SEC Announces Retirement of Division of Corporation Finance Deputy Director Cicely LaMothe,https://www.sec.gov/newsroom/press-releases/2025-145-sec-announces-retirement-division-corporation-finance-deputy-director-cicely-lamothe,SEC,US,false,"Dec. 29, 2025",2026-03-24T00:56:40Z
SEC-000143,2026-01-20,2026-01-01,press_release,sec_press_release,,Christina M. Thomas to Rejoin the Division of Corporation Finance as Deputy Director,https://www.sec.gov/newsroom/press-releases/2026-7-christina-m-thomas-rejoin-division-corporation-finance-deputy-director,SEC,US,false,"Tue, 20 Jan 2026 14:42:00 -0500",2026-03-24T00:56:40Z
SEC-000144,2026-01-20,2026-01-01,press_release,sec_press_release,,Division of Corporation Finance Names Senior Staff,https://www.sec.gov/newsroom/press-releases/2026-8-division-corporation-finance-names-senior-staff,SEC,US,false,"Tue, 20 Jan 2026 15:07:00 -0500",2026-03-24T00:56:40Z
SEC-000145,2026-01-20,2026-01-01,press_release,sec_press_release,,Keith E. Cassidy Named Director of the Division of Examinations,https://www.sec.gov/newsroom/press-releases/2026-6-keith-e-cassidy-named-director-division-examinations,SEC,US,false,"Tue, 20 Jan 2026 07:15:48 -0500",2026-03-24T00:56:40Z
SEC-000146,2026-01-21,2026-01-01,press_release,sec_press_release,,SEC Seeks Candidates for Small Business Capital Formation Advisory Committee,https://www.sec.gov/newsroom/press-releases/2026-9-sec-seeks-candidates-small-business-capital-formation-advisory-committee,SEC,US,false,"Wed, 21 Jan 2026 08:30:00 -0500",2026-03-24T00:56:40Z
SEC-000147,2026-01-22,2026-01-01,press_release,sec_press_release,,SEC Approves 2026 PCAOB Budget and Accounting Support Fee,https://www.sec.gov/newsroom/press-releases/2026-11-sec-approves-2026-pcaob-budget-accounting-support-fee,SEC,US,false,"Thu, 22 Jan 2026 11:52:00 -0500",2026-03-24T00:56:40Z
SEC-000148,2026-01-22,2026-01-01,press_release,sec_press_release,,SEC Seeks Candidates for Membership on the Investor Advisory Committee,https://www.sec.gov/newsroom/press-releases/2026-10-sec-seeks-candidates-membership-investor-advisory-committee,SEC,US,false,"Thu, 22 Jan 2026 08:58:00 -0500",2026-03-24T00:56:40Z
SEC-000149,2026-01-22,2026-01-01,press_release,sec_press_release,,SEC Small Business Advisory Committee to Continue Discussion on Regulatory Framework for Finders and Begin Exploring the Private Secondary Market,https://www.sec.gov/newsroom/press-releases/2026-12-sec-small-business-advisory-committee-continue-discussion-regulatory-framework-finders-begin,SEC,US,false,"Thu, 22 Jan 2026 14:25:00 -0500",2026-03-24T00:56:40Z
SEC-000150,2026-01-22,2026-01-01,press_release,sec_press_release,,"SEC and CFTC to Hold Joint Event on Harmonization, U.S. Financial Leadership in the Crypto Era",https://www.sec.gov/newsroom/press-releases/2026-13,SEC,US,true,"Thu, 22 Jan 2026 15:50:56 -0500",2026-03-24T00:56:40Z
SEC-000151,2026-01-26,2026-01-01,press_release,sec_press_release,,"SEC and CFTC Reschedule Joint Event on Harmonization, U.S. Financial Leadership in the Crypto Era",https://www.sec.gov/newsroom/press-releases/2026-14-sec-cftc-reschedule-joint-event-harmonization-us-financial-leadership-crypto-era,SEC,US,true,"Mon, 26 Jan 2026 10:12:31 -0500",2026-03-24T00:56:40Z
SEC-000152,2026-01-27,2026-01-01,press_release,sec_press_release,,SEC Charges ADM and Three Former Executives with Accounting and Disclosure Fraud,https://www.sec.gov/newsroom/press-releases/2026-15-sec-charges-adm-three-former-executives-accounting-disclosure-fraud,SEC,US,false,"Tue, 27 Jan 2026 16:38:34 -0500",2026-03-24T00:56:40Z
SEC-000153,2026-01-30,2026-01-01,press_release,sec_press_release,,SEC Appoints New Chairman and Board Members to PCAOB,https://www.sec.gov/newsroom/press-releases/2026-16-sec-appoints-new-chairman-board-members-pcaob,SEC,US,false,"Fri, 30 Jan 2026 15:59:00 -0500",2026-03-24T00:56:40Z
SEC-000154,2026-02-05,2026-02-01,press_release,sec_press_release,,"SEC Publishes Data on Exchange Traded Funds and Fund Mergers; Updated Statistics on Municipal Advisors, Transfer Agents, and Security-Based Swap Dealers",https://www.sec.gov/newsroom/press-releases/2026-17-sec-publishes-data-exchange-traded-funds-fund-mergers-updated-statistics-municipal-advisors-transfer,SEC,US,false,"Thu, 05 Feb 2026 13:45:00 -0500",2026-03-24T00:56:40Z
SEC-000155,2026-02-10,2026-02-01,litigation_release,sec_litigation_release,LR-26480,"Barrington Asset Management, Inc.; Gregory David Paris",https://www.sec.gov/enforcement-litigation/litigation-releases/lr-26480,SEC,US,false,"Tue, 10 Feb 2026 12:15:41 -0500",2026-03-24T00:56:40Z
SEC-000156,2026-02-11,2026-02-01,litigation_release,sec_litigation_release,LR-26481,John David Gessin et al.,https://www.sec.gov/enforcement-litigation/litigation-releases/lr-26481,SEC,US,false,"Wed, 11 Feb 2026 12:40:56 -0500",2026-03-24T00:56:40Z
SEC-000157,2026-02-11,2026-02-01,litigation_release,sec_litigation_release,LR-26482,Nicholas Bowerman,https://www.sec.gov/enforcement-litigation/litigation-releases/lr-26482,SEC,US,false,"Wed, 11 Feb 2026 13:16:51 -0500",2026-03-24T00:56:40Z
SEC-000158,2026-02-13,2026-02-01,press_release,sec_press_release,,SEC Announces 45th Annual Small Business Forum to Improve Capital-Raising Policy,https://www.sec.gov/newsroom/press-releases/2026-18-sec-announces-45th-annual-small-business-forum-improve-capital-raising-policy,SEC,US,false,"Fri, 13 Feb 2026 10:45:00 -0500",2026-03-24T00:56:40Z
SEC-000159,2026-02-18,2026-02-01,press_release,sec_press_release,,SEC Proposes Amendments to Reduce Burdens in Reporting of Fund Portfolio Holdings,https://www.sec.gov/newsroom/press-releases/2026-19-sec-proposes-amendments-reduce-burdens-reporting-fund-portfolio-holdings,SEC,US,false,"Wed, 18 Feb 2026 14:30:00 -0500",2026-03-24T00:56:40Z
SEC-000160,2026-02-19,2026-02-01,litigation_release,sec_litigation_release,LR-26484,Bluesky Eagle Capital Management Ltd.,https://www.sec.gov/enforcement-litigation/litigation-releases/lr-26484,SEC,US,false,"Thu, 19 Feb 2026 14:49:23 -0500",2026-03-24T00:56:40Z
SEC-000161,2026-02-19,2026-02-01,litigation_release,sec_litigation_release,LR-26485,"Cutter Financial Group, LLC and Jeffrey Cutter",https://www.sec.gov/enforcement-litigation/litigation-releases/lr-26485,SEC,US,false,"Thu, 19 Feb 2026 15:11:50 -0500",2026-03-24T00:56:40Z
SEC-000162,2026-02-19,2026-02-01,litigation_release,sec_litigation_release,LR-26483,"Saumil Thakkar, Poorvesh Thakkar, et al.",https://www.sec.gov/enforcement-litigation/litigation-releases/lr-26483,SEC,US,false,"Thu, 19 Feb 2026 13:41:23 -0500",2026-03-24T00:56:40Z
SEC-000163,2026-02-20,2026-02-01,litigation_release,sec_litigation_release,LR-26486,"C-Hear, Inc.; Adena Harmon",https://www.sec.gov/enforcement-litigation/litigation-releases/lr-26486,SEC,US,false,"Fri, 20 Feb 2026 16:45:25 -0500",2026-03-24T00:56:40Z
SEC-000164,2026-02-23,2026-02-01,litigation_release,sec_litigation_release,LR-26487,Christopher B. Ferguson and Brian P. McFadden,https://www.sec.gov/enforcement-litigation/litigation-releases/lr-26487,SEC,US,false,"Mon, 23 Feb 2026 16:02:13 -0500",2026-03-24T00:56:40Z
SEC-000165,2026-02-24,2026-02-01,litigation_release,sec_litigation_release,LR-26488,Ian G. Bell,https://www.sec.gov/enforcement-litigation/litigation-releases/lr-26488,SEC,US,false,"Tue, 24 Feb 2026 09:55:35 -0500",2026-03-24T00:56:40Z
SEC-000166,2026-02-24,2026-02-01,litigation_release,sec_litigation_release,LR-26490,Joel Castellanos,https://www.sec.gov/enforcement-litigation/litigation-releases/lr-26490,SEC,US,false,"Tue, 24 Feb 2026 17:03:49 -0500",2026-03-24T00:56:40Z
SEC-000167,2026-02-24,2026-02-01,litigation_release,sec_litigation_release,LR-26489,"Joseph C. Lewis, Carolyn W. Carter, Patrick J. O’Connor, and Bryan L. Waugh",https://www.sec.gov/enforcement-litigation/litigation-releases/lr-26489,SEC,US,false,"Tue, 24 Feb 2026 12:19:27 -0500",2026-03-24T00:56:40Z
SEC-000168,2026-02-24,2026-02-01,press_release,sec_press_release,,SEC’s Division of Enforcement Announces Updates to Enforcement Manual,https://www.sec.gov/newsroom/press-releases/2026-20-secs-division-enforcement-announces-updates-enforcement-manual,SEC,US,false,"Tue, 24 Feb 2026 08:55:52 -0500",2026-03-24T00:56:40Z
SEC-000169,2026-02-25,2026-02-01,litigation_release,sec_litigation_release,LR-26492,"Charles T. Lawrence and Landes Prive, LLC",https://www.sec.gov/enforcement-litigation/litigation-releases/lr-26492,SEC,US,false,"Wed, 25 Feb 2026 16:41:20 -0500",2026-03-24T00:56:40Z
SEC-000170,2026-02-25,2026-02-01,litigation_release,sec_litigation_release,LR-26491,"Western Sierra Resource Corporation, Roger Johnson, and Dennis Atkins",https://www.sec.gov/enforcement-litigation/litigation-releases/lr-26491,SEC,US,false,"Wed, 25 Feb 2026 16:11:28 -0500",2026-03-24T00:56:40Z
SEC-000171,2026-02-26,2026-02-01,litigation_release,sec_litigation_release,LR-26493,Fernando Passos,https://www.sec.gov/enforcement-litigation/litigation-releases/lr-26493,SEC,US,false,"Thu, 26 Feb 2026 09:09:52 -0500",2026-03-24T00:56:40Z
SEC-000172,2026-02-26,2026-02-01,press_release,sec_press_release,,SEC Announces Roundtable on Private Markets Valuation As Retail Investor Access Accelerates,https://www.sec.gov/newsroom/press-releases/2026-21-sec-announces-roundtable-private-markets-valuation-retail-investor-access-accelerates,SEC,US,false,"Thu, 26 Feb 2026 09:38:00 -0500",2026-03-24T00:56:40Z
SEC-000173,2026-02-27,2026-02-01,litigation_release,sec_litigation_release,LR-26494,Ofer Abarbanel,https://www.sec.gov/enforcement-litigation/litigation-releases/lr-26494,SEC,US,false,"Fri, 27 Feb 2026 13:19:21 -0500",2026-03-24T00:56:40Z
SEC-000174,2026-02-27,2026-02-01,litigation_release,sec_litigation_release,LR-26495,Vidul Prakash,https://www.sec.gov/enforcement-litigation/litigation-releases/lr-26495,SEC,US,false,"Fri, 27 Feb 2026 17:29:49 -0500",2026-03-24T00:56:40Z
SEC-000175,2026-02-27,2026-02-01,press_release,sec_press_release,,SEC Adopts Final Rules for the Holding Foreign Insiders Accountable Act,https://www.sec.gov/newsroom/press-releases/2026-23-sec-adopts-final-rules-holding-foreign-insiders-accountable-act,SEC,US,false,"Fri, 27 Feb 2026 11:00:00 -0500",2026-03-24T00:56:40Z
SEC-000176,2026-02-27,2026-02-01,press_release,sec_press_release,,"SEC, FSA Hold Spring Financial Regulatory Dialogue",https://www.sec.gov/newsroom/press-releases/2026-22-sec-fsa-hold-spring-financial-regulatory-dialogue,SEC,US,false,"Fri, 27 Feb 2026 09:55:00 -0500",2026-03-24T00:56:40Z
SEC-000177,2026-03-05,2026-03-01,litigation_release,sec_litigation_release,LR-26496,"Justin Sun, Tron Foundation Limited, BitTorrent Foundation Ltd., Rainberry, Inc., and DeAndre Cortez Way",https://www.sec.gov/enforcement-litigation/litigation-releases/lr-26496,SEC,US,false,"Thu, 05 Mar 2026 16:49:41 -0500",2026-03-24T00:56:40Z
SEC-000178,2026-03-05,2026-03-01,press_release,sec_press_release,,SEC Announces Roundtable on Options Market Structure Reform,https://www.sec.gov/newsroom/press-releases/2026-24-sec-announces-roundtable-options-market-structure-reform,SEC,US,false,"Thu, 05 Mar 2026 10:09:00 -0500",2026-03-24T00:56:40Z
SEC-000179,2026-03-05,2026-03-01,press_release,sec_press_release,,SEC Investor Advisory Committee to Host March 12 Meeting,https://www.sec.gov/newsroom/press-releases/2026-25-sec-investor-advisory-committee-host-march-12-meeting,SEC,US,false,"Thu, 05 Mar 2026 10:30:07 -0500",2026-03-24T00:56:40Z
SEC-000180,2026-03-06,2026-03-01,litigation_release,sec_litigation_release,LR-26497,"Matthew J. Werthe, dba HSR Wealth Management",https://www.sec.gov/enforcement-litigation/litigation-releases/lr-26497,SEC,US,false,"Fri, 06 Mar 2026 14:05:12 -0500",2026-03-24T00:56:40Z
SEC-000181,2026-03-09,2026-03-01,litigation_release,sec_litigation_release,LR-26498,Randall J. Miller; Chad J. Miller; Jeffrey De Laveaga; Jeffrey Puzzullo,https://www.sec.gov/enforcement-litigation/litigation-releases/lr-26498,SEC,US,false,"Mon, 09 Mar 2026 17:57:25 -0400",2026-03-24T00:56:40Z
SEC-000182,2026-03-11,2026-03-01,press_release,sec_press_release,,SEC and CFTC Announce Historic Memorandum of Understanding Between Agencies,https://www.sec.gov/newsroom/press-releases/2026-26-sec-cftc-announce-historic-memorandum-understanding-between-agencies,SEC,US,false,"Wed, 11 Mar 2026 15:30:00 -0400",2026-03-24T00:56:40Z
SEC-000183,2026-03-12,2026-03-01,litigation_release,sec_litigation_release,LR-26499,"Nader Al-Naji, Buse Desticioğlu Al-Naji, Joumana Bahouth Al-Naji, Intangible Holdings, LLC, Firestorm Media, LLC, Viridian City, LLC, and DeSo Foundation",https://www.sec.gov/enforcement-litigation/litigation-releases/lr-26499,SEC,US,false,"Thu, 12 Mar 2026 17:40:23 -0400",2026-03-24T00:56:40Z
SEC-000184,2026-03-16,2026-03-01,press_release,sec_press_release,,SEC Announces Enforcement Division Director Judge Margaret A. Ryan Has Resigned From Agency,https://www.sec.gov/newsroom/press-releases/2026-27-sec-announces-enforcement-division-director-judge-margaret-ryan-has-resigned-agency,SEC,US,false,"Mon, 16 Mar 2026 14:09:04 -0400",2026-03-24T00:56:40Z
SEC-000185,2026-03-16,2026-03-01,press_release,sec_press_release,,SEC Proposes Amendments to Exchange Act Rule 15c2-11,https://www.sec.gov/newsroom/press-releases/2026-28-sec-proposes-amendments-exchange-act-rule-15c2-11,SEC,US,false,"Mon, 16 Mar 2026 15:15:00 -0400",2026-03-24T00:56:40Z
SEC-000186,2026-03-17,2026-03-01,litigation_release,sec_litigation_release,LR-26500,Bin Hao and Qidian LLC,https://www.sec.gov/enforcement-litigation/litigation-releases/lr-26500,SEC,US,false,"Tue, 17 Mar 2026 13:41:07 -0400",2026-03-24T00:56:40Z
SEC-000187,2026-03-17,2026-03-01,litigation_release,sec_litigation_release,LR- 26502,J. Bernard Rice,https://www.sec.gov/enforcement-litigation/litigation-releases/lr-26502,SEC,US,false,"Tue, 17 Mar 2026 14:04:20 -0400",2026-03-24T00:56:40Z
SEC-000188,2026-03-17,2026-03-01,litigation_release,sec_litigation_release,LR-26501,Paul W. Jorgensen,https://www.sec.gov/enforcement-litigation/litigation-releases/lr-26501,SEC,US,false,"Tue, 17 Mar 2026 13:53:38 -0400",2026-03-24T00:56:40Z
SEC-000189,2026-03-17,2026-03-01,press_release,sec_press_release,,SEC Clarifies the Application of Federal Securities Laws to Crypto Assets,https://www.sec.gov/newsroom/press-releases/2026-30-sec-clarifies-application-federal-securities-laws-crypto-assets,SEC,US,true,"Tue, 17 Mar 2026 15:45:25 -0400",2026-03-24T00:56:40Z
SEC-000190,2026-03-17,2026-03-01,press_release,sec_press_release,,"SEC Publishes Data on Public and Private Offerings, Municipal Advisors, Transfer Agents, and Securities-Based Swap Dealers",https://www.sec.gov/newsroom/press-releases/2026-29-sec-publishes-data-public-private-offerings-municipal-advisors-transfer-agents-securities-based-swap,SEC,US,false,"Tue, 17 Mar 2026 15:13:00 -0400",2026-03-24T00:56:40Z
SEC-000191,2026-03-18,2026-03-01,litigation_release,sec_litigation_release,LR-26503,Kenneth A. Welsh,https://www.sec.gov/enforcement-litigation/litigation-releases/lr-26503,SEC,US,false,"Wed, 18 Mar 2026 15:16:54 -0400",2026-03-24T00:56:40Z
SEC-000192,2026-03-23,2026-03-01,litigation_release,sec_litigation_release,LR-26504,Kevan Sadigh,https://www.sec.gov/enforcement-litigation/litigation-releases/lr-26504,SEC,US,false,"Mon, 23 Mar 2026 14:34:35 -0400",2026-03-24T00:56:40Z
SEC-000193,,,litigation_release,sec_litigation_release,LR-26374,Amended Complaint,https://www.sec.gov/files/litigation/complaints/2023/comp25809-amended.pdf,SEC,US,false,,2026-03-24T00:56:40Z
SEC-000194,,,litigation_release,sec_litigation_release,LR-26496,Amended Complaint,https://www.sec.gov/files/litigation/complaints/2026/comp26496.pdf,SEC,US,false,,2026-03-24T00:56:40Z
SEC-000195,,,litigation_release,sec_litigation_release,LR-25880,Application,https://www.sec.gov/files/litigation/litreleases/2023/application25880.pdf,SEC,US,false,,2026-03-24T00:56:40Z
SEC-000196,,,litigation_release,sec_litigation_release,LR-25585,Application for Order to Show Cause,https://www.sec.gov/files/litigation/litreleases/2022/order25585.pdf,SEC,US,false,,2026-03-24T00:56:40Z
SEC-000197,,,litigation_release,sec_litigation_release,LR-26204,Complaint,https://www.sec.gov/files/litigation/complaints/2024/comp26204.pdf,SEC,US,false,,2026-03-24T00:56:40Z
SEC-000198,,,litigation_release,sec_litigation_release,LR-26189,Complaint,https://www.sec.gov/files/litigation/complaints/2024/comp-pr2024-192.pdf,SEC,US,false,,2026-03-24T00:56:40Z
SEC-000199,,,litigation_release,sec_litigation_release,LR-26184,Complaint,https://www.sec.gov/files/litigation/complaints/2024/comp-pr2024-189.pdf,SEC,US,false,,2026-03-24T00:56:40Z
SEC-000200,,,litigation_release,sec_litigation_release,LR-25601,Court Order imposing Injunctions Against Randall Goulding,https://www.sec.gov/files/litigation/litreleases/2022/order25601.pdf,SEC,US,false,,2026-03-24T00:56:40Z
SEC-000201,,,litigation_release,sec_litigation_release,LR-26484,Default Judgment,https://www.sec.gov/files/litigation/litreleases/2026/judg26484.pdf,SEC,US,false,,2026-03-24T00:56:40Z
SEC-000202,,,litigation_release,sec_litigation_release,LR-26362,Filed Application,https://www.sec.gov/files/litigation/litreleases/2025/app26362.pdf,SEC,US,false,,2026-03-24T00:56:40Z
SEC-000203,,,litigation_release,sec_litigation_release,LR-24999,Final Judgment,https://www.sec.gov/files/litigation/litreleases/2020/judgment24999.pdf,SEC,US,false,,2026-03-24T00:56:40Z
SEC-000204,,,litigation_release,sec_litigation_release,LR-24994,Final Judgment,https://www.sec.gov/files/litigation/litreleases/2020/judgment24994.pdf,SEC,US,false,,2026-03-24T00:56:40Z
SEC-000205,,,litigation_release,sec_litigation_release,LR-24988,Final Judgment,https://www.sec.gov/files/litigation/litreleases/2020/judgment24988.pdf,SEC,US,false,,2026-03-24T00:56:40Z
SEC-000206,,,litigation_release,sec_litigation_release,LR-24946,Final Judgment,https://www.sec.gov/files/litigation/litreleases/2020/judgment24946.pdf,SEC,US,false,,2026-03-24T00:56:40Z
SEC-000207,,,litigation_release,sec_litigation_release,LR-24945,Final Judgment,https://www.sec.gov/files/litigation/litreleases/2020/judgment24945.pdf,SEC,US,false,,2026-03-24T00:56:40Z
SEC-000208,,,litigation_release,sec_litigation_release,LR-25278,Final Judgment,https://www.sec.gov/files/litigation/litreleases/2021/judgment25278.pdf,SEC,US,false,,2026-03-24T00:56:40Z
SEC-000209,,,litigation_release,sec_litigation_release,LR-25267,Final Judgment,https://www.sec.gov/files/litigation/litreleases/2021/judgment25267.pdf,SEC,US,false,,2026-03-24T00:56:40Z
SEC-000210,,,litigation_release,sec_litigation_release,LR-25532,Final Judgment,https://www.sec.gov/files/litigation/complaints/2022/comp25532.pdf,SEC,US,false,,2026-03-24T00:56:40Z
SEC-000211,,,litigation_release,sec_litigation_release,LR-25895,Final Judgment,https://www.sec.gov/files/litigation/complaints/2023/judg25895.pdf,SEC,US,false,,2026-03-24T00:56:40Z
SEC-000212,,,litigation_release,sec_litigation_release,LR-25884,Final Judgment,https://www.sec.gov/files/litigation/litreleases/2023/judg25884.pdf,SEC,US,false,,2026-03-24T00:56:40Z
SEC-000213,,,litigation_release,sec_litigation_release,LR-25844,Final Judgment,https://www.sec.gov/files/litigation/litreleases/2023/judg25844.pdf,SEC,US,false,,2026-03-24T00:56:40Z
SEC-000214,,,litigation_release,sec_litigation_release,LR-25824,Final Judgment,https://www.sec.gov/files/litigation/litreleases/2023/judg25824.pdf,SEC,US,false,,2026-03-24T00:56:40Z
SEC-000215,,,litigation_release,sec_litigation_release,LR-26180,Final Judgment,https://www.sec.gov/files/litigation/litreleases/2024/judg26180.pdf,SEC,US,false,,2026-03-24T00:56:40Z
SEC-000216,,,litigation_release,sec_litigation_release,LR-26128,Final Judgment,https://www.sec.gov/files/litigation/litreleases/2024/judg26128.pdf,SEC,US,false,,2026-03-24T00:56:40Z
SEC-000217,,,litigation_release,sec_litigation_release,LR-26455,Final Judgment,https://www.sec.gov/files/litigation/litreleases/2025/judg26455.pdf,SEC,US,false,,2026-03-24T00:56:40Z
SEC-000218,,,litigation_release,sec_litigation_release,LR-26454,Final Judgment,https://www.sec.gov/files/litigation/litreleases/2025/judg26454.pdf,SEC,US,false,,2026-03-24T00:56:40Z
SEC-000219,,,litigation_release,sec_litigation_release,LR-26447,Final Judgment,https://www.sec.gov/files/litigation/litreleases/2025/judg26447.pdf,SEC,US,false,,2026-03-24T00:56:40Z
SEC-000220,,,litigation_release,sec_litigation_release,LR-26431,Final Judgment,https://www.sec.gov/files/litigation/litreleases/2025/judg26431.pdf,SEC,US,false,,2026-03-24T00:56:40Z
SEC-000221,,,litigation_release,sec_litigation_release,LR-26425,Final Judgment,https://www.sec.gov/files/litigation/litreleases/2025/judg26425.pdf,SEC,US,false,,2026-03-24T00:56:40Z
SEC-000222,,,litigation_release,sec_litigation_release,LR-26418,Final Judgment,https://www.sec.gov/files/litigation/litreleases/2025/judg26418.pdf,SEC,US,false,,2026-03-24T00:56:40Z
SEC-000223,,,litigation_release,sec_litigation_release,LR-26409,Final Judgment,https://www.sec.gov/files/litigation/litreleases/2025/judg26409.pdf,SEC,US,false,,2026-03-24T00:56:40Z
SEC-000224,,,litigation_release,sec_litigation_release,LR-26399,Final Judgment,https://www.sec.gov/files/litigation/litreleases/2025/judg26399.pdf,SEC,US,false,,2026-03-24T00:56:40Z
SEC-000225,,,litigation_release,sec_litigation_release,LR-26364,Final Judgment,https://www.sec.gov/files/litigation/litreleases/2025/judg26364.pdf,SEC,US,false,,2026-03-24T00:56:40Z
SEC-000226,,,litigation_release,sec_litigation_release,LR-26357,Final Judgment,https://www.sec.gov/files/litigation/litreleases/2025/judg26357-guess-final-judgment.pdf,SEC,US,false,,2026-03-24T00:56:40Z
SEC-000227,,,litigation_release,sec_litigation_release,LR-26356,Final Judgment,https://www.sec.gov/files/litigation/litreleases/2025/judg26356.pdf,SEC,US,false,,2026-03-24T00:56:40Z
SEC-000228,,,litigation_release,sec_litigation_release,LR-26504,Final Judgment,https://www.sec.gov/files/litigation/litreleases/2026/judg26504.pdf,SEC,US,false,,2026-03-24T00:56:40Z
SEC-000229,,,litigation_release,sec_litigation_release,LR-26503,Final Judgment,https://www.sec.gov/files/litigation/litreleases/2026/judg26503.pdf,SEC,US,false,,2026-03-24T00:56:40Z
SEC-000230,,,litigation_release,sec_litigation_release,,Final Judgment,https://www.sec.gov/files/litigation/litreleases/2026/judg26502.pdf,SEC,US,false,,2026-03-24T00:56:40Z
SEC-000231,,,litigation_release,sec_litigation_release,LR-26497,Final Judgment,https://www.sec.gov/files/litigation/litreleases/2026/judg26497.pdf,SEC,US,false,,2026-03-24T00:56:40Z
SEC-000232,,,litigation_release,sec_litigation_release,LR-26494,Final Judgment,https://www.sec.gov/files/litigation/litreleases/2026/judg26494.pdf,SEC,US,false,,2026-03-24T00:56:40Z
SEC-000233,,,litigation_release,sec_litigation_release,LR-26488,Final Judgment,https://www.sec.gov/files/litigation/litreleases/2026/judg26488.pdf,SEC,US,false,,2026-03-24T00:56:40Z
SEC-000234,,,litigation_release,sec_litigation_release,LR-26485,Final Judgment,https://www.sec.gov/files/litigation/litreleases/2026/judg26485.pdf,SEC,US,false,,2026-03-24T00:56:40Z
SEC-000235,,,litigation_release,sec_litigation_release,LR-26482,Final Judgment,https://www.sec.gov/files/litigation/litreleases/2026/judg26482.pdf,SEC,US,false,,2026-03-24T00:56:40Z
SEC-000236,,,litigation_release,sec_litigation_release,LR-26478,Final Judgment,https://www.sec.gov/files/litigation/litreleases/2026/judg26478.pdf,SEC,US,false,,2026-03-24T00:56:40Z
SEC-000237,,,litigation_release,sec_litigation_release,LR-26473,Final Judgment,https://www.sec.gov/files/litigation/litreleases/2026/judg26473.pdf,SEC,US,false,,2026-03-24T00:56:40Z
SEC-000238,,,litigation_release,sec_litigation_release,LR-26457,Final Judgment,https://www.sec.gov/files/litigation/litreleases/2026/judg26457.pdf,SEC,US,false,,2026-03-24T00:56:40Z
SEC-000239,,,litigation_release,sec_litigation_release,LR-26415,Final Judgment - Agridime,https://www.sec.gov/files/litigation/litreleases/2025/judg26415-agridime.pdf,SEC,US,false,,2026-03-24T00:56:40Z
SEC-000240,,,litigation_release,sec_litigation_release,LR-26500,Final Judgment - Bin Hao,https://www.sec.gov/files/litigation/litreleases/2026/judg26500-hao.pdf,SEC,US,false,,2026-03-24T00:56:40Z
SEC-000241,,,litigation_release,sec_litigation_release,LR-26361,Final Judgment - Brendan H. Church,https://www.sec.gov/files/litigation/litreleases/2025/judg26361-brendan-church.pdf,SEC,US,false,,2026-03-24T00:56:40Z
SEC-000242,,,litigation_release,sec_litigation_release,LR-26492,Final Judgment - Charles T. Lawrence,https://www.sec.gov/files/litigation/litreleases/2026/judg26492-lawrence.pdf,SEC,US,false,,2026-03-24T00:56:40Z
SEC-000243,,,litigation_release,sec_litigation_release,LR-24906,Final Judgment - Dennis J. Verderosa,https://www.sec.gov/files/litigation/litreleases/2020/24906-judgment-verderosa.pdf,SEC,US,false,,2026-03-24T00:56:40Z
SEC-000244,,,litigation_release,sec_litigation_release,LR-26367,Final Judgment - Doron A. Tavlin,https://www.sec.gov/files/litigation/litreleases/2025/judg26367-tavlin.pdf,SEC,US,false,,2026-03-24T00:56:40Z
SEC-000245,,,litigation_release,sec_litigation_release,LR-26185,"Final Judgment - Dow Rockwell, LLC",https://www.sec.gov/files/litigation/litreleases/2024/judg26185-dow-rockwell-llc.pdf,SEC,US,false,,2026-03-24T00:56:40Z
SEC-000246,,,litigation_release,sec_litigation_release,LR-26477,Final Judgment - Gerald Shvartsman,https://www.sec.gov/files/litigation/litreleases/2026/judg26477-gerald-shvartsman.pdf,SEC,US,false,,2026-03-24T00:56:40Z
SEC-000247,,,litigation_release,sec_litigation_release,LR-26481,Final Judgment - Ice Fleet LLC,https://www.sec.gov/files/litigation/litreleases/judg26481-icefleetllc.pdf,SEC,US,false,,2026-03-24T00:56:40Z
SEC-000248,,,litigation_release,sec_litigation_release,LR-26148,Final Judgment - Jai Bhavnani,https://www.sec.gov/files/litigation/litreleases/2024/judg26148-bhavnani.pdf,SEC,US,false,,2026-03-24T00:56:40Z
SEC-000249,,,litigation_release,sec_litigation_release,LR-26498,Final Judgment - Jeffrey Puzzullo,https://www.sec.gov/files/litigation/litreleases/2026/judg26498-puzzullo.pdf,SEC,US,false,,2026-03-24T00:56:40Z
SEC-000250,,,litigation_release,sec_litigation_release,LR-25890,Final Judgment - Jeremy Shor,https://www.sec.gov/files/litigation/litreleases/2023/judg25890.pdf,SEC,US,false,,2026-03-24T00:56:40Z
SEC-000251,,,litigation_release,sec_litigation_release,LR-25273,Final Judgment - Jimerson,https://www.sec.gov/files/litigation/litreleases/2021/judgment25273-jimerson.pdf,SEC,US,false,,2026-03-24T00:56:40Z
SEC-000252,,,litigation_release,sec_litigation_release,LR-26489,Final Judgment - Joseph C. Lewis,https://www.sec.gov/files/litigation/litreleases/2026/judg26489-lewis.pdf,SEC,US,false,,2026-03-24T00:56:40Z
SEC-000253,,,litigation_release,sec_litigation_release,LR-26400,Final Judgment - Justin D. Smith,https://www.sec.gov/files/litigation/litreleases/2025/judg26400-smith.pdf,SEC,US,false,,2026-03-24T00:56:40Z
SEC-000254,,,litigation_release,sec_litigation_release,LR-26402,Final Judgment - Justin R. Kimbrough,https://www.sec.gov/files/litigation/litreleases/2025/judg26402-kimbrough.pdf,SEC,US,false,,2026-03-24T00:56:40Z
SEC-000255,,,litigation_release,sec_litigation_release,LR-26136,Final Judgment - Marco Babini,https://www.sec.gov/files/litigation/litreleases/2024/judg26136.pdf,SEC,US,false,,2026-03-24T00:56:40Z
SEC-000256,,,litigation_release,sec_litigation_release,LR-26373,Final Judgment - Olayinka Oyebola & Co,https://www.sec.gov/files/litigation/litreleases/2025/judg26373-ooco.pdf,SEC,US,false,,2026-03-24T00:56:40Z
SEC-000257,,,litigation_release,sec_litigation_release,LR-26199,Final Judgment - Petar Dimitrov Mihaylov,https://www.sec.gov/files/litigation/litreleases/2024/judg26199.pdf,SEC,US,false,,2026-03-24T00:56:40Z
SEC-000258,,,litigation_release,sec_litigation_release,LR-26437,"Final Judgment - Rapid Therapeutic Science Laboratories, Inc.",https://www.sec.gov/files/litigation/litreleases/2025/judg26437-rtsl.pdf,SEC,US,false,,2026-03-24T00:56:40Z
SEC-000259,,,litigation_release,sec_litigation_release,LR-26170,Final Judgment - Richard Brown,https://www.sec.gov/files/litigation/litreleases/2024/judg26170.pdf,SEC,US,false,,2026-03-24T00:56:40Z
SEC-000260,,,litigation_release,sec_litigation_release,LR-26408,Final Judgment - Robert Quattrocchi,https://www.sec.gov/files/litigation/litreleases/2025/judg26408-quattrocchi.pdf,SEC,US,false,,2026-03-24T00:56:40Z
SEC-000261,,,litigation_release,sec_litigation_release,LR-26467,Final Judgment - Saeid Jaberian,https://www.sec.gov/files/litigation/litreleases/2026/judg26467-jaberian.pdf,SEC,US,false,,2026-03-24T00:56:40Z
SEC-000262,,,litigation_release,sec_litigation_release,LR-26451,Final Judgment - Scott J. Mason,https://www.sec.gov/files/litigation/litreleases/2025/judg26451-scott-j-mason.pdf,SEC,US,false,,2026-03-24T00:56:40Z
SEC-000263,,,litigation_release,sec_litigation_release,LR-25001,Final Judgment - Thompson,https://www.sec.gov/files/litigation/litreleases/2020/judgment25001-thompson.pdf,SEC,US,false,,2026-03-24T00:56:40Z
SEC-000264,,,litigation_release,sec_litigation_release,LR-26432,Final Judgment - Tournant,https://www.sec.gov/files/litigation/litreleases/2025/judg26432-tournant.pdf,SEC,US,false,,2026-03-24T00:56:40Z
SEC-000265,,,litigation_release,sec_litigation_release,LR-25901,Final Judgment - Vern A. Breland,https://www.sec.gov/files/litigation/litreleases/2023/judg25901-breland.pdf,SEC,US,false,,2026-03-24T00:56:40Z
SEC-000266,,,litigation_release,sec_litigation_release,LR-26495,Joint Stipulation for Voluntary Dismissal and Releases,https://www.sec.gov/files/litigation/litreleases/2026/stip26495.pdf,SEC,US,false,,2026-03-24T00:56:40Z
SEC-000267,,,litigation_release,sec_litigation_release,LR-26471,Joint Stipulation for Voluntary Dismissal and Releases,https://www.sec.gov/files/litigation/litreleases/2026/stip26471.pdf,SEC,US,false,,2026-03-24T00:56:40Z
SEC-000268,,,litigation_release,sec_litigation_release,LR-26369,Joint Stipulation of Dismissal,https://www.sec.gov/files/litigation/complaints/2025/26369-joint-stipulation.pdf,SEC,US,false,,2026-03-24T00:56:40Z
SEC-000269,,,litigation_release,sec_litigation_release,LR-26499,Joint Stipulation of Dismissal,https://www.sec.gov/files/litigation/litreleases/2026/stip26499.pdf,SEC,US,false,,2026-03-24T00:56:40Z
SEC-000270,,,litigation_release,sec_litigation_release,LR-26423,Joint Stipulation to Dismiss and Release,https://www.sec.gov/files/litigation/complaints/2025/comp26423.pdf,SEC,US,false,,2026-03-24T00:56:40Z
SEC-000271,,,litigation_release,sec_litigation_release,LR-26397,Joint Stipulation to Dismiss and Release,https://www.sec.gov/files/litigation/litreleases/2025/joint-stipulation-26397.pdf,SEC,US,false,,2026-03-24T00:56:40Z
SEC-000272,,,litigation_release,sec_litigation_release,LR-26459,Joint Stipulation to Dismiss and Release,https://www.sec.gov/files/litigation/litreleases/2026/joint-stipulation-dismiss-guy-elliot-010926.pdf,SEC,US,false,,2026-03-24T00:56:40Z
SEC-000273,,,litigation_release,sec_litigation_release,LR-26404,Joint Stipulation to Dismiss and Releases,https://www.sec.gov/files/litigation/litreleases/2025/stip26404.pdf,SEC,US,false,,2026-03-24T00:56:40Z
SEC-000274,,,litigation_release,sec_litigation_release,LR-26465,Joint Stipulation to Dismiss and Releases,https://www.sec.gov/files/litigation/litreleases/2026/joint26465.pdf,SEC,US,false,,2026-03-24T00:56:40Z
SEC-000275,,,litigation_release,sec_litigation_release,LR-26403,"Joint Stipulation to Dismiss and Releases - Carlos R. Watson, Jr.",https://www.sec.gov/files/litigation/litreleases/2025/stip26403-watson.pdf,SEC,US,false,,2026-03-24T00:56:40Z
SEC-000276,,,litigation_release,sec_litigation_release,LR-25247,Judgment,https://www.sec.gov/files/litigation/litreleases/2021/judgment25247.pdf,SEC,US,false,,2026-03-24T00:56:40Z
SEC-000277,,,litigation_release,sec_litigation_release,LR-25213,Judgment,https://www.sec.gov/files/litigation/litreleases/2021/judg25213.pdf,SEC,US,false,,2026-03-24T00:56:40Z
SEC-000278,,,litigation_release,sec_litigation_release,LR-25204,Judgment,https://www.sec.gov/files/litigation/litreleases/2021/judgment25204.pdf,SEC,US,false,,2026-03-24T00:56:40Z
SEC-000279,,,litigation_release,sec_litigation_release,LR-25202,Judgment,https://www.sec.gov/files/litigation/litreleases/2021/judgment25202.pdf,SEC,US,false,,2026-03-24T00:56:40Z
SEC-000280,,,litigation_release,sec_litigation_release,LR-25603,Judgment,https://www.sec.gov/files/litigation/litreleases/2022/judg25603.pdf,SEC,US,false,,2026-03-24T00:56:40Z
SEC-000281,,,litigation_release,sec_litigation_release,LR-25602,Judgment,https://www.sec.gov/files/litigation/litreleases/2022/judge25602.pdf,SEC,US,false,,2026-03-24T00:56:40Z
SEC-000282,,,litigation_release,sec_litigation_release,LR-25598,Judgment,https://www.sec.gov/files/litigation/litreleases/2022/judg25598.pdf,SEC,US,false,,2026-03-24T00:56:40Z
SEC-000283,,,litigation_release,sec_litigation_release,LR-25581,Judgment,https://www.sec.gov/files/litigation/litreleases/2022/judg25581.pdf,SEC,US,false,,2026-03-24T00:56:40Z
SEC-000284,,,litigation_release,sec_litigation_release,LR-25580,Judgment,https://www.sec.gov/files/litigation/litreleases/2022/judg25580-rojas.pdf,SEC,US,false,,2026-03-24T00:56:40Z
SEC-000285,,,litigation_release,sec_litigation_release,LR-25551,Judgment,https://www.sec.gov/files/litigation/litreleases/2022/judg25551.pdf,SEC,US,false,,2026-03-24T00:56:40Z
SEC-000286,,,litigation_release,sec_litigation_release,LR-25511,Judgment,https://www.sec.gov/files/litigation/litreleases/2022/judg25511.pdf,SEC,US,false,,2026-03-24T00:56:40Z
SEC-000287,,,litigation_release,sec_litigation_release,LR-25881,Judgment,https://www.sec.gov/files/litigation/litreleases/2023/judg25881.pdf,SEC,US,false,,2026-03-24T00:56:40Z
SEC-000288,,,litigation_release,sec_litigation_release,LR-25859,Judgment,https://www.sec.gov/files/litigation/litreleases/2023/judg25859.pdf,SEC,US,false,,2026-03-24T00:56:40Z
SEC-000289,,,litigation_release,sec_litigation_release,LR-25841,Judgment,https://www.sec.gov/files/litigation/litreleases/2023/judg25841.pdf,SEC,US,false,,2026-03-24T00:56:40Z
SEC-000290,,,litigation_release,sec_litigation_release,LR-26179,Judgment,https://www.sec.gov/files/litigation/litreleases/2024/judg26179.pdf,SEC,US,false,,2026-03-24T00:56:40Z
SEC-000291,,,litigation_release,sec_litigation_release,LR-26174,Judgment,https://www.sec.gov/files/litigation/litreleases/2024/judg26174.pdf,SEC,US,false,,2026-03-24T00:56:40Z
SEC-000292,,,litigation_release,sec_litigation_release,LR-26142,Judgment,https://www.sec.gov/files/litigation/litreleases/2024/judg26142.pdf,SEC,US,false,,2026-03-24T00:56:40Z
SEC-000293,,,litigation_release,sec_litigation_release,LR-26115,Judgment,https://www.sec.gov/files/litigation/litreleases/2024/judg26115.pdf,SEC,US,false,,2026-03-24T00:56:40Z
SEC-000294,,,litigation_release,sec_litigation_release,LR-25600,Judgment - Roger Knox,https://www.sec.gov/files/litigation/litreleases/2022/judg25600-knox.pdf,SEC,US,false,,2026-03-24T00:56:40Z
SEC-000295,,,litigation_release,sec_litigation_release,LR-25563,Memorandum And Order,https://www.sec.gov/files/litigation/litreleases/2022/order25563.pdf,SEC,US,false,,2026-03-24T00:56:40Z
SEC-000296,,,litigation_release,sec_litigation_release,LR-26405,Motion for Dismissal of Claims,https://www.sec.gov/files/litigation/litreleases/2025/motionlr26405.pdf,SEC,US,false,,2026-03-24T00:56:40Z
SEC-000297,,,litigation_release,sec_litigation_release,LR-26434,Notice - Bear Stearns,https://www.sec.gov/files/litigation/litreleases/2025/notice26434-bear-stearns.pdf,SEC,US,false,,2026-03-24T00:56:40Z
SEC-000298,,,litigation_release,sec_litigation_release,LR-25280,Order,https://www.sec.gov/files/litigation/litreleases/2021/order25280.pdf,SEC,US,false,,2026-03-24T00:56:40Z
SEC-000299,,,litigation_release,sec_litigation_release,LR-25208,Order,https://www.sec.gov/files/litigation/litreleases/2021/order25208.pdf,SEC,US,false,,2026-03-24T00:56:40Z
SEC-000300,,,litigation_release,sec_litigation_release,LR-26372,Order - Garrett W. Moretz,https://www.sec.gov/files/litigation/litreleases/2025/order-moretz.pdf,SEC,US,false,,2026-03-24T00:56:40Z
SEC-000301,,,litigation_release,sec_litigation_release,LR-25909,Order Appointing Receiver and Imposing Litigation Injunction,https://www.sec.gov/files/litigation/litreleases/2023/order25909.pdf,SEC,US,false,,2026-03-24T00:56:40Z
SEC-000302,,,litigation_release,sec_litigation_release,LR-26480,Order Instituting Proceedings,https://www.sec.gov/files/litigation/admin/2026/34-104793.pdf,SEC,US,false,,2026-03-24T00:56:40Z
SEC-000303,,,litigation_release,sec_litigation_release,LR-26175,Order of Preliminary Injunction,https://www.sec.gov/files/litigation/litreleases/2024/inj26175.pdf,SEC,US,false,,2026-03-24T00:56:40Z
SEC-000304,,,litigation_release,sec_litigation_release,LR-26165,Order to Compel,https://www.sec.gov/files/litigation/litreleases/2024/order-compel-26165.pdf,SEC,US,false,,2026-03-24T00:56:40Z
SEC-000305,,,litigation_release,sec_litigation_release,LR-24983,Roger Dobrovodsky,https://www.sec.gov/files/litigation/complaints/2020/comp24983-dobrovodsky.pdf,SEC,US,false,,2026-03-24T00:56:40Z
SEC-000306,,,litigation_release,sec_litigation_release,LR-25003,SEC Complaint,https://www.sec.gov/files/litigation/complaints/2020/comp25003.pdf,SEC,US,false,,2026-03-24T00:56:40Z
SEC-000307,,,litigation_release,sec_litigation_release,LR-25002,SEC Complaint,https://www.sec.gov/files/litigation/complaints/2020/comp25002.pdf,SEC,US,false,,2026-03-24T00:56:40Z
SEC-000308,,,litigation_release,sec_litigation_release,LR-25000,SEC Complaint,https://www.sec.gov/files/litigation/complaints/2020/comp-pr2020-343.pdf,SEC,US,false,,2026-03-24T00:56:40Z
SEC-000309,,,litigation_release,sec_litigation_release,LR-24998,SEC Complaint,https://www.sec.gov/files/litigation/complaints/2020/comp24998.pdf,SEC,US,false,,2026-03-24T00:56:40Z
SEC-000310,,,litigation_release,sec_litigation_release,LR-24997,SEC Complaint,https://www.sec.gov/files/litigation/complaints/2020/comp24997.pdf,SEC,US,false,,2026-03-24T00:56:40Z
SEC-000311,,,litigation_release,sec_litigation_release,LR-24995,SEC Complaint,https://www.sec.gov/files/litigation/complaints/2020/comp24995.pdf,SEC,US,false,,2026-03-24T00:56:40Z
SEC-000312,,,litigation_release,sec_litigation_release,LR-24996,SEC Complaint,https://www.sec.gov/files/litigation/complaints/2020/comp24996.pdf,SEC,US,false,,2026-03-24T00:56:40Z
SEC-000313,,,litigation_release,sec_litigation_release,LR-24993,SEC Complaint,https://www.sec.gov/files/litigation/complaints/2020/comp24993.pdf,SEC,US,false,,2026-03-24T00:56:40Z
SEC-000314,,,litigation_release,sec_litigation_release,LR-24991,SEC Complaint,https://www.sec.gov/files/litigation/complaints/2020/comp24991.pdf,SEC,US,false,,2026-03-24T00:56:40Z
SEC-000315,,,litigation_release,sec_litigation_release,LR-24990,SEC Complaint,https://www.sec.gov/files/litigation/complaints/2020/comp24990.pdf,SEC,US,false,,2026-03-24T00:56:40Z
SEC-000316,,,litigation_release,sec_litigation_release,LR-24989,SEC Complaint,https://www.sec.gov/files/litigation/complaints/2020/comp24989.pdf,SEC,US,false,,2026-03-24T00:56:40Z
SEC-000317,,,litigation_release,sec_litigation_release,LR-24987,SEC Complaint,https://www.sec.gov/files/litigation/complaints/2020/comp-pr2020-319.pdf,SEC,US,false,,2026-03-24T00:56:40Z
SEC-000318,,,litigation_release,sec_litigation_release,LR-24985,SEC Complaint,https://www.sec.gov/files/litigation/complaints/2020/comp24985.pdf,SEC,US,false,,2026-03-24T00:56:40Z
SEC-000319,,,litigation_release,sec_litigation_release,LR-24986,SEC Complaint,https://www.sec.gov/files/litigation/complaints/2020/comp24986.pdf,SEC,US,false,,2026-03-24T00:56:40Z
SEC-000320,,,litigation_release,sec_litigation_release,LR-24982,SEC Complaint,https://www.sec.gov/files/litigation/complaints/2020/comp24982.pdf,SEC,US,false,,2026-03-24T00:56:40Z
SEC-000321,,,litigation_release,sec_litigation_release,LR-24981,SEC Complaint,https://www.sec.gov/files/litigation/complaints/2020/comp24981.pdf,SEC,US,false,,2026-03-24T00:56:40Z
SEC-000322,,,litigation_release,sec_litigation_release,LR-24980,SEC Complaint,https://www.sec.gov/files/litigation/complaints/2020/comp24980.pdf,SEC,US,false,,2026-03-24T00:56:40Z
SEC-000323,,,litigation_release,sec_litigation_release,LR-24978,SEC Complaint,https://www.sec.gov/files/litigation/complaints/2020/comp24978.pdf,SEC,US,false,,2026-03-24T00:56:40Z
SEC-000324,,,litigation_release,sec_litigation_release,LR-24977,SEC Complaint,https://www.sec.gov/files/litigation/complaints/2020/comp24977.pdf,SEC,US,false,,2026-03-24T00:56:40Z
SEC-000325,,,litigation_release,sec_litigation_release,LR-24973,SEC Complaint,https://www.sec.gov/files/litigation/complaints/2020/comp24973.pdf,SEC,US,false,,2026-03-24T00:56:40Z
SEC-000326,,,litigation_release,sec_litigation_release,LR-24975,SEC Complaint,https://www.sec.gov/files/litigation/complaints/2020/comp-pr2020-299.pdf,SEC,US,false,,2026-03-24T00:56:40Z
SEC-000327,,,litigation_release,sec_litigation_release,LR-24972,SEC Complaint,https://www.sec.gov/files/litigation/complaints/2020/comp-pr2020-298.pdf,SEC,US,false,,2026-03-24T00:56:40Z
SEC-000328,,,litigation_release,sec_litigation_release,LR-24970,SEC Complaint,https://www.sec.gov/files/litigation/complaints/2020/comp24970.pdf,SEC,US,false,,2026-03-24T00:56:40Z
SEC-000329,,,litigation_release,sec_litigation_release,LR-24969,SEC Complaint,https://www.sec.gov/files/litigation/complaints/2020/comp24969.pdf,SEC,US,false,,2026-03-24T00:56:40Z
SEC-000330,,,litigation_release,sec_litigation_release,LR-24968,SEC Complaint,https://www.sec.gov/files/litigation/complaints/2020/comp-pr2020-291.pdf,SEC,US,false,,2026-03-24T00:56:40Z
SEC-000331,,,litigation_release,sec_litigation_release,LR-24967,SEC Complaint,https://www.sec.gov/files/litigation/complaints/2020/comp24967.pdf,SEC,US,false,,2026-03-24T00:56:40Z
SEC-000332,,,litigation_release,sec_litigation_release,LR-24963,SEC Complaint,https://www.sec.gov/files/litigation/complaints/2020/comp24963.pdf,SEC,US,false,,2026-03-24T00:56:40Z
SEC-000333,,,litigation_release,sec_litigation_release,LR-24964,SEC Complaint,https://www.sec.gov/files/litigation/complaints/2020/comp24964.pdf,SEC,US,false,,2026-03-24T00:56:40Z
SEC-000334,,,litigation_release,sec_litigation_release,LR-24961,SEC Complaint,https://www.sec.gov/files/litigation/complaints/2020/comp24961.pdf,SEC,US,false,,2026-03-24T00:56:40Z
SEC-000335,,,litigation_release,sec_litigation_release,LR-24958,SEC Complaint,https://www.sec.gov/files/litigation/complaints/2020/comp24958.pdf,SEC,US,false,,2026-03-24T00:56:40Z
SEC-000336,,,litigation_release,sec_litigation_release,LR-24954,SEC Complaint,https://www.sec.gov/files/litigation/complaints/2020/comp24954.pdf,SEC,US,false,,2026-03-24T00:56:40Z
SEC-000337,,,litigation_release,sec_litigation_release,LR-24952,SEC Complaint,https://www.sec.gov/files/litigation/complaints/2020/comp24952.pdf,SEC,US,false,,2026-03-24T00:56:40Z
SEC-000338,,,litigation_release,sec_litigation_release,LR-24953,SEC Complaint,https://www.sec.gov/files/litigation/complaints/2020/comp24953.pdf,SEC,US,false,,2026-03-24T00:56:40Z
SEC-000339,,,litigation_release,sec_litigation_release,LR-24949,SEC Complaint,https://www.sec.gov/files/litigation/complaints/2020/comp24949.pdf,SEC,US,false,,2026-03-24T00:56:40Z
SEC-000340,,,litigation_release,sec_litigation_release,LR-24944,SEC Complaint,https://www.sec.gov/files/litigation/complaints/2020/comp24944.pdf,SEC,US,false,,2026-03-24T00:56:40Z
SEC-000341,,,litigation_release,sec_litigation_release,LR-24943,SEC Complaint,https://www.sec.gov/files/litigation/complaints/2020/comp24943.pdf,SEC,US,false,,2026-03-24T00:56:40Z
SEC-000342,,,litigation_release,sec_litigation_release,LR-24942,SEC Complaint,https://www.sec.gov/files/litigation/complaints/2020/comp24942.pdf,SEC,US,false,,2026-03-24T00:56:40Z
SEC-000343,,,litigation_release,sec_litigation_release,LR-24930,SEC Complaint,https://www.sec.gov/files/litigation/complaints/2020/comp24930.pdf,SEC,US,false,,2026-03-24T00:56:40Z
SEC-000344,,,litigation_release,sec_litigation_release,LR-24929,SEC Complaint,https://www.sec.gov/files/litigation/complaints/2020/comp24929.pdf,SEC,US,false,,2026-03-24T00:56:40Z
SEC-000345,,,litigation_release,sec_litigation_release,LR-24940,SEC Complaint,https://www.sec.gov/files/litigation/complaints/2020/comp24940.pdf,SEC,US,false,,2026-03-24T00:56:40Z
SEC-000346,,,litigation_release,sec_litigation_release,LR-24938,SEC Complaint,https://www.sec.gov/files/litigation/complaints/2020/comp24938.pdf,SEC,US,false,,2026-03-24T00:56:40Z
SEC-000347,,,litigation_release,sec_litigation_release,LR-24937,SEC Complaint,https://www.sec.gov/files/litigation/complaints/2020/comp24937.pdf,SEC,US,false,,2026-03-24T00:56:40Z
SEC-000348,,,litigation_release,sec_litigation_release,LR-24935,SEC Complaint,https://www.sec.gov/files/litigation/complaints/2020/comp24935.pdf,SEC,US,false,,2026-03-24T00:56:40Z
SEC-000349,,,litigation_release,sec_litigation_release,LR-24934,SEC Complaint,https://www.sec.gov/files/litigation/complaints/2020/comp24934.pdf,SEC,US,false,,2026-03-24T00:56:40Z
SEC-000350,,,litigation_release,sec_litigation_release,LR-24933,SEC Complaint,https://www.sec.gov/files/litigation/complaints/2020/comp24933.pdf,SEC,US,false,,2026-03-24T00:56:40Z
SEC-000351,,,litigation_release,sec_litigation_release,LR-24932,SEC Complaint,https://www.sec.gov/files/litigation/complaints/2020/comp24932.pdf,SEC,US,false,,2026-03-24T00:56:40Z
SEC-000352,,,litigation_release,sec_litigation_release,LR-24931,SEC Complaint,https://www.sec.gov/files/litigation/complaints/2020/comp24931.pdf,SEC,US,false,,2026-03-24T00:56:40Z
SEC-000353,,,litigation_release,sec_litigation_release,LR-24928,SEC Complaint,https://www.sec.gov/files/litigation/complaints/2020/comp-pr2020-236.pdf,SEC,US,false,,2026-03-24T00:56:40Z
SEC-000354,,,litigation_release,sec_litigation_release,LR-24927,SEC Complaint,https://www.sec.gov/files/litigation/complaints/2020/comp24927.pdf,SEC,US,false,,2026-03-24T00:56:40Z
SEC-000355,,,litigation_release,sec_litigation_release,LR-24926,SEC Complaint,https://www.sec.gov/files/litigation/complaints/2020/comp24926.pdf,SEC,US,false,,2026-03-24T00:56:40Z
SEC-000356,,,litigation_release,sec_litigation_release,LR-24925,SEC Complaint,https://www.sec.gov/files/litigation/complaints/2020/comp24925.pdf,SEC,US,false,,2026-03-24T00:56:40Z
SEC-000357,,,litigation_release,sec_litigation_release,LR-24920,SEC Complaint,https://www.sec.gov/files/litigation/complaints/2020/comp24920.pdf,SEC,US,false,,2026-03-24T00:56:40Z
SEC-000358,,,litigation_release,sec_litigation_release,LR-24924,SEC Complaint,https://www.sec.gov/files/litigation/complaints/2020/comp24924.pdf,SEC,US,false,,2026-03-24T00:56:40Z
SEC-000359,,,litigation_release,sec_litigation_release,LR-24923,SEC Complaint,https://www.sec.gov/files/litigation/complaints/2020/comp24923.pdf,SEC,US,false,,2026-03-24T00:56:40Z
SEC-000360,,,litigation_release,sec_litigation_release,LR-24922,SEC Complaint,https://www.sec.gov/files/litigation/complaints/2020/comp24922.pdf,SEC,US,false,,2026-03-24T00:56:40Z
SEC-000361,,,litigation_release,sec_litigation_release,LR-24919,SEC Complaint,https://www.sec.gov/files/litigation/complaints/2020/comp24919.pdf,SEC,US,false,,2026-03-24T00:56:40Z
SEC-000362,,,litigation_release,sec_litigation_release,LR-24917,SEC Complaint,https://www.sec.gov/files/litigation/complaints/2020/comp24917.pdf,SEC,US,false,,2026-03-24T00:56:40Z
SEC-000363,,,litigation_release,sec_litigation_release,LR-24916,SEC Complaint,https://www.sec.gov/files/litigation/complaints/2020/comp24916.pdf,SEC,US,false,,2026-03-24T00:56:40Z
SEC-000364,,,litigation_release,sec_litigation_release,LR-24915,SEC Complaint,https://www.sec.gov/files/litigation/complaints/2020/comp-pr2020-221.pdf,SEC,US,false,,2026-03-24T00:56:40Z
SEC-000365,,,litigation_release,sec_litigation_release,LR-24914,SEC Complaint,https://www.sec.gov/files/litigation/complaints/2020/comp24914.pdf,SEC,US,false,,2026-03-24T00:56:40Z
SEC-000366,,,litigation_release,sec_litigation_release,LR-24913,SEC Complaint,https://www.sec.gov/files/litigation/complaints/2020/comp24913.pdf,SEC,US,false,,2026-03-24T00:56:40Z
SEC-000367,,,litigation_release,sec_litigation_release,LR-24912,SEC Complaint,https://www.sec.gov/files/litigation/complaints/2020/comp24912.pdf,SEC,US,false,,2026-03-24T00:56:40Z
SEC-000368,,,litigation_release,sec_litigation_release,LR-24911,SEC Complaint,https://www.sec.gov/files/litigation/complaints/2020/comp24911.pdf,SEC,US,false,,2026-03-24T00:56:40Z
SEC-000369,,,litigation_release,sec_litigation_release,LR-24909,SEC Complaint,https://www.sec.gov/files/litigation/complaints/2020/comp-pr2020-217.pdf,SEC,US,false,,2026-03-24T00:56:40Z
SEC-000370,,,litigation_release,sec_litigation_release,LR-24910,SEC Complaint,https://www.sec.gov/files/litigation/complaints/2020/comp24910.pdf,SEC,US,false,,2026-03-24T00:56:40Z
SEC-000371,,,litigation_release,sec_litigation_release,LR-24908,SEC Complaint,https://www.sec.gov/files/litigation/complaints/2020/comp24908.pdf,SEC,US,false,,2026-03-24T00:56:40Z
SEC-000372,,,litigation_release,sec_litigation_release,LR-24907,SEC Complaint,https://www.sec.gov/files/litigation/complaints/2020/comp24907.pdf,SEC,US,false,,2026-03-24T00:56:40Z
SEC-000373,,,litigation_release,sec_litigation_release,LR-24905,SEC Complaint,https://www.sec.gov/files/litigation/complaints/2020/comp24905.pdf,SEC,US,false,,2026-03-24T00:56:40Z
SEC-000374,,,litigation_release,sec_litigation_release,LR-24903,SEC Complaint,https://www.sec.gov/files/litigation/complaints/2020/comp24903.pdf,SEC,US,false,,2026-03-24T00:56:40Z
SEC-000375,,,litigation_release,sec_litigation_release,LR-25297,SEC Complaint,https://www.sec.gov/files/litigation/complaints/2021/comp25297.pdf,SEC,US,false,,2026-03-24T00:56:40Z
SEC-000376,,,litigation_release,sec_litigation_release,LR-25296,SEC Complaint,https://www.sec.gov/files/litigation/complaints/2021/comp25296.pdf,SEC,US,false,,2026-03-24T00:56:40Z
SEC-000377,,,litigation_release,sec_litigation_release,LR-25295,SEC Complaint,https://www.sec.gov/files/litigation/complaints/2021/comp-pr2021-265.pdf,SEC,US,false,,2026-03-24T00:56:40Z
SEC-000378,,,litigation_release,sec_litigation_release,LR-25293,SEC Complaint,https://www.sec.gov/files/litigation/complaints/2021/comp25293.pdf,SEC,US,false,,2026-03-24T00:56:40Z
SEC-000379,,,litigation_release,sec_litigation_release,LR-25292,SEC Complaint,https://www.sec.gov/files/litigation/complaints/2021/comp25292.pdf,SEC,US,false,,2026-03-24T00:56:40Z
SEC-000380,,,litigation_release,sec_litigation_release,LR-25291,SEC Complaint,https://www.sec.gov/files/litigation/complaints/2021/comp-pr2021-264.pdf,SEC,US,false,,2026-03-24T00:56:40Z
SEC-000381,,,litigation_release,sec_litigation_release,LR-25290,SEC Complaint,https://www.sec.gov/files/litigation/complaints/2021/comp25290.pdf,SEC,US,false,,2026-03-24T00:56:40Z
SEC-000382,,,litigation_release,sec_litigation_release,LR-25288,SEC Complaint,https://www.sec.gov/files/litigation/complaints/2021/comp25288.pdf,SEC,US,false,,2026-03-24T00:56:40Z
SEC-000383,,,litigation_release,sec_litigation_release,LR-25287,SEC Complaint,https://www.sec.gov/files/litigation/complaints/2021/comp25287.pdf,SEC,US,false,,2026-03-24T00:56:40Z
SEC-000384,,,litigation_release,sec_litigation_release,LR-25285,SEC Complaint,https://www.sec.gov/files/litigation/complaints/2021/comp25285.pdf,SEC,US,false,,2026-03-24T00:56:40Z
SEC-000385,,,litigation_release,sec_litigation_release,LR-25284,SEC Complaint,https://www.sec.gov/files/litigation/complaints/2021/comp25284.pdf,SEC,US,false,,2026-03-24T00:56:40Z
SEC-000386,,,litigation_release,sec_litigation_release,LR-25282,SEC Complaint,https://www.sec.gov/files/litigation/complaints/2021/comp-pr2021-252.pdf,SEC,US,false,,2026-03-24T00:56:40Z
SEC-000387,,,litigation_release,sec_litigation_release,LR-25277,SEC Complaint,https://www.sec.gov/files/litigation/complaints/2021/comp25277.pdf,SEC,US,false,,2026-03-24T00:56:40Z
SEC-000388,,,litigation_release,sec_litigation_release,LR-25281,SEC Complaint,https://www.sec.gov/files/litigation/complaints/2021/comp25281.pdf,SEC,US,false,,2026-03-24T00:56:40Z
SEC-000389,,,litigation_release,sec_litigation_release,LR-25276,SEC Complaint,https://www.sec.gov/files/litigation/complaints/2021/comp25276.pdf,SEC,US,false,,2026-03-24T00:56:40Z
SEC-000390,,,litigation_release,sec_litigation_release,LR-25275,SEC Complaint,https://www.sec.gov/files/litigation/complaints/2021/comp25275.pdf,SEC,US,false,,2026-03-24T00:56:40Z
SEC-000391,,,litigation_release,sec_litigation_release,LR-25274,SEC Complaint,https://www.sec.gov/files/litigation/complaints/2021/comp25274.pdf,SEC,US,false,,2026-03-24T00:56:40Z
SEC-000392,,,litigation_release,sec_litigation_release,LR-25271,SEC Complaint,https://www.sec.gov/files/litigation/complaints/2021/comp-pr2021-237.pdf,SEC,US,false,,2026-03-24T00:56:40Z
SEC-000393,,,litigation_release,sec_litigation_release,LR-25270,SEC Complaint,https://www.sec.gov/files/litigation/complaints/2021/comp25270.pdf,SEC,US,false,,2026-03-24T00:56:40Z
SEC-000394,,,litigation_release,sec_litigation_release,LR-25268,SEC Complaint,https://www.sec.gov/files/litigation/complaints/2021/comp25268.pdf,SEC,US,false,,2026-03-24T00:56:40Z
SEC-000395,,,litigation_release,sec_litigation_release,LR-25266,SEC Complaint,https://www.sec.gov/files/litigation/complaints/2021/comp25266.pdf,SEC,US,false,,2026-03-24T00:56:40Z
SEC-000396,,,litigation_release,sec_litigation_release,LR-25265,SEC Complaint,https://www.sec.gov/files/litigation/complaints/2021/comp25265.pdf,SEC,US,false,,2026-03-24T00:56:40Z
SEC-000397,,,litigation_release,sec_litigation_release,LR-25263,SEC Complaint,https://www.sec.gov/files/litigation/complaints/2021/comp25263.pdf,SEC,US,false,,2026-03-24T00:56:40Z
SEC-000398,,,litigation_release,sec_litigation_release,LR-25260,SEC Complaint,https://www.sec.gov/files/litigation/complaints/2021/comp25260.pdf,SEC,US,false,,2026-03-24T00:56:40Z
SEC-000399,,,litigation_release,sec_litigation_release,LR-25255,SEC Complaint,https://www.sec.gov/files/litigation/complaints/2021/comp25255.pdf,SEC,US,false,,2026-03-24T00:56:40Z
SEC-000400,,,litigation_release,sec_litigation_release,LR-25257,SEC Complaint,https://www.sec.gov/files/litigation/complaints/2021/comp25257.pdf,SEC,US,false,,2026-03-24T00:56:40Z
SEC-000401,,,litigation_release,sec_litigation_release,LR-25254,SEC Complaint,https://www.sec.gov/files/litigation/complaints/2021/comp25254.pdf,SEC,US,false,,2026-03-24T00:56:40Z
SEC-000402,,,litigation_release,sec_litigation_release,LR-25253,SEC Complaint,https://www.sec.gov/files/litigation/complaints/2021/comp25253.pdf,SEC,US,false,,2026-03-24T00:56:40Z
SEC-000403,,,litigation_release,sec_litigation_release,LR-25252,SEC Complaint,https://www.sec.gov/files/litigation/complaints/2021/comp25252.pdf,SEC,US,false,,2026-03-24T00:56:40Z
SEC-000404,,,litigation_release,sec_litigation_release,LR-25251,SEC Complaint,https://www.sec.gov/files/litigation/complaints/2021/comp25251.pdf,SEC,US,false,,2026-03-24T00:56:40Z
SEC-000405,,,litigation_release,sec_litigation_release,LR-25250,SEC Complaint,https://www.sec.gov/files/litigation/complaints/2021/comp25250.pdf,SEC,US,false,,2026-03-24T00:56:40Z
SEC-000406,,,litigation_release,sec_litigation_release,LR-25249,SEC Complaint,https://www.sec.gov/files/litigation/complaints/2021/comp25249.pdf,SEC,US,false,,2026-03-24T00:56:40Z
SEC-000407,,,litigation_release,sec_litigation_release,LR-25248,SEC Complaint,https://www.sec.gov/files/litigation/complaints/2021/comp25248.pdf,SEC,US,false,,2026-03-24T00:56:40Z
SEC-000408,,,litigation_release,sec_litigation_release,LR-25246,SEC Complaint,https://www.sec.gov/files/litigation/complaints/2021/comp25246.pdf,SEC,US,false,,2026-03-24T00:56:40Z
SEC-000409,,,litigation_release,sec_litigation_release,LR-25245,SEC Complaint,https://www.sec.gov/files/litigation/complaints/2021/comp25245.pdf,SEC,US,false,,2026-03-24T00:56:40Z
SEC-000410,,,litigation_release,sec_litigation_release,LR-25244,SEC Complaint,https://www.sec.gov/files/litigation/complaints/2021/comp25244.pdf,SEC,US,false,,2026-03-24T00:56:40Z
SEC-000411,,,litigation_release,sec_litigation_release,LR-25241,SEC Complaint,https://www.sec.gov/files/litigation/complaints/2021/comp25241.pdf,SEC,US,false,,2026-03-24T00:56:40Z
SEC-000412,,,litigation_release,sec_litigation_release,LR-25240,SEC Complaint,https://www.sec.gov/files/litigation/complaints/2021/comp-pr2021-208.pdf,SEC,US,false,,2026-03-24T00:56:40Z
SEC-000413,,,litigation_release,sec_litigation_release,LR-25239,SEC Complaint,https://www.sec.gov/files/litigation/complaints/2021/comp-pr2021-205.pdf,SEC,US,false,,2026-03-24T00:56:40Z
SEC-000414,,,litigation_release,sec_litigation_release,LR-25238,SEC Complaint,https://www.sec.gov/files/litigation/complaints/2021/comp25238.pdf,SEC,US,false,,2026-03-24T00:56:40Z
SEC-000415,,,litigation_release,sec_litigation_release,LR-25237,SEC Complaint,https://www.sec.gov/files/litigation/complaints/2021/comp25237.pdf,SEC,US,false,,2026-03-24T00:56:40Z
SEC-000416,,,litigation_release,sec_litigation_release,LR-25235,SEC Complaint,https://www.sec.gov/files/litigation/complaints/2021/comp25235.pdf,SEC,US,false,,2026-03-24T00:56:40Z
SEC-000417,,,litigation_release,sec_litigation_release,LR-25236,SEC Complaint,https://www.sec.gov/files/litigation/complaints/2021/comp25236.pdf,SEC,US,false,,2026-03-24T00:56:40Z
SEC-000418,,,litigation_release,sec_litigation_release,LR-25234,SEC Complaint,https://www.sec.gov/files/litigation/complaints/2021/comp25234.pdf,SEC,US,false,,2026-03-24T00:56:40Z
SEC-000419,,,litigation_release,sec_litigation_release,LR-25233,SEC Complaint,https://www.sec.gov/files/litigation/complaints/2021/comp25233.pdf,SEC,US,false,,2026-03-24T00:56:40Z
SEC-000420,,,litigation_release,sec_litigation_release,LR-25232,SEC Complaint,https://www.sec.gov/files/litigation/complaints/2021/comp25232.pdf,SEC,US,false,,2026-03-24T00:56:40Z
SEC-000421,,,litigation_release,sec_litigation_release,LR-25231,SEC Complaint,https://www.sec.gov/files/litigation/complaints/2021/comp25231.pdf,SEC,US,false,,2026-03-24T00:56:40Z
SEC-000422,,,litigation_release,sec_litigation_release,LR-25230,SEC Complaint,https://www.sec.gov/files/litigation/complaints/2021/comp-pr2021-200.pdf,SEC,US,false,,2026-03-24T00:56:40Z
SEC-000423,,,litigation_release,sec_litigation_release,LR-25229,SEC Complaint,https://www.sec.gov/files/litigation/complaints/2021/comp25229.pdf,SEC,US,false,,2026-03-24T00:56:40Z
SEC-000424,,,litigation_release,sec_litigation_release,LR-25223,SEC Complaint,https://www.sec.gov/files/litigation/complaints/2021/comp25223.pdf,SEC,US,false,,2026-03-24T00:56:40Z
SEC-000425,,,litigation_release,sec_litigation_release,LR-25228,SEC Complaint,https://www.sec.gov/files/litigation/complaints/2021/comp25228.pdf,SEC,US,false,,2026-03-24T00:56:40Z
SEC-000426,,,litigation_release,sec_litigation_release,LR-25227,SEC Complaint,https://www.sec.gov/files/litigation/complaints/2021/comp25227.pdf,SEC,US,false,,2026-03-24T00:56:40Z
SEC-000427,,,litigation_release,sec_litigation_release,LR-25225,SEC Complaint,https://www.sec.gov/files/litigation/complaints/2021/comp25225.pdf,SEC,US,false,,2026-03-24T00:56:40Z
SEC-000428,,,litigation_release,sec_litigation_release,LR-25224,SEC Complaint,https://www.sec.gov/files/litigation/complaints/2021/comp-pr2021-195.pdf,SEC,US,false,,2026-03-24T00:56:40Z
SEC-000429,,,litigation_release,sec_litigation_release,LR-25222,SEC Complaint,https://www.sec.gov/files/litigation/complaints/2021/comp25222.pdf,SEC,US,false,,2026-03-24T00:56:40Z
SEC-000430,,,litigation_release,sec_litigation_release,LR-25220,SEC Complaint,https://www.sec.gov/files/litigation/complaints/2021/comp25220.pdf,SEC,US,false,,2026-03-24T00:56:40Z
SEC-000431,,,litigation_release,sec_litigation_release,LR-25219,SEC Complaint,https://www.sec.gov/files/litigation/complaints/2021/comp25219.pdf,SEC,US,false,,2026-03-24T00:56:40Z
SEC-000432,,,litigation_release,sec_litigation_release,LR-25218,SEC Complaint,https://www.sec.gov/files/litigation/complaints/2021/comp25218.pdf,SEC,US,false,,2026-03-24T00:56:40Z
SEC-000433,,,litigation_release,sec_litigation_release,LR-25217,SEC Complaint,https://www.sec.gov/files/litigation/complaints/2021/comp25217.pdf,SEC,US,false,,2026-03-24T00:56:40Z
SEC-000434,,,litigation_release,sec_litigation_release,LR-25216,SEC Complaint,https://www.sec.gov/files/litigation/complaints/2021/comp25216.pdf,SEC,US,false,,2026-03-24T00:56:40Z
SEC-000435,,,litigation_release,sec_litigation_release,LR-25215,SEC Complaint,https://www.sec.gov/files/litigation/complaints/2021/comp25215.pdf,SEC,US,false,,2026-03-24T00:56:40Z
SEC-000436,,,litigation_release,sec_litigation_release,LR-25214,SEC Complaint,https://www.sec.gov/files/litigation/complaints/2021/comp25214.pdf,SEC,US,false,,2026-03-24T00:56:40Z
SEC-000437,,,litigation_release,sec_litigation_release,LR-25211,SEC Complaint,https://www.sec.gov/files/litigation/complaints/2021/comp25211.pdf,SEC,US,false,,2026-03-24T00:56:40Z
SEC-000438,,,litigation_release,sec_litigation_release,LR-25210,SEC Complaint,https://www.sec.gov/files/litigation/complaints/2021/comp25210.pdf,SEC,US,false,,2026-03-24T00:56:40Z
SEC-000439,,,litigation_release,sec_litigation_release,LR-25209,SEC Complaint,https://www.sec.gov/files/litigation/complaints/2021/comp25209.pdf,SEC,US,false,,2026-03-24T00:56:40Z
SEC-000440,,,litigation_release,sec_litigation_release,LR-25207,SEC Complaint,https://www.sec.gov/files/litigation/complaints/2021/comp25207.pdf,SEC,US,false,,2026-03-24T00:56:40Z
SEC-000441,,,litigation_release,sec_litigation_release,LR-25206,SEC Complaint,https://www.sec.gov/files/litigation/complaints/2021/comp25206.pdf,SEC,US,false,,2026-03-24T00:56:40Z
SEC-000442,,,litigation_release,sec_litigation_release,LR-25205,SEC Complaint,https://www.sec.gov/files/litigation/complaints/2021/comp25205.pdf,SEC,US,false,,2026-03-24T00:56:40Z
SEC-000443,,,litigation_release,sec_litigation_release,LR-25203,SEC Complaint,https://www.sec.gov/files/litigation/complaints/2021/comp25203.pdf,SEC,US,false,,2026-03-24T00:56:40Z
SEC-000444,,,litigation_release,sec_litigation_release,LR-25199,SEC Complaint,https://www.sec.gov/files/litigation/complaints/2021/comp25199.pdf,SEC,US,false,,2026-03-24T00:56:40Z
SEC-000445,,,litigation_release,sec_litigation_release,LR-25198,SEC Complaint,https://www.sec.gov/files/litigation/complaints/2021/comp25198.pdf,SEC,US,false,,2026-03-24T00:56:40Z
SEC-000446,,,litigation_release,sec_litigation_release,LR-25595,SEC Complaint,https://www.sec.gov/files/litigation/complaints/2022/comp25595.pdf,SEC,US,false,,2026-03-24T00:56:40Z
SEC-000447,,,litigation_release,sec_litigation_release,LR-25596,SEC Complaint,https://www.sec.gov/files/litigation/complaints/2022/comp-pr2022-232.pdf,SEC,US,false,,2026-03-24T00:56:40Z
SEC-000448,,,litigation_release,sec_litigation_release,LR-25597,SEC Complaint,https://www.sec.gov/files/litigation/complaints/2022/comp25597.pdf,SEC,US,false,,2026-03-24T00:56:40Z
SEC-000449,,,litigation_release,sec_litigation_release,LR-25594,SEC Complaint,https://www.sec.gov/files/litigation/complaints/2022/comp25594.pdf,SEC,US,false,,2026-03-24T00:56:40Z
SEC-000450,,,litigation_release,sec_litigation_release,LR-25593,SEC Complaint,https://www.sec.gov/files/litigation/complaints/2022/comp25593.pdf,SEC,US,false,,2026-03-24T00:56:40Z
SEC-000451,,,litigation_release,sec_litigation_release,LR-25592,SEC Complaint,https://www.sec.gov/files/litigation/complaints/2022/comp25592.pdf,SEC,US,false,,2026-03-24T00:56:40Z
SEC-000452,,,litigation_release,sec_litigation_release,LR-25590,SEC Complaint,https://www.sec.gov/files/litigation/complaints/2022/comp25590.pdf,SEC,US,false,,2026-03-24T00:56:40Z
SEC-000453,,,litigation_release,sec_litigation_release,LR-25588,SEC Complaint,https://www.sec.gov/files/litigation/complaints/2022/comp25588.pdf,SEC,US,false,,2026-03-24T00:56:40Z
SEC-000454,,,litigation_release,sec_litigation_release,LR-25589,SEC Complaint,https://www.sec.gov/files/litigation/complaints/2022/comp25589.pdf,SEC,US,false,,2026-03-24T00:56:40Z
SEC-000455,,,litigation_release,sec_litigation_release,LR-25587,SEC Complaint,https://www.sec.gov/files/litigation/complaints/2022/comp25587.pdf,SEC,US,false,,2026-03-24T00:56:40Z
SEC-000456,,,litigation_release,sec_litigation_release,LR-25586,SEC Complaint,https://www.sec.gov/files/litigation/complaints/2022/comp25586.pdf,SEC,US,false,,2026-03-24T00:56:40Z
SEC-000457,,,litigation_release,sec_litigation_release,LR-25583,SEC Complaint,https://www.sec.gov/files/litigation/complaints/2022/comp25583.pdf,SEC,US,false,,2026-03-24T00:56:40Z
SEC-000458,,,litigation_release,sec_litigation_release,LR-25584,SEC Complaint,https://www.sec.gov/files/litigation/complaints/2022/comp25584.pdf,SEC,US,false,,2026-03-24T00:56:40Z
SEC-000459,,,litigation_release,sec_litigation_release,LR-25579,SEC Complaint,https://www.sec.gov/files/litigation/complaints/2022/comp-pr2002-207.pdf,SEC,US,false,,2026-03-24T00:56:40Z
SEC-000460,,,litigation_release,sec_litigation_release,LR-25577,SEC Complaint,https://www.sec.gov/files/litigation/complaints/2022/comp25577.pdf,SEC,US,false,,2026-03-24T00:56:40Z
SEC-000461,,,litigation_release,sec_litigation_release,LR-25575,SEC Complaint,https://www.sec.gov/files/litigation/complaints/2022/comp25575.pdf,SEC,US,false,,2026-03-24T00:56:40Z
SEC-000462,,,litigation_release,sec_litigation_release,LR-25576,SEC Complaint,https://www.sec.gov/files/litigation/complaints/2022/comp25576.pdf,SEC,US,false,,2026-03-24T00:56:40Z
SEC-000463,,,litigation_release,sec_litigation_release,LR-25569,SEC Complaint,https://www.sec.gov/files/litigation/complaints/2022/comp25569.pdf,SEC,US,false,,2026-03-24T00:56:40Z
SEC-000464,,,litigation_release,sec_litigation_release,LR-25567,SEC Complaint,https://www.sec.gov/files/litigation/complaints/2022/comp-pr2022-197.pdf,SEC,US,false,,2026-03-24T00:56:40Z
SEC-000465,,,litigation_release,sec_litigation_release,LR-25565,SEC Complaint,https://www.sec.gov/files/litigation/complaints/2022/comp25565.pdf,SEC,US,false,,2026-03-24T00:56:40Z
SEC-000466,,,litigation_release,sec_litigation_release,LR-25564,SEC Complaint,https://www.sec.gov/files/litigation/complaints/2022/comp25564.pdf,SEC,US,false,,2026-03-24T00:56:40Z
SEC-000467,,,litigation_release,sec_litigation_release,LR-25560,SEC Complaint,https://www.sec.gov/files/litigation/complaints/2022/comp25560.pdf,SEC,US,false,,2026-03-24T00:56:40Z
SEC-000468,,,litigation_release,sec_litigation_release,LR-25562,SEC Complaint,https://www.sec.gov/files/litigation/complaints/2022/comp25562.pdf,SEC,US,false,,2026-03-24T00:56:40Z
SEC-000469,,,litigation_release,sec_litigation_release,LR-25559,SEC Complaint,https://www.sec.gov/files/litigation/complaints/2022/comp25559.pdf,SEC,US,false,,2026-03-24T00:56:40Z
SEC-000470,,,litigation_release,sec_litigation_release,LR-25558,SEC Complaint,https://www.sec.gov/files/litigation/complaints/2022/comp-pr2022-188.pdf,SEC,US,false,,2026-03-24T00:56:40Z
SEC-000471,,,litigation_release,sec_litigation_release,LR-25552,SEC Complaint,https://www.sec.gov/files/litigation/complaints/2022/comp-pr2022-178.pdf,SEC,US,false,,2026-03-24T00:56:40Z
SEC-000472,,,litigation_release,sec_litigation_release,LR-25553,SEC Complaint,https://www.sec.gov/files/litigation/complaints/2022/comp25553.pdf,SEC,US,false,,2026-03-24T00:56:40Z
SEC-000473,,,litigation_release,sec_litigation_release,LR-25550,SEC Complaint,https://www.sec.gov/files/litigation/complaints/2022/comp25550.pdf,SEC,US,false,,2026-03-24T00:56:40Z
SEC-000474,,,litigation_release,sec_litigation_release,LR-25547,SEC Complaint,https://www.sec.gov/files/litigation/complaints/2022/comp25547.pdf,SEC,US,false,,2026-03-24T00:56:40Z
SEC-000475,,,litigation_release,sec_litigation_release,LR-25548,SEC Complaint,https://www.sec.gov/files/litigation/complaints/2022/comp-pr2022-181.pdf,SEC,US,false,,2026-03-24T00:56:40Z
SEC-000476,,,litigation_release,sec_litigation_release,LR-25539,SEC Complaint,https://www.sec.gov/files/litigation/complaints/2022/comp25539.pdf,SEC,US,false,,2026-03-24T00:56:40Z
SEC-000477,,,litigation_release,sec_litigation_release,LR-25540,SEC Complaint,https://www.sec.gov/files/litigation/complaints/2022/comp25540.pdf,SEC,US,false,,2026-03-24T00:56:40Z
SEC-000478,,,litigation_release,sec_litigation_release,LR-25541,SEC Complaint,https://www.sec.gov/files/litigation/complaints/2022/comp-pr2022-182.pdf,SEC,US,false,,2026-03-24T00:56:40Z
SEC-000479,,,litigation_release,sec_litigation_release,LR-25537,SEC Complaint,https://www.sec.gov/files/litigation/complaints/2022/comp25537.pdf,SEC,US,false,,2026-03-24T00:56:40Z
SEC-000480,,,litigation_release,sec_litigation_release,LR-25538,SEC Complaint,https://www.sec.gov/files/litigation/complaints/2022/comp25538.pdf,SEC,US,false,,2026-03-24T00:56:40Z
SEC-000481,,,litigation_release,sec_litigation_release,LR-25542,SEC Complaint,https://www.sec.gov/files/litigation/complaints/2022/comp25542.pdf,SEC,US,false,,2026-03-24T00:56:40Z
SEC-000482,,,litigation_release,sec_litigation_release,LR-25543,SEC Complaint,https://www.sec.gov/files/litigation/complaints/2022/comp25543.pdf,SEC,US,false,,2026-03-24T00:56:40Z
SEC-000483,,,litigation_release,sec_litigation_release,LR-25544,SEC Complaint,https://www.sec.gov/files/litigation/complaints/2022/comp25544.pdf,SEC,US,false,,2026-03-24T00:56:40Z
SEC-000484,,,litigation_release,sec_litigation_release,LR-25546,SEC Complaint,https://www.sec.gov/files/litigation/complaints/2022/comp25546.pdf,SEC,US,false,,2026-03-24T00:56:40Z
SEC-000485,,,litigation_release,sec_litigation_release,LR-25535,SEC Complaint,https://www.sec.gov/files/litigation/complaints/2022/comp25535.pdf,SEC,US,false,,2026-03-24T00:56:40Z
SEC-000486,,,litigation_release,sec_litigation_release,LR-25536,SEC Complaint,https://www.sec.gov/files/litigation/complaints/2022/comp25536.pdf,SEC,US,false,,2026-03-24T00:56:40Z
SEC-000487,,,litigation_release,sec_litigation_release,LR-25531,SEC Complaint,https://www.sec.gov/files/litigation/complaints/2022/comp25531.pdf,SEC,US,false,,2026-03-24T00:56:40Z
SEC-000488,,,litigation_release,sec_litigation_release,LR-25533,SEC Complaint,https://www.sec.gov/files/litigation/complaints/2022/comp25533.pdf,SEC,US,false,,2026-03-24T00:56:40Z
SEC-000489,,,litigation_release,sec_litigation_release,LR-25528,SEC Complaint,https://www.sec.gov/files/litigation/complaints/2022/comp25528.pdf,SEC,US,false,,2026-03-24T00:56:40Z
SEC-000490,,,litigation_release,sec_litigation_release,LR-25524,SEC Complaint,https://www.sec.gov/files/litigation/complaints/2022/comp25524.pdf,SEC,US,false,,2026-03-24T00:56:40Z
SEC-000491,,,litigation_release,sec_litigation_release,LR-25525,SEC Complaint,https://www.sec.gov/files/litigation/complaints/2022/comp25525.pdf,SEC,US,false,,2026-03-24T00:56:40Z
SEC-000492,,,litigation_release,sec_litigation_release,LR-25526,SEC Complaint,https://www.sec.gov/files/litigation/complaints/2022/comp25526.pdf,SEC,US,false,,2026-03-24T00:56:40Z
SEC-000493,,,litigation_release,sec_litigation_release,LR-25522,SEC Complaint,https://www.sec.gov/files/litigation/complaints/2022/comp25522.pdf,SEC,US,false,,2026-03-24T00:56:40Z
SEC-000494,,,litigation_release,sec_litigation_release,LR-25523,SEC Complaint,https://www.sec.gov/files/litigation/complaints/2022/comp25523.pdf,SEC,US,false,,2026-03-24T00:56:40Z
SEC-000495,,,litigation_release,sec_litigation_release,LR-25521,SEC Complaint,https://www.sec.gov/files/litigation/complaints/2022/comp25521.pdf,SEC,US,false,,2026-03-24T00:56:40Z
SEC-000496,,,litigation_release,sec_litigation_release,LR-25517,SEC Complaint,https://www.sec.gov/files/litigation/complaints/2022/comp25517.pdf,SEC,US,false,,2026-03-24T00:56:40Z
SEC-000497,,,litigation_release,sec_litigation_release,LR-25518,SEC Complaint,https://www.sec.gov/files/litigation/complaints/2022/comp25518.pdf,SEC,US,false,,2026-03-24T00:56:40Z
SEC-000498,,,litigation_release,sec_litigation_release,LR-25519,SEC Complaint,https://www.sec.gov/files/litigation/complaints/2022/comp25519.pdf,SEC,US,false,,2026-03-24T00:56:40Z
SEC-000499,,,litigation_release,sec_litigation_release,LR-25520,SEC Complaint,https://www.sec.gov/files/litigation/complaints/2022/comp25520.pdf,SEC,US,false,,2026-03-24T00:56:40Z
SEC-000500,,,litigation_release,sec_litigation_release,LR-25515,SEC Complaint,https://www.sec.gov/files/litigation/complaints/2022/comp25515.pdf,SEC,US,false,,2026-03-24T00:56:40Z
SEC-000501,,,litigation_release,sec_litigation_release,LR-25516,SEC Complaint,https://www.sec.gov/files/litigation/complaints/2022/comp25516.pdf,SEC,US,false,,2026-03-24T00:56:40Z
SEC-000502,,,litigation_release,sec_litigation_release,LR-25513,SEC Complaint,https://www.sec.gov/files/litigation/complaints/2022/comp25513.pdf,SEC,US,false,,2026-03-24T00:56:40Z
SEC-000503,,,litigation_release,sec_litigation_release,LR-25514,SEC Complaint,https://www.sec.gov/files/litigation/complaints/2022/comp25514.pdf,SEC,US,false,,2026-03-24T00:56:40Z
SEC-000504,,,litigation_release,sec_litigation_release,LR-25512,SEC Complaint,https://www.sec.gov/files/litigation/complaints/2022/comp25512.pdf,SEC,US,false,,2026-03-24T00:56:40Z
SEC-000505,,,litigation_release,sec_litigation_release,LR-25508,SEC Complaint,https://www.sec.gov/files/litigation/complaints/2022/comp25508.pdf,SEC,US,false,,2026-03-24T00:56:40Z
SEC-000506,,,litigation_release,sec_litigation_release,LR-25509,SEC Complaint,https://www.sec.gov/files/litigation/complaints/2022/comp25509.pdf,SEC,US,false,,2026-03-24T00:56:40Z
SEC-000507,,,litigation_release,sec_litigation_release,LR-25506,SEC Complaint,https://www.sec.gov/files/litigation/complaints/2022/comp25506.pdf,SEC,US,false,,2026-03-24T00:56:40Z
SEC-000508,,,litigation_release,sec_litigation_release,LR-25502,SEC Complaint,https://www.sec.gov/files/litigation/complaints/2022/comp25502.pdf,SEC,US,false,,2026-03-24T00:56:40Z
SEC-000509,,,litigation_release,sec_litigation_release,LR-25503,SEC Complaint,https://www.sec.gov/files/litigation/complaints/2022/comp25503.pdf,SEC,US,false,,2026-03-24T00:56:40Z
SEC-000510,,,litigation_release,sec_litigation_release,LR-25918,SEC Complaint,https://www.sec.gov/files/litigation/complaints/2023/comp25918.pdf,SEC,US,false,,2026-03-24T00:56:40Z
SEC-000511,,,litigation_release,sec_litigation_release,LR-25917,SEC Complaint,https://www.sec.gov/files/litigation/complaints/2023/comp25917.pdf,SEC,US,false,,2026-03-24T00:56:40Z
SEC-000512,,,litigation_release,sec_litigation_release,LR-25916,SEC Complaint,https://www.sec.gov/files/litigation/complaints/2023/comp-pr2023-255.pdf,SEC,US,false,,2026-03-24T00:56:40Z
SEC-000513,,,litigation_release,sec_litigation_release,LR-25915,SEC Complaint,https://www.sec.gov/files/litigation/complaints/2023/comp25913.pdf,SEC,US,false,,2026-03-24T00:56:40Z
SEC-000514,,,litigation_release,sec_litigation_release,LR-25914,SEC Complaint,https://www.sec.gov/files/litigation/complaints/2023/comp-pr2023-250.pdf,SEC,US,false,,2026-03-24T00:56:40Z
SEC-000515,,,litigation_release,sec_litigation_release,LR-25912,SEC Complaint,https://www.sec.gov/files/litigation/complaints/2023/comp-pr2023-251.pdf,SEC,US,false,,2026-03-24T00:56:40Z
SEC-000516,,,litigation_release,sec_litigation_release,LR-25911,SEC Complaint,https://www.sec.gov/files/litigation/complaints/2023/comp25911.pdf,SEC,US,false,,2026-03-24T00:56:40Z
SEC-000517,,,litigation_release,sec_litigation_release,LR-25908,SEC Complaint,https://www.sec.gov/files/litigation/complaints/2023/comp25908.pdf,SEC,US,false,,2026-03-24T00:56:40Z
SEC-000518,,,litigation_release,sec_litigation_release,LR-25907,SEC Complaint,https://www.sec.gov/files/litigation/complaints/2023/comp-pr2023-245.pdf,SEC,US,false,,2026-03-24T00:56:40Z
SEC-000519,,,litigation_release,sec_litigation_release,LR-25906,SEC Complaint,https://www.sec.gov/files/litigation/complaints/2023/comp25906.pdf,SEC,US,false,,2026-03-24T00:56:40Z
SEC-000520,,,litigation_release,sec_litigation_release,LR-25904,SEC Complaint,https://www.sec.gov/files/litigation/complaints/2023/comp25904.pdf,SEC,US,false,,2026-03-24T00:56:40Z
SEC-000521,,,litigation_release,sec_litigation_release,LR-25903,SEC Complaint,https://www.sec.gov/files/litigation/complaints/2023/comp25903.pdf,SEC,US,false,,2026-03-24T00:56:40Z
SEC-000522,,,litigation_release,sec_litigation_release,LR-25902,SEC Complaint,https://www.sec.gov/files/litigation/complaints/2023/comp25902.pdf,SEC,US,false,,2026-03-24T00:56:40Z
SEC-000523,,,litigation_release,sec_litigation_release,LR-25900,SEC Complaint,https://www.sec.gov/files/litigation/complaints/2023/comp25900.pdf,SEC,US,false,,2026-03-24T00:56:40Z
SEC-000524,,,litigation_release,sec_litigation_release,LR-25897,SEC Complaint,https://www.sec.gov/files/litigation/complaints/2023/comp-pr2023-238.pdf,SEC,US,false,,2026-03-24T00:56:40Z
SEC-000525,,,litigation_release,sec_litigation_release,LR-25896,SEC Complaint,https://www.sec.gov/files/litigation/complaints/2023/comp-pr2023-237.pdf,SEC,US,false,,2026-03-24T00:56:40Z
SEC-000526,,,litigation_release,sec_litigation_release,LR-25893,SEC Complaint,https://www.sec.gov/files/litigation/complaints/2023/comp25893.pdf,SEC,US,false,,2026-03-24T00:56:40Z
SEC-000527,,,litigation_release,sec_litigation_release,LR-25892,SEC Complaint,https://www.sec.gov/files/litigation/complaints/2023/comp25892.pdf,SEC,US,false,,2026-03-24T00:56:40Z
SEC-000528,,,litigation_release,sec_litigation_release,LR-25891,SEC Complaint,https://www.sec.gov/files/litigation/complaints/2023/comp25891.pdf,SEC,US,false,,2026-03-24T00:56:40Z
SEC-000529,,,litigation_release,sec_litigation_release,LR-25889,SEC Complaint,https://www.sec.gov/files/litigation/complaints/2023/comp-pr2023-231.pdf,SEC,US,false,,2026-03-24T00:56:40Z
SEC-000530,,,litigation_release,sec_litigation_release,LR-25888,SEC Complaint,https://www.sec.gov/files/litigation/complaints/2023/comp-pr2023-229.pdf,SEC,US,false,,2026-03-24T00:56:40Z
SEC-000531,,,litigation_release,sec_litigation_release,LR-25887,SEC Complaint,https://www.sec.gov/files/litigation/complaints/2023/comp-pr2023-227.pdf,SEC,US,false,,2026-03-24T00:56:40Z
SEC-000532,,,litigation_release,sec_litigation_release,LR-25886,SEC Complaint,https://www.sec.gov/files/litigation/complaints/2023/comp25886.pdf,SEC,US,false,,2026-03-24T00:56:40Z
SEC-000533,,,litigation_release,sec_litigation_release,LR-25885,SEC Complaint,https://www.sec.gov/files/litigation/complaints/2023/comp25885.pdf,SEC,US,false,,2026-03-24T00:56:40Z
SEC-000534,,,litigation_release,sec_litigation_release,LR-25882,SEC Complaint,https://www.sec.gov/files/litigation/complaints/2023/comp25882.pdf,SEC,US,false,,2026-03-24T00:56:40Z
SEC-000535,,,litigation_release,sec_litigation_release,LR-25879,SEC Complaint,https://www.sec.gov/files/litigation/complaints/2023/comp25879.pdf,SEC,US,false,,2026-03-24T00:56:40Z
SEC-000536,,,litigation_release,sec_litigation_release,LR-25878,SEC Complaint,https://www.sec.gov/files/litigation/complaints/2023/comp25878.pdf,SEC,US,false,,2026-03-24T00:56:40Z
SEC-000537,,,litigation_release,sec_litigation_release,LR-25876,SEC Complaint,https://www.sec.gov/files/litigation/complaints/2023/comp25876.pdf,SEC,US,false,,2026-03-24T00:56:40Z
SEC-000538,,,litigation_release,sec_litigation_release,LR-25875,SEC Complaint,https://www.sec.gov/files/litigation/complaints/2023/comp25875.pdf,SEC,US,false,,2026-03-24T00:56:40Z
SEC-000539,,,litigation_release,sec_litigation_release,LR-25874,SEC Complaint,https://www.sec.gov/files/litigation/complaints/2023/comp25874.pdf,SEC,US,false,,2026-03-24T00:56:40Z
SEC-000540,,,litigation_release,sec_litigation_release,LR-25873,SEC Complaint,https://www.sec.gov/files/litigation/complaints/2023/comp25873.pdf,SEC,US,false,,2026-03-24T00:56:40Z
SEC-000541,,,litigation_release,sec_litigation_release,LR-25872,SEC Complaint,https://www.sec.gov/files/litigation/complaints/2023/comp25872.pdf,SEC,US,false,,2026-03-24T00:56:40Z
SEC-000542,,,litigation_release,sec_litigation_release,LR-25871,SEC Complaint,https://www.sec.gov/files/litigation/complaints/2023/comp25871.pdf,SEC,US,false,,2026-03-24T00:56:40Z
SEC-000543,,,litigation_release,sec_litigation_release,LR-25870,SEC Complaint,https://www.sec.gov/files/litigation/complaints/2023/comp25870.pdf,SEC,US,false,,2026-03-24T00:56:40Z
SEC-000544,,,litigation_release,sec_litigation_release,LR-25869,SEC Complaint,https://www.sec.gov/files/litigation/complaints/2023/comp25869.pdf,SEC,US,false,,2026-03-24T00:56:40Z
SEC-000545,,,litigation_release,sec_litigation_release,LR-25868,SEC Complaint,https://www.sec.gov/files/litigation/complaints/2023/comp25868.pdf,SEC,US,false,,2026-03-24T00:56:40Z
SEC-000546,,,litigation_release,sec_litigation_release,LR-25867,SEC Complaint,https://www.sec.gov/files/litigation/complaints/2023/comp25867.pdf,SEC,US,false,,2026-03-24T00:56:40Z
SEC-000547,,,litigation_release,sec_litigation_release,LR-25866,SEC Complaint,https://www.sec.gov/files/litigation/complaints/2023/comp-pr2023-207.pdf,SEC,US,false,,2026-03-24T00:56:40Z
SEC-000548,,,litigation_release,sec_litigation_release,LR-25865,SEC Complaint,https://www.sec.gov/files/litigation/complaints/2023/comp25865.pdf,SEC,US,false,,2026-03-24T00:56:40Z
SEC-000549,,,litigation_release,sec_litigation_release,LR-25864,SEC Complaint,https://www.sec.gov/files/litigation/complaints/2023/comp25864.pdf,SEC,US,false,,2026-03-24T00:56:40Z
SEC-000550,,,litigation_release,sec_litigation_release,LR-25863,SEC Complaint,https://www.sec.gov/files/litigation/complaints/2023/comp25863.pdf,SEC,US,false,,2026-03-24T00:56:40Z
SEC-000551,,,litigation_release,sec_litigation_release,LR-25862,SEC Complaint,https://www.sec.gov/files/litigation/complaints/2023/comp-pr2023-203.pdf,SEC,US,false,,2026-03-24T00:56:40Z
SEC-000552,,,litigation_release,sec_litigation_release,LR-25861,SEC Complaint,https://www.sec.gov/files/litigation/complaints/2023/comp-pr2023-204-1.pdf,SEC,US,false,,2026-03-24T00:56:40Z
SEC-000553,,,litigation_release,sec_litigation_release,LR-25860,SEC Complaint,https://www.sec.gov/files/litigation/complaints/2023/comp-pr2023-205-1.pdf,SEC,US,false,,2026-03-24T00:56:40Z
SEC-000554,,,litigation_release,sec_litigation_release,LR-25858,SEC Complaint,https://www.sec.gov/files/litigation/complaints/2023/comp25858.pdf,SEC,US,false,,2026-03-24T00:56:40Z
SEC-000555,,,litigation_release,sec_litigation_release,LR-25856,SEC Complaint,https://www.sec.gov/files/litigation/complaints/2023/comp25856.pdf,SEC,US,false,,2026-03-24T00:56:40Z
SEC-000556,,,litigation_release,sec_litigation_release,LR-25855,SEC Complaint,https://www.sec.gov/files/litigation/complaints/2023/comp-pr2023-200-01.pdf,SEC,US,false,,2026-03-24T00:56:40Z
SEC-000557,,,litigation_release,sec_litigation_release,LR-25854,SEC Complaint,https://www.sec.gov/files/litigation/complaints/2023/comp25854.pdf,SEC,US,false,,2026-03-24T00:56:40Z
SEC-000558,,,litigation_release,sec_litigation_release,LR-25853,SEC Complaint,https://www.sec.gov/files/litigation/complaints/2023/comp25853.pdf,SEC,US,false,,2026-03-24T00:56:40Z
SEC-000559,,,litigation_release,sec_litigation_release,LR-25852,SEC Complaint,https://www.sec.gov/files/litigation/complaints/2023/comp25852.pdf,SEC,US,false,,2026-03-24T00:56:40Z
SEC-000560,,,litigation_release,sec_litigation_release,LR-25851,SEC Complaint,https://www.sec.gov/files/litigation/complaints/2023/comp25851.pdf,SEC,US,false,,2026-03-24T00:56:40Z
SEC-000561,,,litigation_release,sec_litigation_release,LR-25850,SEC Complaint,https://www.sec.gov/files/litigation/complaints/2023/comp25850.pdf,SEC,US,false,,2026-03-24T00:56:40Z
SEC-000562,,,litigation_release,sec_litigation_release,LR-25849,SEC Complaint,https://www.sec.gov/files/litigation/complaints/2023/comp25849.pdf,SEC,US,false,,2026-03-24T00:56:40Z
SEC-000563,,,litigation_release,sec_litigation_release,LR-25848,SEC Complaint,https://www.sec.gov/files/litigation/complaints/2023/comp25848.pdf,SEC,US,false,,2026-03-24T00:56:40Z
SEC-000564,,,litigation_release,sec_litigation_release,LR-25847,SEC Complaint,https://www.sec.gov/files/litigation/complaints/2023/comp25847.pdf,SEC,US,false,,2026-03-24T00:56:40Z
SEC-000565,,,litigation_release,sec_litigation_release,LR-25846,SEC Complaint,https://www.sec.gov/files/litigation/complaints/2023/comp25846.pdf,SEC,US,false,,2026-03-24T00:56:40Z
SEC-000566,,,litigation_release,sec_litigation_release,LR-25845,SEC Complaint,https://www.sec.gov/files/litigation/complaints/2023/comp25845.pdf,SEC,US,false,,2026-03-24T00:56:40Z
SEC-000567,,,litigation_release,sec_litigation_release,LR-25843,SEC Complaint,https://www.sec.gov/files/litigation/complaints/2023/comp25843.pdf,SEC,US,false,,2026-03-24T00:56:40Z
SEC-000568,,,litigation_release,sec_litigation_release,LR-25842,SEC Complaint,https://www.sec.gov/files/litigation/complaints/2023/comp25842.pdf,SEC,US,false,,2026-03-24T00:56:40Z
SEC-000569,,,litigation_release,sec_litigation_release,LR-25840,SEC Complaint,https://www.sec.gov/files/litigation/complaints/2023/comp-pr2023-190_0.pdf,SEC,US,false,,2026-03-24T00:56:40Z
SEC-000570,,,litigation_release,sec_litigation_release,LR-25839,SEC Complaint,https://www.sec.gov/files/litigation/complaints/2023/comp25839.pdf,SEC,US,false,,2026-03-24T00:56:40Z
SEC-000571,,,litigation_release,sec_litigation_release,LR-25838,SEC Complaint,https://www.sec.gov/files/litigation/complaints/2023/comp-pr2023-187.pdf,SEC,US,false,,2026-03-24T00:56:40Z
SEC-000572,,,litigation_release,sec_litigation_release,LR-25837,SEC Complaint,https://www.sec.gov/files/litigation/complaints/2023/comp-pr2023-186.pdf,SEC,US,false,,2026-03-24T00:56:40Z
SEC-000573,,,litigation_release,sec_litigation_release,LR-25836,SEC Complaint,https://www.sec.gov/files/litigation/complaints/2023/comp25836.pdf,SEC,US,false,,2026-03-24T00:56:40Z
SEC-000574,,,litigation_release,sec_litigation_release,LR-25835,SEC Complaint,https://www.sec.gov/files/litigation/complaints/2023/comp25835.pdf,SEC,US,false,,2026-03-24T00:56:40Z
SEC-000575,,,litigation_release,sec_litigation_release,LR-25834,SEC Complaint,https://www.sec.gov/files/litigation/complaints/2023/comp25834.pdf,SEC,US,false,,2026-03-24T00:56:40Z
SEC-000576,,,litigation_release,sec_litigation_release,LR-25833,SEC Complaint,https://www.sec.gov/files/litigation/complaints/2023/comp25833.pdf,SEC,US,false,,2026-03-24T00:56:40Z
SEC-000577,,,litigation_release,sec_litigation_release,LR-25832,SEC Complaint,https://www.sec.gov/files/litigation/complaints/2023/comp25832.pdf,SEC,US,false,,2026-03-24T00:56:40Z
SEC-000578,,,litigation_release,sec_litigation_release,LR-25831,SEC Complaint,https://www.sec.gov/files/litigation/complaints/2023/comp25831.pdf,SEC,US,false,,2026-03-24T00:56:40Z
SEC-000579,,,litigation_release,sec_litigation_release,LR-25830,SEC Complaint,https://www.sec.gov/files/litigation/complaints/2023/comp25830.pdf,SEC,US,false,,2026-03-24T00:56:40Z
SEC-000580,,,litigation_release,sec_litigation_release,LR-25829,SEC Complaint,https://www.sec.gov/files/litigation/complaints/2023/comp25829.pdf,SEC,US,false,,2026-03-24T00:56:40Z
SEC-000581,,,litigation_release,sec_litigation_release,LR-25828,SEC Complaint,https://www.sec.gov/files/litigation/complaints/2023/comp25828.pdf,SEC,US,false,,2026-03-24T00:56:40Z
SEC-000582,,,litigation_release,sec_litigation_release,LR-25827,SEC Complaint,https://www.sec.gov/files/litigation/complaints/2023/comp-pr2023-176.pdf,SEC,US,false,,2026-03-24T00:56:40Z
SEC-000583,,,litigation_release,sec_litigation_release,LR-25826,SEC Complaint,https://www.sec.gov/files/litigation/complaints/2023/comp25826.pdf,SEC,US,false,,2026-03-24T00:56:40Z
SEC-000584,,,litigation_release,sec_litigation_release,LR-25825,SEC Complaint,https://www.sec.gov/files/litigation/complaints/2023/comp25825.pdf,SEC,US,false,,2026-03-24T00:56:40Z
SEC-000585,,,litigation_release,sec_litigation_release,LR-25823,SEC Complaint,https://www.sec.gov/files/litigation/complaints/2023/comp25823.pdf,SEC,US,false,,2026-03-24T00:56:40Z
SEC-000586,,,litigation_release,sec_litigation_release,LR-25822,SEC Complaint,https://www.sec.gov/files/litigation/complaints/2023/comp25822.pdf,SEC,US,false,,2026-03-24T00:56:40Z
SEC-000587,,,litigation_release,sec_litigation_release,LR-25820,SEC Complaint,https://www.sec.gov/files/litigation/complaints/2023/comp25820.pdf,SEC,US,false,,2026-03-24T00:56:40Z
SEC-000588,,,litigation_release,sec_litigation_release,LR-25819,SEC Complaint,https://www.sec.gov/files/litigation/complaints/2023/comp25819.pdf,SEC,US,false,,2026-03-24T00:56:40Z
SEC-000589,,,litigation_release,sec_litigation_release,LR-26206,SEC Complaint,https://www.sec.gov/files/litigation/complaints/2024/comp26206.pdf,SEC,US,false,,2026-03-24T00:56:40Z
SEC-000590,,,litigation_release,sec_litigation_release,LR-26203,SEC Complaint,https://www.sec.gov/files/litigation/complaints/2024/comp26203.pdf,SEC,US,false,,2026-03-24T00:56:40Z
SEC-000591,,,litigation_release,sec_litigation_release,LR-26202,SEC Complaint,https://www.sec.gov/files/litigation/complaints/2024/comp-pr2024-209.pdf,SEC,US,false,,2026-03-24T00:56:40Z
SEC-000592,,,litigation_release,sec_litigation_release,LR-26201,SEC Complaint,https://www.sec.gov/files/litigation/complaints/2024/comp26201.pdf,SEC,US,false,,2026-03-24T00:56:40Z
SEC-000593,,,litigation_release,sec_litigation_release,LR-26200,SEC Complaint,https://www.sec.gov/files/litigation/complaints/2024/comp26200.pdf,SEC,US,false,,2026-03-24T00:56:40Z
SEC-000594,,,litigation_release,sec_litigation_release,LR-26198,SEC Complaint,https://www.sec.gov/files/litigation/complaints/2024/comp26198.pdf,SEC,US,false,,2026-03-24T00:56:40Z
SEC-000595,,,litigation_release,sec_litigation_release,LR-26196,SEC Complaint,https://www.sec.gov/files/litigation/complaints/2024/comp26196.pdf,SEC,US,false,,2026-03-24T00:56:40Z
SEC-000596,,,litigation_release,sec_litigation_release,LR-26195,SEC Complaint,https://www.sec.gov/files/litigation/complaints/2024/comp26195.pdf,SEC,US,false,,2026-03-24T00:56:40Z
SEC-000597,,,litigation_release,sec_litigation_release,LR-26194,SEC Complaint,https://www.sec.gov/files/litigation/complaints/2024/comp-pr2024-194.pdf,SEC,US,false,,2026-03-24T00:56:40Z
SEC-000598,,,litigation_release,sec_litigation_release,LR-26193,SEC Complaint,https://www.sec.gov/files/litigation/complaints/2024/comp26193.pdf,SEC,US,false,,2026-03-24T00:56:40Z
SEC-000599,,,litigation_release,sec_litigation_release,LR-26192,SEC Complaint,https://www.sec.gov/files/litigation/complaints/2024/comp26192.pdf,SEC,US,false,,2026-03-24T00:56:40Z
SEC-000600,,,litigation_release,sec_litigation_release,LR-26188,SEC Complaint,https://www.sec.gov/files/litigation/complaints/2024/comp26188.pdf,SEC,US,false,,2026-03-24T00:56:40Z
SEC-000601,,,litigation_release,sec_litigation_release,LR-26187,SEC Complaint,https://www.sec.gov/files/litigation/complaints/2024/comp26187.pdf,SEC,US,false,,2026-03-24T00:56:40Z
SEC-000602,,,litigation_release,sec_litigation_release,LR-26183,SEC Complaint,https://www.sec.gov/files/litigation/complaints/2024/comp-pr2024-187.pdf,SEC,US,false,,2026-03-24T00:56:40Z
SEC-000603,,,litigation_release,sec_litigation_release,LR-26182,SEC Complaint,https://www.sec.gov/files/litigation/complaints/2024/comp26182.pdf,SEC,US,false,,2026-03-24T00:56:40Z
SEC-000604,,,litigation_release,sec_litigation_release,LR-26181,SEC Complaint,https://www.sec.gov/files/litigation/complaints/2024/comp26181.pdf,SEC,US,false,,2026-03-24T00:56:40Z
SEC-000605,,,litigation_release,sec_litigation_release,LR-26178,SEC Complaint,https://www.sec.gov/files/litigation/complaints/2024/comp26178.pdf,SEC,US,false,,2026-03-24T00:56:40Z
SEC-000606,,,litigation_release,sec_litigation_release,LR-26176,SEC Complaint,https://www.sec.gov/files/litigation/complaints/2024/comp-pr2024-183.pdf,SEC,US,false,,2026-03-24T00:56:40Z
SEC-000607,,,litigation_release,sec_litigation_release,LR-26172,SEC Complaint,https://www.sec.gov/files/litigation/complaints/2024/comp26172.pdf,SEC,US,false,,2026-03-24T00:56:40Z
SEC-000608,,,litigation_release,sec_litigation_release,LR-26171,SEC Complaint,https://www.sec.gov/files/litigation/complaints/2024/comp26171.pdf,SEC,US,false,,2026-03-24T00:56:40Z
SEC-000609,,,litigation_release,sec_litigation_release,LR-26167,SEC Complaint,https://www.sec.gov/files/litigation/complaints/2024/comp26167.pdf,SEC,US,false,,2026-03-24T00:56:40Z
SEC-000610,,,litigation_release,sec_litigation_release,LR-26166,SEC Complaint,https://www.sec.gov/files/litigation/complaints/2024/comp26166.pdf,SEC,US,false,,2026-03-24T00:56:40Z
SEC-000611,,,litigation_release,sec_litigation_release,LR-26164,SEC Complaint,https://www.sec.gov/files/litigation/complaints/2024/comp26164.pdf,SEC,US,false,,2026-03-24T00:56:40Z
SEC-000612,,,litigation_release,sec_litigation_release,LR-26162,SEC Complaint,https://www.sec.gov/files/litigation/admin/2024/comp26162.pdf,SEC,US,false,,2026-03-24T00:56:40Z
SEC-000613,,,litigation_release,sec_litigation_release,LR-26161,SEC Complaint,https://www.sec.gov/files/litigation/complaints/2024/comp26161.pdf,SEC,US,false,,2026-03-24T00:56:40Z
SEC-000614,,,litigation_release,sec_litigation_release,LR-26160,SEC Complaint,https://www.sec.gov/files/litigation/complaints/2024/comp26160.pdf,SEC,US,false,,2026-03-24T00:56:40Z
SEC-000615,,,litigation_release,sec_litigation_release,LR-26159,SEC Complaint,https://www.sec.gov/files/litigation/complaints/2024/comp26159.pdf,SEC,US,false,,2026-03-24T00:56:40Z
SEC-000616,,,litigation_release,sec_litigation_release,LR-26158,SEC Complaint,https://www.sec.gov/files/litigation/complaints/2024/comp-pr2024-166-zm-quant.pdf,SEC,US,false,,2026-03-24T00:56:40Z
SEC-000617,,,litigation_release,sec_litigation_release,LR-26157,SEC Complaint,https://www.sec.gov/files/litigation/complaints/2024/comp26157.pdf,SEC,US,false,,2026-03-24T00:56:40Z
SEC-000618,,,litigation_release,sec_litigation_release,LR-26156,SEC Complaint,https://www.sec.gov/files/litigation/complaints/2024/comp-pr2024-166-gotbit.pdf,SEC,US,false,,2026-03-24T00:56:40Z
SEC-000619,,,litigation_release,sec_litigation_release,LR-26155,SEC Complaint,https://www.sec.gov/files/litigation/complaints/2024/comp-pr2024-166-saitama.pdf,SEC,US,false,,2026-03-24T00:56:40Z
SEC-000620,,,litigation_release,sec_litigation_release,LR-26154,SEC Complaint,https://www.sec.gov/files/litigation/complaints/2024/comp-pr2024-166-cls.pdf,SEC,US,false,,2026-03-24T00:56:40Z
SEC-000621,,,litigation_release,sec_litigation_release,LR-26153,SEC Complaint,https://www.sec.gov/files/litigation/complaints/2024/comp-pr2024-166-pham.pdf,SEC,US,false,,2026-03-24T00:56:40Z
SEC-000622,,,litigation_release,sec_litigation_release,LR-26152,SEC Complaint,https://www.sec.gov/files/litigation/complaints/2024/comp26152.pdf,SEC,US,false,,2026-03-24T00:56:40Z
SEC-000623,,,litigation_release,sec_litigation_release,LR-26151,SEC Complaint,https://www.sec.gov/files/litigation/complaints/2024/comp-pr2024-168.pdf,SEC,US,false,,2026-03-24T00:56:40Z
SEC-000624,,,litigation_release,sec_litigation_release,LR-26150,SEC Complaint,https://www.sec.gov/files/litigation/complaints/2024/comp-pr2024-165.pdf,SEC,US,false,,2026-03-24T00:56:40Z
SEC-000625,,,litigation_release,sec_litigation_release,LR-26149,SEC Complaint,https://www.sec.gov/files/litigation/complaints/2024/comp-pr2024-159.pdf,SEC,US,false,,2026-03-24T00:56:40Z
SEC-000626,,,litigation_release,sec_litigation_release,LR-26145,SEC Complaint,https://www.sec.gov/files/litigation/complaints/2024/comp-pr2024-161.pdf,SEC,US,false,,2026-03-24T00:56:40Z
SEC-000627,,,litigation_release,sec_litigation_release,LR-26144,SEC Complaint,https://www.sec.gov/files/litigation/complaints/2024/comp26144.pdf,SEC,US,false,,2026-03-24T00:56:40Z
SEC-000628,,,litigation_release,sec_litigation_release,LR-26143,SEC Complaint,https://www.sec.gov/files/litigation/complaints/2024/comp-pr2024-157.pdf,SEC,US,false,,2026-03-24T00:56:40Z
SEC-000629,,,litigation_release,sec_litigation_release,LR-26141,SEC Complaint,https://www.sec.gov/files/litigation/complaints/2024/comp-pr2024-153.pdf,SEC,US,false,,2026-03-24T00:56:40Z
SEC-000630,,,litigation_release,sec_litigation_release,LR-26140,SEC Complaint,https://www.sec.gov/files/litigation/complaints/2024/comp-pr2024-154.pdf,SEC,US,false,,2026-03-24T00:56:40Z
SEC-000631,,,litigation_release,sec_litigation_release,LR-26139,SEC Complaint,https://www.sec.gov/files/litigation/complaints/2024/comp26139.pdf,SEC,US,false,,2026-03-24T00:56:40Z
SEC-000632,,,litigation_release,sec_litigation_release,LR-26138,SEC Complaint,https://www.sec.gov/files/litigation/complaints/2024/comp26138.pdf,SEC,US,false,,2026-03-24T00:56:40Z
SEC-000633,,,litigation_release,sec_litigation_release,LR-26137,SEC Complaint,https://www.sec.gov/files/litigation/complaints/2024/comp26137.pdf,SEC,US,false,,2026-03-24T00:56:40Z
SEC-000634,,,litigation_release,sec_litigation_release,LR-26134,SEC Complaint,https://www.sec.gov/files/litigation/complaints/2024/comp26134.pdf,SEC,US,false,,2026-03-24T00:56:40Z
SEC-000635,,,litigation_release,sec_litigation_release,LR-26133,SEC Complaint,https://www.sec.gov/files/litigation/complaints/2024/comp26133.pdf,SEC,US,false,,2026-03-24T00:56:40Z
SEC-000636,,,litigation_release,sec_litigation_release,LR-26132,SEC Complaint,https://www.sec.gov/files/litigation/complaints/2024/comp-pr2024-151.pdf,SEC,US,false,,2026-03-24T00:56:40Z
SEC-000637,,,litigation_release,sec_litigation_release,LR-26129,SEC Complaint,https://www.sec.gov/files/litigation/complaints/2024/comp26129.pdf,SEC,US,false,,2026-03-24T00:56:40Z
SEC-000638,,,litigation_release,sec_litigation_release,LR-26127,SEC Complaint,https://www.sec.gov/files/litigation/complaints/2024/comp26127.pdf,SEC,US,false,,2026-03-24T00:56:40Z
SEC-000639,,,litigation_release,sec_litigation_release,LR-26126,SEC Complaint,https://www.sec.gov/files/litigation/complaints/2024/comp-pr2024-145.pdf,SEC,US,false,,2026-03-24T00:56:40Z
SEC-000640,,,litigation_release,sec_litigation_release,LR-26125,SEC Complaint,https://www.sec.gov/files/litigation/complaints/2024/comp-pr2024-146.pdf,SEC,US,false,,2026-03-24T00:56:40Z
SEC-000641,,,litigation_release,sec_litigation_release,LR-26124,SEC Complaint,https://www.sec.gov/files/litigation/complaints/2024/comp26124.pdf,SEC,US,false,,2026-03-24T00:56:40Z
SEC-000642,,,litigation_release,sec_litigation_release,LR-26123,SEC Complaint,https://www.sec.gov/files/litigation/complaints/2024/comp26123.pdf,SEC,US,false,,2026-03-24T00:56:40Z
SEC-000643,,,litigation_release,sec_litigation_release,LR-26122,SEC Complaint,https://www.sec.gov/files/litigation/complaints/2024/comp26122.pdf,SEC,US,false,,2026-03-24T00:56:40Z
SEC-000644,,,litigation_release,sec_litigation_release,LR-26121,SEC Complaint,https://www.sec.gov/files/litigation/complaints/2024/comp26121.pdf,SEC,US,false,,2026-03-24T00:56:40Z
SEC-000645,,,litigation_release,sec_litigation_release,LR-26119,SEC Complaint,https://www.sec.gov/files/litigation/complaints/2024/comp26119.pdf,SEC,US,false,,2026-03-24T00:56:40Z
SEC-000646,,,litigation_release,sec_litigation_release,LR-26118,SEC Complaint,https://www.sec.gov/files/litigation/complaints/2024/comp26118.pdf,SEC,US,false,,2026-03-24T00:56:40Z
SEC-000647,,,litigation_release,sec_litigation_release,LR-26117,SEC Complaint,https://www.sec.gov/files/litigation/complaints/2024/comp26117.pdf,SEC,US,false,,2026-03-24T00:56:40Z
SEC-000648,,,litigation_release,sec_litigation_release,LR-26116,SEC Complaint,https://www.sec.gov/files/litigation/complaints/2024/comp26116.pdf,SEC,US,false,,2026-03-24T00:56:40Z
SEC-000649,,,litigation_release,sec_litigation_release,LR-26114,SEC Complaint,https://www.sec.gov/files/litigation/complaints/2024/comp26114.pdf,SEC,US,false,,2026-03-24T00:56:40Z
SEC-000650,,,litigation_release,sec_litigation_release,LR-26113,SEC Complaint,https://www.sec.gov/files/litigation/complaints/comp26113.pdf,SEC,US,false,,2026-03-24T00:56:40Z
SEC-000651,,,litigation_release,sec_litigation_release,LR-26112,SEC Complaint,https://www.sec.gov/files/litigation/complaints/2024/comp-pr2024-133.pdf,SEC,US,false,,2026-03-24T00:56:40Z
SEC-000652,,,litigation_release,sec_litigation_release,LR-26111,SEC Complaint,https://www.sec.gov/files/litigation/complaints/2024/comp-pr2024-134-coinw6.pdf,SEC,US,false,,2026-03-24T00:56:40Z
SEC-000653,,,litigation_release,sec_litigation_release,LR-26110,SEC Complaint,https://www.sec.gov/files/litigation/complaints/2024/comp-pr2024-134-nanobit.pdf,SEC,US,false,,2026-03-24T00:56:40Z
SEC-000654,,,litigation_release,sec_litigation_release,LR-26109,SEC Complaint,https://www.sec.gov/files/litigation/complaints/2024/comp26109.pdf,SEC,US,false,,2026-03-24T00:56:40Z
SEC-000655,,,litigation_release,sec_litigation_release,LR-26108,SEC Complaint,https://www.sec.gov/files/litigation/complaints/2024/comp26108.pdf,SEC,US,false,,2026-03-24T00:56:40Z
SEC-000656,,,litigation_release,sec_litigation_release,LR-26456,SEC Complaint,https://www.sec.gov/files/litigation/complaints/2025/comp26456.pdf,SEC,US,false,,2026-03-24T00:56:40Z
SEC-000657,,,litigation_release,sec_litigation_release,LR-26453,SEC Complaint,https://www.sec.gov/files/litigation/complaints/2025/comp-pr2025-144.pdf,SEC,US,false,,2026-03-24T00:56:40Z
SEC-000658,,,litigation_release,sec_litigation_release,LR-26449,SEC Complaint,https://www.sec.gov/files/litigation/complaints/2025/comp26449.pdf,SEC,US,false,,2026-03-24T00:56:40Z
SEC-000659,,,litigation_release,sec_litigation_release,LR-26448,SEC Complaint,https://www.sec.gov/files/litigation/complaints/2025/comp26448.pdf,SEC,US,false,,2026-03-24T00:56:40Z
SEC-000660,,,litigation_release,sec_litigation_release,LR-26446,SEC Complaint,https://www.sec.gov/files/litigation/complaints/2025/comp26446.pdf,SEC,US,false,,2026-03-24T00:56:40Z
SEC-000661,,,litigation_release,sec_litigation_release,LR-26445,SEC Complaint,https://www.sec.gov/files/litigation/complaints/2025/comp26445.pdf,SEC,US,false,,2026-03-24T00:56:40Z
SEC-000662,,,litigation_release,sec_litigation_release,LR-26443,SEC Complaint,https://www.sec.gov/files/litigation/complaints/2025/comp26443.pdf,SEC,US,false,,2026-03-24T00:56:40Z
SEC-000663,,,litigation_release,sec_litigation_release,LR-26441,SEC Complaint,https://www.sec.gov/files/litigation/complaints/2025/comp26441.pdf,SEC,US,false,,2026-03-24T00:56:40Z
SEC-000664,,,litigation_release,sec_litigation_release,LR-26439,SEC Complaint,https://www.sec.gov/files/litigation/complaints/2025/comp26439.pdf,SEC,US,false,,2026-03-24T00:56:40Z
SEC-000665,,,litigation_release,sec_litigation_release,LR-26433,SEC Complaint,https://www.sec.gov/files/litigation/complaints/2025/comp26433.pdf,SEC,US,false,,2026-03-24T00:56:40Z
SEC-000666,,,litigation_release,sec_litigation_release,LR-26430,SEC Complaint,https://www.sec.gov/files/litigation/complaints/2025/comp26430.pdf,SEC,US,false,,2026-03-24T00:56:40Z
SEC-000667,,,litigation_release,sec_litigation_release,LR-26429,SEC Complaint,https://www.sec.gov/files/litigation/complaints/2025/comp26429.pdf,SEC,US,false,,2026-03-24T00:56:40Z
SEC-000668,,,litigation_release,sec_litigation_release,LR-26428,SEC Complaint,https://www.sec.gov/files/litigation/complaints/2025/comp26428.pdf,SEC,US,false,,2026-03-24T00:56:40Z
SEC-000669,,,litigation_release,sec_litigation_release,LR-26427,SEC Complaint,https://www.sec.gov/files/litigation/complaints/2025/comp26427.pdf,SEC,US,false,,2026-03-24T00:56:40Z
SEC-000670,,,litigation_release,sec_litigation_release,LR-26426,SEC Complaint,https://www.sec.gov/files/litigation/complaints/2025/comp26426.pdf,SEC,US,false,,2026-03-24T00:56:40Z
SEC-000671,,,litigation_release,sec_litigation_release,LR-26424,SEC Complaint,https://www.sec.gov/files/litigation/complaints/2025/comp26424.pdf,SEC,US,false,,2026-03-24T00:56:40Z
SEC-000672,,,litigation_release,sec_litigation_release,LR-26422,SEC Complaint,https://www.sec.gov/files/litigation/complaints/2025/comp26422.pdf,SEC,US,false,,2026-03-24T00:56:40Z
SEC-000673,,,litigation_release,sec_litigation_release,LR-26421,SEC Complaint,https://www.sec.gov/files/litigation/complaints/2025/comp26421.pdf,SEC,US,false,,2026-03-24T00:56:40Z
SEC-000674,,,litigation_release,sec_litigation_release,LR-26420,SEC Complaint,https://www.sec.gov/files/litigation/complaints/2025/comp26420.pdf,SEC,US,false,,2026-03-24T00:56:40Z
SEC-000675,,,litigation_release,sec_litigation_release,LR-26419,SEC Complaint,https://www.sec.gov/files/litigation/complaints/2025/comp26419.pdf,SEC,US,false,,2026-03-24T00:56:40Z
SEC-000676,,,litigation_release,sec_litigation_release,LR-26414,SEC Complaint,https://www.sec.gov/files/litigation/complaints/2025/comp26414.pdf,SEC,US,false,,2026-03-24T00:56:40Z
SEC-000677,,,litigation_release,sec_litigation_release,LR-26413,SEC Complaint,https://www.sec.gov/files/litigation/complaints/2025/comp26413.pdf,SEC,US,false,,2026-03-24T00:56:40Z
SEC-000678,,,litigation_release,sec_litigation_release,LR-26412,SEC Complaint,https://www.sec.gov/files/litigation/complaints/2025/comp26412.pdf,SEC,US,false,,2026-03-24T00:56:40Z
SEC-000679,,,litigation_release,sec_litigation_release,LR-26411,SEC Complaint,https://www.sec.gov/files/litigation/complaints/2025/comp26411.pdf,SEC,US,false,,2026-03-24T00:56:40Z
SEC-000680,,,litigation_release,sec_litigation_release,LR-26410,SEC Complaint,https://www.sec.gov/files/litigation/complaints/2025/comp26410.pdf,SEC,US,false,,2026-03-24T00:56:40Z
SEC-000681,,,litigation_release,sec_litigation_release,LR-26407,SEC Complaint,https://www.sec.gov/files/litigation/complaints/2025/comp26407.pdf,SEC,US,false,,2026-03-24T00:56:40Z
SEC-000682,,,litigation_release,sec_litigation_release,LR-26406,SEC Complaint,https://www.sec.gov/files/litigation/complaints/2025/comp26406.pdf,SEC,US,false,,2026-03-24T00:56:40Z
SEC-000683,,,litigation_release,sec_litigation_release,LR-26401,SEC Complaint,https://www.sec.gov/files/litigation/complaints/2025/comp26401.pdf,SEC,US,false,,2026-03-24T00:56:40Z
SEC-000684,,,litigation_release,sec_litigation_release,LR-26398,SEC Complaint,https://www.sec.gov/files/litigation/briefs/2025/comp26398.pdf,SEC,US,false,,2026-03-24T00:56:40Z
SEC-000685,,,litigation_release,sec_litigation_release,LR-26395,SEC Complaint,https://www.sec.gov/files/litigation/complaints/2025/comp26395.pdf,SEC,US,false,,2026-03-24T00:56:40Z
SEC-000686,,,litigation_release,sec_litigation_release,LR-26394,SEC Complaint,https://www.sec.gov/files/litigation/complaints/2025/comp26394.pdf,SEC,US,false,,2026-03-24T00:56:40Z
SEC-000687,,,litigation_release,sec_litigation_release,LR-26393,SEC Complaint,https://www.sec.gov/files/litigation/complaints/2025/comp26393.pdf,SEC,US,false,,2026-03-24T00:56:40Z
SEC-000688,,,litigation_release,sec_litigation_release,LR-26392,SEC Complaint,https://www.sec.gov/files/litigation/complaints/2025/comp26392.pdf,SEC,US,false,,2026-03-24T00:56:40Z
SEC-000689,,,litigation_release,sec_litigation_release,LR-26391,SEC Complaint,https://www.sec.gov/files/litigation/complaints/2025/comp26391.pdf,SEC,US,false,,2026-03-24T00:56:40Z
SEC-000690,,,litigation_release,sec_litigation_release,LR-26390,SEC Complaint,https://www.sec.gov/files/litigation/complaints/2025/comp26390.pdf,SEC,US,false,,2026-03-24T00:56:40Z
SEC-000691,,,litigation_release,sec_litigation_release,LR-26389,SEC Complaint,https://www.sec.gov/files/litigation/complaints/2025/comp26389.pdf,SEC,US,false,,2026-03-24T00:56:40Z
SEC-000692,,,litigation_release,sec_litigation_release,LR-26388,SEC Complaint,https://www.sec.gov/files/litigation/complaints/2025/comp26388.pdf,SEC,US,false,,2026-03-24T00:56:40Z
SEC-000693,,,litigation_release,sec_litigation_release,LR-26387,SEC Complaint,https://www.sec.gov/files/litigation/complaints/2025/comp-pr2025-111.pdf,SEC,US,false,,2026-03-24T00:56:40Z
SEC-000694,,,litigation_release,sec_litigation_release,LR-26386,SEC Complaint,https://www.sec.gov/files/litigation/complaints/2025/comp26386.pdf,SEC,US,false,,2026-03-24T00:56:40Z
SEC-000695,,,litigation_release,sec_litigation_release,LR-26384,SEC Complaint,https://www.sec.gov/files/litigation/complaints/2025/comp26384.pdf,SEC,US,false,,2026-03-24T00:56:40Z
SEC-000696,,,litigation_release,sec_litigation_release,LR-26383,SEC Complaint,https://www.sec.gov/files/litigation/complaints/2025/comp26383.pdf,SEC,US,false,,2026-03-24T00:56:40Z
SEC-000697,,,litigation_release,sec_litigation_release,LR-26382,SEC Complaint,https://www.sec.gov/files/litigation/complaints/2025/comp26382.pdf,SEC,US,false,,2026-03-24T00:56:40Z
SEC-000698,,,litigation_release,sec_litigation_release,LR-26381,SEC Complaint,https://www.sec.gov/files/litigation/complaints/2025/comp26381.pdf,SEC,US,false,,2026-03-24T00:56:40Z
SEC-000699,,,litigation_release,sec_litigation_release,LR-26380,SEC Complaint,https://www.sec.gov/files/litigation/complaints/2025/comp26380.pdf,SEC,US,false,,2026-03-24T00:56:40Z
SEC-000700,,,litigation_release,sec_litigation_release,LR-26379,SEC Complaint,https://www.sec.gov/files/litigation/complaints/2025/comp26379.pdf,SEC,US,false,,2026-03-24T00:56:40Z
SEC-000701,,,litigation_release,sec_litigation_release,LR-26378,SEC Complaint,https://www.sec.gov/files/litigation/complaints/2025/comp26378.pdf,SEC,US,false,,2026-03-24T00:56:40Z
SEC-000702,,,litigation_release,sec_litigation_release,LR-26377,SEC Complaint,https://www.sec.gov/files/litigation/complaints/2025/comp26377.pdf,SEC,US,false,,2026-03-24T00:56:40Z
SEC-000703,,,litigation_release,sec_litigation_release,LR-26376,SEC Complaint,https://www.sec.gov/files/litigation/complaints/2025/comp26376.pdf,SEC,US,false,,2026-03-24T00:56:40Z
SEC-000704,,,litigation_release,sec_litigation_release,LR-26371,SEC Complaint,https://www.sec.gov/files/litigation/complaints/2025/comp26371.pdf,SEC,US,false,,2026-03-24T00:56:40Z
SEC-000705,,,litigation_release,sec_litigation_release,LR-26370,SEC Complaint,https://www.sec.gov/files/litigation/complaints/2025/comp26370.pdf,SEC,US,false,,2026-03-24T00:56:40Z
SEC-000706,,,litigation_release,sec_litigation_release,LR-26368,SEC Complaint,https://www.sec.gov/files/litigation/complaints/2025/comp26368.pdf,SEC,US,false,,2026-03-24T00:56:40Z
SEC-000707,,,litigation_release,sec_litigation_release,LR-26366,SEC Complaint,https://www.sec.gov/files/litigation/complaints/2025/comp26366.pdf,SEC,US,false,,2026-03-24T00:56:40Z
SEC-000708,,,litigation_release,sec_litigation_release,LR-26365,SEC Complaint,https://www.sec.gov/files/litigation/complaints/2025/comp26365.pdf,SEC,US,false,,2026-03-24T00:56:40Z
SEC-000709,,,litigation_release,sec_litigation_release,LR-26363,SEC Complaint,https://www.sec.gov/files/litigation/complaints/2025/comp26363.pdf,SEC,US,false,,2026-03-24T00:56:40Z
SEC-000710,,,litigation_release,sec_litigation_release,LR-26360,SEC Complaint,https://www.sec.gov/files/litigation/complaints/2025/comp26360.pdf,SEC,US,false,,2026-03-24T00:56:40Z
SEC-000711,,,litigation_release,sec_litigation_release,LR-26359,SEC Complaint,https://www.sec.gov/files/litigation/complaints/2025/comp26359.pdf,SEC,US,false,,2026-03-24T00:56:40Z
SEC-000712,,,litigation_release,sec_litigation_release,LR-26358,SEC Complaint,https://www.sec.gov/files/litigation/complaints/2025/comp26358.pdf,SEC,US,false,,2026-03-24T00:56:40Z
SEC-000713,,,litigation_release,sec_litigation_release,LR-26501,SEC Complaint,https://www.sec.gov/files/litigation/complaints/2026/comp26501.pdf,SEC,US,false,,2026-03-24T00:56:40Z
SEC-000714,,,litigation_release,sec_litigation_release,LR-26493,SEC Complaint,https://www.sec.gov/files/litigation/complaints/2026/comp26493.pdf,SEC,US,false,,2026-03-24T00:56:40Z
SEC-000715,,,litigation_release,sec_litigation_release,LR-26490,SEC Complaint,https://www.sec.gov/files/litigation/complaints/2026/comp26490.pdf,SEC,US,false,,2026-03-24T00:56:40Z
SEC-000716,,,litigation_release,sec_litigation_release,LR-26487,SEC Complaint,https://www.sec.gov/files/litigation/complaints/2026/comp26487.pdf,SEC,US,false,,2026-03-24T00:56:40Z
SEC-000717,,,litigation_release,sec_litigation_release,LR-26486,SEC Complaint,https://www.sec.gov/files/litigation/complaints/2026/comp26486.pdf,SEC,US,false,,2026-03-24T00:56:40Z
SEC-000718,,,litigation_release,sec_litigation_release,LR-26483,SEC Complaint,https://www.sec.gov/files/litigation/complaints/2026/comp26483.pdf,SEC,US,false,,2026-03-24T00:56:40Z
SEC-000719,,,litigation_release,sec_litigation_release,LR-26479,SEC Complaint,https://www.sec.gov/files/litigation/complaints/2026/comp26479.pdf,SEC,US,false,,2026-03-24T00:56:40Z
SEC-000720,,,litigation_release,sec_litigation_release,LR-26476,SEC Complaint,https://www.sec.gov/files/litigation/complaints/2026/comp26476.pdf,SEC,US,false,,2026-03-24T00:56:40Z
SEC-000721,,,litigation_release,sec_litigation_release,LR-26475,SEC Complaint,https://www.sec.gov/files/litigation/complaints/2026/comp26475.pdf,SEC,US,false,,2026-03-24T00:56:40Z
SEC-000722,,,litigation_release,sec_litigation_release,LR-26474,SEC Complaint,https://www.sec.gov/files/litigation/complaints/2026/comp26474.pdf,SEC,US,false,,2026-03-24T00:56:40Z
SEC-000723,,,litigation_release,sec_litigation_release,LR-26472,SEC Complaint,https://www.sec.gov/files/litigation/complaints/2026/comp26472.pdf,SEC,US,false,,2026-03-24T00:56:40Z
SEC-000724,,,litigation_release,sec_litigation_release,LR-26470,SEC Complaint,https://www.sec.gov/files/litigation/complaints/2026/comp-pr2026-15.pdf,SEC,US,false,,2026-03-24T00:56:40Z
SEC-000725,,,litigation_release,sec_litigation_release,LR-26469,SEC Complaint,https://www.sec.gov/files/litigation/complaints/2026/comp26469.pdf,SEC,US,false,,2026-03-24T00:56:40Z
SEC-000726,,,litigation_release,sec_litigation_release,LR-26468,SEC Complaint,https://www.sec.gov/files/litigation/complaints/2026/comp26468.pdf,SEC,US,false,,2026-03-24T00:56:40Z
SEC-000727,,,litigation_release,sec_litigation_release,LR-26466,SEC Complaint,https://www.sec.gov/files/litigation/complaints/2026/comp26466.pdf,SEC,US,false,,2026-03-24T00:56:40Z
SEC-000728,,,litigation_release,sec_litigation_release,LR-26464,SEC Complaint,https://www.sec.gov/files/litigation/complaints/2026/comp26464.pdf,SEC,US,false,,2026-03-24T00:56:40Z
SEC-000729,,,litigation_release,sec_litigation_release,LR-26463,SEC Complaint,https://www.sec.gov/files/litigation/complaints/2026/comp26463.pdf,SEC,US,false,,2026-03-24T00:56:40Z
SEC-000730,,,litigation_release,sec_litigation_release,LR-26462,SEC Complaint,https://www.sec.gov/files/litigation/complaints/2026/comp26462.pdf,SEC,US,false,,2026-03-24T00:56:40Z
SEC-000731,,,litigation_release,sec_litigation_release,LR-26461,SEC Complaint,https://www.sec.gov/files/litigation/complaints/2026/comp26461.pdf,SEC,US,false,,2026-03-24T00:56:40Z
SEC-000732,,,litigation_release,sec_litigation_release,LR-26460,SEC Complaint,https://www.sec.gov/files/litigation/complaints/2026/comp26460.pdf,SEC,US,false,,2026-03-24T00:56:40Z
SEC-000733,,,litigation_release,sec_litigation_release,LR-26458,SEC Complaint,https://www.sec.gov/files/litigation/complaints/2026/comp26458.pdf,SEC,US,false,,2026-03-24T00:56:40Z
SEC-000734,,,litigation_release,sec_litigation_release,LR-25877,"SEC Complaint - ABFP Income Fund Parallel, LLC, et al.",https://www.sec.gov/files/litigation/complaints/2023/comp25877-abfp.pdf,SEC,US,false,,2026-03-24T00:56:40Z
SEC-000735,,,litigation_release,sec_litigation_release,LR-25857,SEC Complaint - Adam E. Levin,https://www.sec.gov/files/litigation/complaints/2023/comp25857-levin.pdf,SEC,US,false,,2026-03-24T00:56:40Z
SEC-000736,,,litigation_release,sec_litigation_release,LR-26416,SEC Complaint - Adamant Stone Limited,https://www.sec.gov/files/litigation/complaints/2025/comp26416-adamant-stone-limited.pdf,SEC,US,false,,2026-03-24T00:56:40Z
SEC-000737,,,litigation_release,sec_litigation_release,LR-24936,SEC Complaint - Baquerizo and Cardenas,https://www.sec.gov/files/litigation/complaints/2020/comp-pr2020-234-baquerizo-cardenas.pdf,SEC,US,false,,2026-03-24T00:56:40Z
SEC-000738,,,litigation_release,sec_litigation_release,LR-24992,SEC Complaint - Capsource,https://www.sec.gov/files/litigation/complaints/2020/comp24992-capsource.pdf,SEC,US,false,,2026-03-24T00:56:40Z
SEC-000739,,,litigation_release,sec_litigation_release,LR-25545,SEC Complaint - Charles Rustin Holzer,https://www.sec.gov/files/litigation/complaints/2022/comp25545-holzer.pdf,SEC,US,false,,2026-03-24T00:56:40Z
SEC-000740,,,litigation_release,sec_litigation_release,LR-26442,SEC Complaint - David P. Ortiz,https://www.sec.gov/files/litigation/complaints/2025/comp26442-dortiz.pdf,SEC,US,false,,2026-03-24T00:56:40Z
SEC-000741,,,litigation_release,sec_litigation_release,LR-26177,SEC Complaint - Gautam Adani and Sagar Adani,https://www.sec.gov/files/litigation/complaints/2024/comp-pr2024-181.pdf,SEC,US,false,,2026-03-24T00:56:40Z
SEC-000742,,,litigation_release,sec_litigation_release,LR-25507,SEC Complaint - Granite Construction Incorporated,https://www.sec.gov/files/litigation/complaints/2022/comp25507-granite.pdf,SEC,US,false,,2026-03-24T00:56:40Z
SEC-000743,,,litigation_release,sec_litigation_release,LR-25571,SEC Complaint - Jonathan Tetreault,https://www.sec.gov/files/litigation/complaints/2022/comp25571-tetreault.pdf,SEC,US,false,,2026-03-24T00:56:40Z
SEC-000744,,,litigation_release,sec_litigation_release,LR-26440,SEC Complaint - Kevin L. Jefferson,https://www.sec.gov/files/litigation/complaints/2025/comp26440-jefferson.pdf,SEC,US,false,,2026-03-24T00:56:40Z
SEC-000745,,,litigation_release,sec_litigation_release,LR-26130,SEC Complaint - Leonela M. Duarte,https://www.sec.gov/files/litigation/complaints/2024/comp26130-duarte.pdf,SEC,US,false,,2026-03-24T00:56:40Z
SEC-000746,,,litigation_release,sec_litigation_release,LR-25599,SEC Complaint - Matthew Moravec,https://www.sec.gov/files/litigation/complaints/2022/comp25599-moravec.pdf,SEC,US,false,,2026-03-24T00:56:40Z
SEC-000747,,,litigation_release,sec_litigation_release,LR-26107,SEC Complaint - Paul D. Roberts,https://www.sec.gov/files/litigation/complaints/2024/comp26107.pdf,SEC,US,false,,2026-03-24T00:56:40Z
SEC-000748,,,litigation_release,sec_litigation_release,LR-26375,"SEC Complaint - Ryan R. Wear, Water Station Management LLC, and Creative Technologies, Inc.",https://www.sec.gov/files/litigation/complaints/2025/comp-pr-2025-107-wear.pdf,SEC,US,false,,2026-03-24T00:56:40Z
SEC-000749,,,litigation_release,sec_litigation_release,LR-26135,SEC Complaint - William D. Carlton,https://www.sec.gov/files/litigation/complaints/2024/comp26135-carlton.pdf,SEC,US,false,,2026-03-24T00:56:40Z
SEC-000750,,,litigation_release,sec_litigation_release,LR-25527,SEC Complaint-Garcia,https://www.sec.gov/files/litigation/complaints/2022/comp25527-mjfunding-taxes-garcia.pdf,SEC,US,false,,2026-03-24T00:56:40Z
SEC-000751,,,litigation_release,sec_litigation_release,LR-26197,Sec Complaint,https://www.sec.gov/files/litigation/complaints/2024/comp26197.pdf,SEC,US,false,,2026-03-24T00:56:40Z
SEC-000752,,,litigation_release,sec_litigation_release,LR-26173,Sec Complaint,https://www.sec.gov/files/litigation/complaints/2024/comp26173.pdf,SEC,US,false,,2026-03-24T00:56:40Z
SEC-000753,,,litigation_release,sec_litigation_release,LR-25196,et al.,https://www.sec.gov/files/litigation/complaints/2021/comp25196.pdf,SEC,US,false,,2026-03-24T00:56:40Z
SEC-000754,,,press_release,sec_press_release,2025-123,Jon Kroeper Named Deputy Director of the Division of Trading and Markets,https://www.sec.gov/newsroom/press-releases/2025-123-jon-kroeper-named-deputy-director-division-trading-markets,SEC,US,false,"Sept. 24, 2025",2026-03-24T00:56:40Z
SEC-000755,,,press_release,sec_press_release,2025-124,"SEC Announces Agenda, Panelists for SEC-CFTC Roundtable on Regulatory Harmonization Efforts",https://www.sec.gov/newsroom/press-releases/2025-124-sec-announces-agenda-panelists-sec-cftc-roundtable-regulatory-harmonization-efforts,SEC,US,false,"Sept. 24, 2025",2026-03-24T00:56:40Z
SEC-000756,,,press_release,sec_press_release,2025-125,SEC Announces Departure of Chief Operating Officer Ken Johnson,https://www.sec.gov/newsroom/press-releases/2025-125-sec-announces-departure-chief-operating-officer-ken-johnson,SEC,US,false,"Sept. 24, 2025",2026-03-24T00:56:40Z
SEC-000757,,,press_release,sec_press_release,2025-129,SEC Announces Departure of Director of Office of the Advocate for Small Business Capital Formation Stacey Bowers,https://www.sec.gov/newsroom/press-releases/2025-129-sec-announces-departure-director-office-advocate-small-business-capital-formation-stacey-bowers,SEC,US,false,"Sept. 30, 2025",2026-03-24T00:56:40Z
SEC-000758,,,press_release,sec_press_release,2025-128,SEC Continues Efforts to Assist Market Participants During Implementation of Treasury Clearing Rules,https://www.sec.gov/newsroom/press-releases/2025-128-sec-continues-efforts-assist-market-participants-during-implementation-treasury-clearing-rules,SEC,US,false,"Sept. 30, 2025",2026-03-24T00:56:40Z
SEC-000759,,,press_release,sec_press_release,2025-127,SEC Issues Order to Reduce Operating Costs of Consolidated Audit Trail,https://www.sec.gov/newsroom/press-releases/2025-127-sec-issues-order-reduce-operating-costs-consolidated-audit-trail,SEC,US,false,"Sept. 30, 2025",2026-03-24T00:56:40Z
SEC-000760,,,press_release,sec_press_release,2025-126,SEC Seeks Public Comment to Improve Rules on Residential Mortgage-Backed Securities and Asset-Backed Securities,https://www.sec.gov/newsroom/press-releases/2025-126-sec-seeks-public-comment-improve-rules-residential-mortgage-backed-securities-asset-backed,SEC,US,false,"Sept. 26, 2025",2026-03-24T00:56:40Z
SEC-000761,,,press_release,sec_press_release,2025-122,Small Business Forum Report to Congress Highlights Recommendations to Improve Capital Raising,https://www.sec.gov/newsroom/press-releases/2025-122-small-business-forum-report-congress-highlights-recommendations-improve-capital-raising,SEC,US,false,"Sept. 22, 2025",2026-03-24T00:56:40Z
